competition,season,team_name,player_name,nation,position,age,born,matches_played,Playing Time_Starts,minutes,nineties,goals,assists,Performance_G+A,Performance_G-PK,Performance_PK,Performance_PKatt,yellow_cards,red_cards,Per 90 Minutes_Gls,Per 90 Minutes_Ast,Per 90 Minutes_G+A,Per 90 Minutes_G-PK,Per 90 Minutes_G+A-PK,90s,Performance_2CrdY,fouls_committed,fouls_drawn,Performance_Off,crosses,interceptions,tackles_won,Performance_PKwon,Performance_PKcon,Performance_OG,Standard_Gls,shots,shots_on_target,Standard_SoT%,Standard_Sh/90,Standard_SoT/90,Standard_G/Sh,Standard_G/SoT,Standard_PK,Standard_PKatt
ENG-Premier League,2425,Arsenal,Ben White,ENG,DF,26,1997,17,13,1198,13.3,0,2,2,0,0,0,2,0,0.0,0.15,0.15,0.0,0.15,13.3,0,10,5,1,17,16,15,,,0,0,9,2,22.2,0.68,0.15,0.0,0.0,0,0
ENG-Premier League,2425,Arsenal,Bukayo Saka,ENG,"FW,MF",22,2001,25,20,1729,19.2,6,10,16,5,1,1,3,0,0.31,0.52,0.83,0.26,0.78,19.2,0,15,39,7,115,3,15,,,0,6,67,23,34.3,3.49,1.2,0.07,0.22,1,1
ENG-Premier League,2425,Arsenal,David Raya,ESP,GK,28,1995,38,38,3420,38.0,0,0,0,0,0,0,3,0,0.0,0.0,0.0,0.0,0.0,38.0,0,1,10,0,0,0,0,,,0,0,0,0,,0.0,0.0,,,0,0
ENG-Premier League,2425,Arsenal,Declan Rice,ENG,MF,25,1999,35,33,2825,31.4,4,7,11,4,0,0,7,1,0.13,0.22,0.35,0.13,0.35,31.4,1,21,16,2,161,27,23,,,0,4,48,15,31.3,1.53,0.48,0.08,0.27,0,0
ENG-Premier League,2425,Arsenal,Ethan Nwaneri,ENG,"FW,MF",17,2007,26,11,895,9.9,4,2,6,4,0,0,1,0,0.4,0.2,0.6,0.4,0.6,9.9,0,10,5,6,54,3,6,,,0,4,24,9,37.5,2.41,0.91,0.17,0.44,0,0
ENG-Premier League,2425,Arsenal,Gabriel Jesus,BRA,FW,27,1997,17,6,608,6.8,3,0,3,3,0,0,4,0,0.44,0.0,0.44,0.44,0.44,6.8,0,14,10,9,6,5,6,,,0,3,20,8,40.0,2.96,1.18,0.15,0.38,0,0
ENG-Premier League,2425,Arsenal,Gabriel Magalhães,BRA,DF,26,1997,28,28,2363,26.3,3,1,4,3,0,0,4,0,0.11,0.04,0.15,0.11,0.15,26.3,0,19,19,0,9,16,15,,,0,3,22,5,22.7,0.84,0.19,0.14,0.6,0,0
ENG-Premier League,2425,Arsenal,Gabriel Martinelli,BRA,"FW,MF",23,2001,33,25,2290,25.4,8,4,12,8,0,0,1,0,0.31,0.16,0.47,0.31,0.47,25.4,0,16,21,8,90,4,15,,,0,8,56,25,44.6,2.2,0.98,0.14,0.32,0,0
ENG-Premier League,2425,Arsenal,Jakub Kiwior,POL,DF,24,2000,17,10,1122,12.5,1,0,1,1,0,0,1,0,0.08,0.0,0.08,0.08,0.08,12.5,0,10,4,1,2,6,8,,,0,1,3,1,33.3,0.24,0.08,0.33,1.0,0,0
ENG-Premier League,2425,Arsenal,Jorginho,ITA,MF,32,1991,15,9,704,7.8,0,0,0,0,0,0,5,0,0.0,0.0,0.0,0.0,0.0,7.8,0,15,17,0,1,7,4,,,0,0,2,0,0.0,0.26,0.0,0.0,,0,0
ENG-Premier League,2425,Arsenal,Jurriën Timber,NED,DF,23,2001,30,27,2417,26.9,1,3,4,1,0,0,7,0,0.04,0.11,0.15,0.04,0.15,26.9,0,30,29,7,28,24,36,,,0,1,14,4,28.6,0.52,0.15,0.07,0.25,0,0
ENG-Premier League,2425,Arsenal,Kai Havertz,GER,FW,25,1999,23,21,1875,20.8,9,3,12,9,0,0,5,0,0.43,0.14,0.58,0.43,0.58,20.8,0,38,23,14,11,5,8,,,0,9,53,21,39.6,2.54,1.01,0.17,0.43,0,0
ENG-Premier League,2425,Arsenal,Kieran Tierney,SCO,DF,27,1997,13,2,259,2.9,1,0,1,1,0,0,0,0,0.35,0.0,0.35,0.35,0.35,2.9,0,1,2,2,14,3,5,,,0,1,2,1,50.0,0.69,0.35,0.5,1.0,0,0
ENG-Premier League,2425,Arsenal,Leandro Trossard,BEL,FW,29,1994,38,28,2546,28.3,8,7,15,8,0,0,4,1,0.28,0.25,0.53,0.28,0.53,28.3,1,27,46,6,80,10,18,,,0,8,72,22,30.6,2.55,0.78,0.11,0.36,0,0
ENG-Premier League,2425,Arsenal,Martin Ødegaard,NOR,MF,25,1998,30,26,2325,25.8,3,8,11,2,1,1,4,0,0.12,0.31,0.43,0.08,0.39,25.8,0,12,23,1,86,6,8,,,0,3,49,17,34.7,1.9,0.66,0.04,0.12,1,1
ENG-Premier League,2425,Arsenal,Mikel Merino,ESP,"MF,FW",28,1996,28,17,1586,17.6,7,2,9,7,0,0,4,1,0.4,0.11,0.51,0.4,0.51,17.6,1,41,23,7,12,16,28,,,0,7,38,15,39.5,2.16,0.85,0.18,0.47,0,0
ENG-Premier League,2425,Arsenal,Myles Lewis-Skelly,ENG,DF,17,2006,23,15,1369,15.2,1,0,1,1,0,0,3,2,0.07,0.0,0.07,0.07,0.07,15.2,0,11,47,0,10,7,13,,,0,1,3,1,33.3,0.2,0.07,0.33,1.0,0,0
ENG-Premier League,2425,Arsenal,Nathan Butler-Oyedeji,ENG,FW,21,2003,1,0,7,0.1,0,0,0,0,0,0,0,0,0.0,0.0,0.0,0.0,0.0,0.1,0,0,0,0,0,0,0,,,0,0,1,1,100.0,12.86,12.86,0.0,0.0,0,0
ENG-Premier League,2425,Arsenal,Oleksandr Zinchenko,UKR,"DF,MF",27,1996,15,5,527,5.9,0,1,1,0,0,0,1,0,0.0,0.17,0.17,0.0,0.17,5.9,0,8,3,1,13,5,0,,,0,0,10,0,0.0,1.71,0.0,0.0,,0,0
ENG-Premier League,2425,Arsenal,Raheem Sterling,ENG,"FW,MF",29,1994,17,7,499,5.5,0,2,2,0,0,0,1,0,0.0,0.36,0.36,0.0,0.36,5.5,0,12,8,4,16,1,4,,,0,0,11,0,0.0,1.98,0.0,0.0,,0,0
ENG-Premier League,2425,Arsenal,Reiss Nelson,ENG,"FW,MF",24,1999,1,0,3,0.0,0,0,0,0,0,0,0,0,0.0,0.0,0.0,0.0,0.0,0.0,0,1,1,0,0,0,1,,,0,0,0,0,,0.0,0.0,,,0,0
ENG-Premier League,2425,Arsenal,Riccardo Calafiori,ITA,DF,22,2002,19,11,983,10.9,2,1,3,2,0,0,4,0,0.18,0.09,0.27,0.18,0.27,10.9,0,15,6,3,11,8,18,,,0,2,10,6,60.0,0.92,0.55,0.2,0.33,0,0
ENG-Premier League,2425,Arsenal,Takehiro Tomiyasu,JPN,DF,25,1998,1,0,7,0.1,0,0,0,0,0,0,0,0,0.0,0.0,0.0,0.0,0.0,0.1,0,0,0,0,0,0,0,,,0,0,1,0,0.0,12.86,0.0,0.0,,0,0
ENG-Premier League,2425,Arsenal,Thomas Partey,GHA,"MF,DF",31,1993,35,31,2797,31.1,4,2,6,4,0,0,4,0,0.13,0.06,0.19,0.13,0.19,31.1,0,44,31,1,12,35,53,,,0,4,26,9,34.6,0.84,0.29,0.15,0.44,0,0
ENG-Premier League,2425,Arsenal,William Saliba,FRA,DF,23,2001,35,35,3039,33.8,2,0,2,2,0,0,2,1,0.06,0.0,0.06,0.06,0.06,33.8,0,28,17,1,3,22,34,,,0,2,6,3,50.0,0.18,0.09,0.33,0.67,0,0
ENG-Premier League,2425,Aston Villa,Amadou Onana,BEL,MF,22,2001,26,20,1617,18.0,3,0,3,3,0,0,4,0,0.17,0.0,0.17,0.17,0.17,18.0,0,32,30,0,2,26,29,,,0,3,17,6,35.3,0.95,0.33,0.18,0.5,0,0
ENG-Premier League,2425,Aston Villa,Andrés García,ESP,"DF,MF",21,2003,7,5,318,3.5,0,0,0,0,0,0,0,0,0.0,0.0,0.0,0.0,0.0,3.5,0,1,0,0,18,2,5,,,0,0,2,0,0.0,0.57,0.0,0.0,,0,0
ENG-Premier League,2425,Aston Villa,Axel Disasi,FRA,DF,26,1998,7,5,490,5.4,0,0,0,0,0,0,2,0,0.0,0.0,0.0,0.0,0.0,5.4,0,3,2,2,1,4,5,,,0,0,2,0,0.0,0.37,0.0,0.0,,0,0
ENG-Premier League,2425,Aston Villa,Boubacar Kamara,FRA,"MF,DF",24,1999,26,20,1726,19.2,1,0,1,1,0,0,2,0,0.05,0.0,0.05,0.05,0.05,19.2,0,29,35,0,1,16,23,,,0,1,10,3,30.0,0.52,0.16,0.1,0.33,0,0
ENG-Premier League,2425,Aston Villa,Diego Carlos,BRA,DF,31,1993,10,8,830,9.2,0,0,0,0,0,0,1,0,0.0,0.0,0.0,0.0,0.0,9.2,0,11,1,1,0,5,2,,,0,0,4,1,25.0,0.43,0.11,0.0,0.0,0,0
ENG-Premier League,2425,Aston Villa,Donyell Malen,NED,MF,25,1999,14,2,305,3.4,3,0,3,3,0,0,0,0,0.89,0.0,0.89,0.89,0.89,3.4,0,1,5,2,8,0,4,,,0,3,15,9,60.0,4.43,2.66,0.2,0.33,0,0
ENG-Premier League,2425,Aston Villa,Emi Buendía,ARG,"FW,MF",27,1996,12,0,98,1.1,0,0,0,0,0,0,1,0,0.0,0.0,0.0,0.0,0.0,1.1,0,4,6,0,0,0,5,,,0,0,5,0,0.0,4.59,0.0,0.0,,0,0
ENG-Premier League,2425,Aston Villa,Emiliano Martínez,ARG,GK,31,1992,37,37,3194,35.5,0,0,0,0,0,0,5,1,0.0,0.0,0.0,0.0,0.0,35.5,0,2,5,0,0,0,3,,,0,0,0,0,,0.0,0.0,,,0,0
ENG-Premier League,2425,Aston Villa,Ezri Konsa,ENG,DF,26,1997,34,33,2936,32.6,2,0,2,2,0,0,1,0,0.06,0.0,0.06,0.06,0.06,32.6,0,9,47,1,5,24,20,,,0,2,11,5,45.5,0.34,0.15,0.18,0.4,0,0
ENG-Premier League,2425,Aston Villa,Ian Maatsen,NED,DF,22,2002,29,10,1139,12.7,1,2,3,1,0,0,2,0,0.08,0.16,0.24,0.08,0.24,12.7,0,11,9,3,51,18,18,,,0,1,19,5,26.3,1.5,0.4,0.05,0.2,0,0
ENG-Premier League,2425,Aston Villa,Jacob Ramsey,ENG,MF,23,2001,29,19,1623,18.0,1,3,4,1,0,0,4,1,0.06,0.17,0.22,0.06,0.22,18.0,1,13,28,5,11,8,15,,,0,1,19,4,21.1,1.05,0.22,0.05,0.25,0,0
ENG-Premier League,2425,Aston Villa,Jaden Philogene Bidace,ENG,MF,22,2002,11,2,332,3.7,0,0,0,0,0,0,4,1,0.0,0.0,0.0,0.0,0.0,3.7,1,13,8,1,4,3,5,,,0,0,7,0,0.0,1.9,0.0,0.0,,0,0
ENG-Premier League,2425,Aston Villa,John McGinn,SCO,MF,29,1994,34,27,2223,24.7,1,4,5,1,0,0,7,0,0.04,0.16,0.2,0.04,0.2,24.7,0,43,69,3,60,11,23,,,0,1,31,5,16.1,1.26,0.2,0.03,0.2,0,0
ENG-Premier League,2425,Aston Villa,Jáder Durán,COL,FW,20,2003,20,4,638,7.1,7,0,7,7,0,0,3,1,0.99,0.0,0.99,0.99,0.99,7.1,0,14,15,5,3,0,7,,,0,7,31,15,48.4,4.37,2.12,0.23,0.47,0,0
ENG-Premier League,2425,Aston Villa,Kosta Nedeljković,SRB,DF,18,2005,5,0,126,1.4,0,0,0,0,0,0,0,0,0.0,0.0,0.0,0.0,0.0,1.4,0,0,1,0,1,1,4,,,0,0,0,0,,0.0,0.0,,,0,0
ENG-Premier League,2425,Aston Villa,Lamare Bogarde,NED,"DF,MF",20,2004,8,5,476,5.3,0,0,0,0,0,0,2,0,0.0,0.0,0.0,0.0,0.0,5.3,0,8,11,0,0,1,6,,,0,0,1,1,100.0,0.19,0.19,0.0,0.0,0,0
ENG-Premier League,2425,Aston Villa,Leon Bailey,JAM,MF,26,1997,24,14,1139,12.7,1,2,3,1,0,0,3,0,0.08,0.16,0.24,0.08,0.24,12.7,0,12,18,3,34,4,4,,,0,1,28,6,21.4,2.21,0.47,0.04,0.17,0,0
ENG-Premier League,2425,Aston Villa,Lucas Digne,FRA,DF,31,1993,32,28,2351,26.1,0,4,4,0,0,0,4,0,0.0,0.15,0.15,0.0,0.15,26.1,0,21,16,7,140,22,36,,,0,0,13,3,23.1,0.5,0.11,0.0,0.0,0,0
ENG-Premier League,2425,Aston Villa,Marco Asensio,ESP,MF,28,1996,13,9,743,8.3,3,1,4,3,0,2,2,0,0.36,0.12,0.48,0.36,0.48,8.3,0,11,8,2,38,2,5,,,0,3,24,11,45.8,2.91,1.33,0.13,0.27,0,2
ENG-Premier League,2425,Aston Villa,Marcus Rashford,ENG,"FW,MF",26,1997,10,4,444,4.9,2,2,4,1,1,1,0,0,0.41,0.41,0.81,0.2,0.61,4.9,0,1,3,1,28,1,7,,,0,2,19,7,36.8,3.85,1.42,0.05,0.14,1,1
ENG-Premier League,2425,Aston Villa,Matty Cash,POL,DF,26,1997,27,24,2070,23.0,1,1,2,1,0,0,7,0,0.04,0.04,0.09,0.04,0.09,23.0,0,27,20,1,40,22,31,,,0,1,13,6,46.2,0.57,0.26,0.08,0.17,0,0
ENG-Premier League,2425,Aston Villa,Morgan Rogers,ENG,MF,22,2002,37,37,3114,34.6,8,10,18,8,0,0,10,0,0.23,0.29,0.52,0.23,0.52,34.6,0,49,51,2,28,6,22,,,0,8,55,20,36.4,1.59,0.58,0.15,0.4,0,0
ENG-Premier League,2425,Aston Villa,Ollie Watkins,ENG,FW,28,1995,38,31,2598,28.9,16,8,24,14,2,2,2,0,0.55,0.28,0.83,0.48,0.76,28.9,0,29,33,16,7,7,7,,,0,16,84,40,47.6,2.91,1.39,0.17,0.35,2,2
ENG-Premier League,2425,Aston Villa,Pau Torres,ESP,DF,27,1997,24,23,2020,22.4,0,0,0,0,0,0,2,0,0.0,0.0,0.0,0.0,0.0,22.4,0,8,7,0,4,9,15,,,0,0,8,3,37.5,0.36,0.13,0.0,0.0,0,0
ENG-Premier League,2425,Aston Villa,Robin Olsen,SWE,GK,34,1990,4,1,226,2.5,0,0,0,0,0,0,0,0,0.0,0.0,0.0,0.0,0.0,2.5,0,0,0,0,0,0,0,,,0,0,0,0,,0.0,0.0,,,0,0
ENG-Premier League,2425,Aston Villa,Ross Barkley,ENG,MF,30,1993,20,3,581,6.5,3,1,4,3,0,0,3,0,0.46,0.15,0.62,0.46,0.62,6.5,0,8,3,0,1,10,4,,,0,3,16,6,37.5,2.48,0.93,0.19,0.5,0,0
ENG-Premier League,2425,Aston Villa,Tyrone Mings,ENG,DF,31,1993,14,12,1120,12.4,0,0,0,0,0,0,1,0,0.0,0.0,0.0,0.0,0.0,12.4,0,4,11,0,1,7,6,,,0,0,9,1,11.1,0.72,0.08,0.0,0.0,0,0
ENG-Premier League,2425,Aston Villa,Youri Tielemans,BEL,MF,27,1997,36,35,3026,33.6,3,7,10,3,0,1,4,0,0.09,0.21,0.3,0.09,0.3,33.6,0,41,56,0,118,22,58,,,0,3,41,13,31.7,1.22,0.39,0.07,0.23,0,1
ENG-Premier League,2425,Bournemouth,Adam Smith,ENG,DF,33,1991,25,19,1590,17.7,0,0,0,0,0,0,7,0,0.0,0.0,0.0,0.0,0.0,17.7,0,19,12,0,33,15,14,,,0,0,3,0,0.0,0.17,0.0,0.0,,0,0
ENG-Premier League,2425,Bournemouth,Alex Scott,ENG,MF,20,2003,20,8,755,8.4,0,0,0,0,0,0,3,0,0.0,0.0,0.0,0.0,0.0,8.4,0,17,26,0,7,9,13,,,0,0,15,7,46.7,1.79,0.83,0.0,0.0,0,0
ENG-Premier League,2425,Bournemouth,Antoine Semenyo,GHA,MF,24,2000,37,36,3203,35.6,11,5,16,11,0,0,9,0,0.31,0.14,0.45,0.31,0.45,35.6,0,72,37,14,58,9,36,,,0,11,126,41,32.5,3.54,1.15,0.09,0.27,0,0
ENG-Premier League,2425,Bournemouth,Ben Winterburn,ENG,MF,19,2004,4,0,24,0.3,0,0,0,0,0,0,0,0,0.0,0.0,0.0,0.0,0.0,0.3,0,0,1,0,0,2,0,,,0,0,0,0,,0.0,0.0,,,0,0
ENG-Premier League,2425,Bournemouth,Dango Ouattara,BFA,"MF,FW",22,2002,32,21,2005,22.3,7,4,11,7,0,0,3,0,0.31,0.18,0.49,0.31,0.49,22.3,0,16,19,13,88,11,26,,,0,7,62,20,32.3,2.78,0.9,0.11,0.35,0,0
ENG-Premier League,2425,Bournemouth,Daniel Jebbison,CAN,FW,20,2003,16,0,119,1.3,1,0,1,1,0,0,1,0,0.76,0.0,0.76,0.76,0.76,1.3,0,2,4,0,3,1,3,,,0,1,5,2,40.0,3.78,1.51,0.2,0.5,0,0
ENG-Premier League,2425,Bournemouth,David Brooks,WAL,MF,27,1997,29,9,960,10.7,2,0,2,2,0,0,3,0,0.19,0.0,0.19,0.19,0.19,10.7,0,11,18,0,51,5,6,,,0,2,25,12,48.0,2.34,1.13,0.08,0.17,0,0
ENG-Premier League,2425,Bournemouth,Dean Huijsen,ESP,DF,19,2005,32,26,2427,27.0,3,2,5,3,0,0,10,0,0.11,0.07,0.19,0.11,0.19,27.0,0,31,10,2,13,48,27,,,0,3,18,4,22.2,0.67,0.15,0.17,0.75,0,0
ENG-Premier League,2425,Bournemouth,Enes Ünal,TUR,FW,27,1997,17,2,345,3.8,2,1,3,2,0,0,2,0,0.52,0.26,0.78,0.52,0.78,3.8,0,6,9,2,4,0,0,,,0,2,19,7,36.8,4.96,1.83,0.11,0.29,0,0
ENG-Premier League,2425,Bournemouth,Evanilson,BRA,FW,24,1999,31,28,2319,25.8,10,1,11,10,0,1,1,1,0.39,0.04,0.43,0.39,0.43,25.8,0,37,53,20,1,2,9,,,0,10,73,32,43.8,2.83,1.24,0.14,0.31,0,1
ENG-Premier League,2425,Bournemouth,Illia Zabarnyi,UKR,DF,21,2002,36,35,3109,34.5,0,1,1,0,0,0,4,1,0.0,0.03,0.03,0.0,0.03,34.5,0,20,7,0,6,39,35,,,0,0,12,1,8.3,0.35,0.03,0.0,0.0,0,0
ENG-Premier League,2425,Bournemouth,James Hill,ENG,DF,22,2002,10,6,448,5.0,0,1,1,0,0,0,1,0,0.0,0.2,0.2,0.0,0.2,5.0,0,7,5,0,10,7,8,,,0,0,6,0,0.0,1.21,0.0,0.0,,0,0
ENG-Premier League,2425,Bournemouth,Julian Araujo,MEX,DF,22,2001,12,7,497,5.5,0,0,0,0,0,0,2,0,0.0,0.0,0.0,0.0,0.0,5.5,0,7,2,1,9,5,5,,,0,0,0,0,,0.0,0.0,,,0,0
ENG-Premier League,2425,Bournemouth,Julio Soler,ARG,DF,19,2005,3,0,11,0.1,0,0,0,0,0,0,0,0,0.0,0.0,0.0,0.0,0.0,0.1,0,0,1,0,1,0,1,,,0,0,0,0,,0.0,0.0,,,0,0
ENG-Premier League,2425,Bournemouth,Justin Kluivert,NED,MF,25,1999,34,29,2340,26.0,12,6,18,6,6,6,8,0,0.46,0.23,0.69,0.23,0.46,26.0,0,46,33,6,86,13,9,,,0,12,63,29,46.0,2.42,1.12,0.1,0.21,6,6
ENG-Premier League,2425,Bournemouth,Kepa Arrizabalaga,ESP,GK,29,1994,31,31,2790,31.0,0,0,0,0,0,0,3,0,0.0,0.0,0.0,0.0,0.0,31.0,0,2,6,0,0,0,0,,,0,0,1,0,0.0,0.03,0.0,0.0,,0,0
ENG-Premier League,2425,Bournemouth,Lewis Cook,ENG,"MF,DF",27,1997,36,32,2978,33.1,1,3,4,1,0,0,8,1,0.03,0.09,0.12,0.03,0.12,33.1,0,48,10,3,132,45,42,,,0,1,14,4,28.6,0.42,0.12,0.07,0.25,0,0
ENG-Premier League,2425,Bournemouth,Luis Sinisterra,COL,MF,25,1999,12,1,236,2.6,1,1,2,1,0,0,0,0,0.38,0.38,0.76,0.38,0.76,2.6,0,4,2,1,7,1,1,,,0,1,13,6,46.2,4.96,2.29,0.08,0.17,0,0
ENG-Premier League,2425,Bournemouth,Marcos Senesi,ARG,DF,27,1997,17,13,1106,12.3,0,0,0,0,0,0,5,0,0.0,0.0,0.0,0.0,0.0,12.3,0,22,8,1,11,14,19,,,0,0,2,0,0.0,0.16,0.0,0.0,,0,0
ENG-Premier League,2425,Bournemouth,Marcus Tavernier,ENG,MF,25,1999,29,20,1939,21.5,3,5,8,3,0,0,6,0,0.14,0.23,0.37,0.14,0.37,21.5,0,34,28,4,108,4,22,,,0,3,57,17,29.8,2.65,0.79,0.05,0.18,0,0
ENG-Premier League,2425,Bournemouth,Mark Travers,IRL,GK,25,1999,5,5,450,5.0,0,0,0,0,0,0,0,0,0.0,0.0,0.0,0.0,0.0,5.0,0,0,1,0,0,0,0,,,0,0,0,0,,0.0,0.0,,,0,0
ENG-Premier League,2425,Bournemouth,Max Aarons,ENG,DF,24,2000,3,1,86,1.0,0,0,0,0,0,0,0,0,0.0,0.0,0.0,0.0,0.0,1.0,0,0,2,0,2,1,2,,,0,0,0,0,,0.0,0.0,,,0,0
ENG-Premier League,2425,Bournemouth,Milos Kerkez,HUN,DF,20,2003,38,38,3336,37.1,2,5,7,2,0,0,4,0,0.05,0.13,0.19,0.05,0.19,37.1,0,30,50,3,141,41,26,,,0,2,19,5,26.3,0.51,0.13,0.11,0.4,0,0
ENG-Premier League,2425,Bournemouth,Neto,BRA,GK,35,1989,2,2,180,2.0,0,0,0,0,0,0,0,0,0.0,0.0,0.0,0.0,0.0,2.0,0,0,2,0,0,0,0,,,0,0,0,0,,0.0,0.0,,,0,0
ENG-Premier League,2425,Bournemouth,Philip Billing,DEN,MF,28,1996,10,1,184,2.0,0,0,0,0,0,0,1,0,0.0,0.0,0.0,0.0,0.0,2.0,0,3,2,0,10,5,6,,,0,0,5,1,20.0,2.45,0.49,0.0,0.0,0,0
ENG-Premier League,2425,Bournemouth,Remy Rees-Dottin,ENG,FW,18,2006,1,0,1,0.0,0,0,0,0,0,0,0,0,0.0,0.0,0.0,0.0,0.0,0.0,0,0,0,0,0,0,0,,,0,0,0,0,,0.0,0.0,,,0,0
ENG-Premier League,2425,Bournemouth,Ryan Christie,SCO,MF,29,1995,29,27,2117,23.5,2,3,5,2,0,0,9,0,0.09,0.13,0.21,0.09,0.21,23.5,0,42,31,1,47,30,33,,,0,2,33,12,36.4,1.4,0.51,0.06,0.17,0,0
ENG-Premier League,2425,Bournemouth,Tyler Adams,USA,MF,25,1999,28,21,1965,21.8,0,3,3,0,0,0,7,0,0.0,0.14,0.14,0.0,0.14,21.8,0,46,21,0,2,30,56,,,0,0,9,2,22.2,0.41,0.09,0.0,0.0,0,0
ENG-Premier League,2425,Bournemouth,Zain Silcott-Duberry,MSR,MF,19,2005,1,0,1,0.0,0,0,0,0,0,0,0,0,0.0,0.0,0.0,0.0,0.0,0.0,0,0,0,0,0,0,1,,,0,0,0,0,,0.0,0.0,,,0,0
ENG-Premier League,2425,Brentford,Ben Mee,ENG,DF,34,1989,7,2,183,2.0,0,0,0,0,0,0,2,0,0.0,0.0,0.0,0.0,0.0,2.0,0,5,0,0,0,4,2,,,0,0,0,0,,0.0,0.0,,,0,0
ENG-Premier League,2425,Brentford,Bryan Mbeumo,CMR,"MF,FW",24,1999,38,38,3414,37.9,20,7,27,15,5,6,3,0,0.53,0.18,0.71,0.4,0.58,37.9,0,25,44,11,200,11,30,,,0,20,85,41,48.2,2.24,1.08,0.18,0.37,5,6
ENG-Premier League,2425,Brentford,Christian Nørgaard,DEN,MF,30,1994,34,34,2819,31.3,5,4,9,5,0,0,8,1,0.16,0.13,0.29,0.16,0.29,31.3,0,44,28,1,18,46,47,,,0,5,39,16,41.0,1.25,0.51,0.13,0.31,0,0
ENG-Premier League,2425,Brentford,Edmond-Paris Maghoma,ENG,MF,23,2001,8,0,119,1.3,0,0,0,0,0,0,0,0,0.0,0.0,0.0,0.0,0.0,1.3,0,2,4,0,3,1,1,,,0,0,1,0,0.0,0.76,0.0,0.0,,0,0
ENG-Premier League,2425,Brentford,Ethan Pinnock,JAM,DF,31,1993,22,21,1913,21.3,2,0,2,2,0,0,2,0,0.09,0.0,0.09,0.09,0.09,21.3,0,8,4,0,9,23,15,,,1,2,10,6,60.0,0.47,0.28,0.2,0.33,0,0
ENG-Premier League,2425,Brentford,Fabio Carvalho,POR,"FW,MF",21,2002,19,3,455,5.1,2,1,3,2,0,0,1,0,0.4,0.2,0.59,0.4,0.59,5.1,0,5,10,1,10,3,9,,,0,2,12,6,50.0,2.37,1.19,0.17,0.33,0,0
ENG-Premier League,2425,Brentford,Frank Onyeka,NGA,MF,26,1998,2,0,25,0.3,0,0,0,0,0,0,0,0,0.0,0.0,0.0,0.0,0.0,0.3,0,2,0,0,0,0,0,,,0,0,0,0,,0.0,0.0,,,0,0
ENG-Premier League,2425,Brentford,Gustavo Nunes,BRA,MF,18,2005,3,0,12,0.1,0,0,0,0,0,0,0,0,0.0,0.0,0.0,0.0,0.0,0.1,0,0,0,0,0,0,2,,,0,0,0,0,,0.0,0.0,,,0,0
ENG-Premier League,2425,Brentford,Hákon Valdimarsson,ISL,GK,22,2001,2,1,145,1.6,0,0,0,0,0,0,0,0,0.0,0.0,0.0,0.0,0.0,1.6,0,0,0,0,0,0,0,,,0,0,0,0,,0.0,0.0,,,0,0
ENG-Premier League,2425,Brentford,Igor Thiago,BRA,FW,23,2001,8,1,175,1.9,0,0,0,0,0,0,0,0,0.0,0.0,0.0,0.0,0.0,1.9,0,3,3,1,2,1,3,,,0,0,2,0,0.0,1.03,0.0,0.0,,0,0
ENG-Premier League,2425,Brentford,Jayden Meghoma,ENG,DF,18,2006,1,0,5,0.1,0,0,0,0,0,0,0,0,0.0,0.0,0.0,0.0,0.0,0.1,0,0,0,0,0,0,0,,,0,0,0,0,,0.0,0.0,,,0,0
ENG-Premier League,2425,Brentford,Keane Lewis-Potter,ENG,"DF,MF",23,2001,38,36,3093,34.4,1,3,4,1,0,0,7,0,0.03,0.09,0.12,0.03,0.12,34.4,0,18,31,4,75,20,27,,,0,1,28,14,50.0,0.81,0.41,0.04,0.07,0,0
ENG-Premier League,2425,Brentford,Kevin Schade,GER,"MF,FW",22,2001,38,26,2293,25.5,11,2,13,11,0,0,3,0,0.43,0.08,0.51,0.43,0.51,25.5,0,21,38,13,39,5,26,,,0,11,55,27,49.1,2.16,1.06,0.2,0.41,0,0
ENG-Premier League,2425,Brentford,Kim Jisoo,KOR,DF,19,2004,3,0,30,0.3,0,0,0,0,0,0,0,0,0.0,0.0,0.0,0.0,0.0,0.3,0,1,0,0,0,0,0,,,0,0,0,0,,0.0,0.0,,,0,0
ENG-Premier League,2425,Brentford,Kristoffer Ajer,NOR,DF,26,1998,24,17,1438,16.0,0,0,0,0,0,0,5,0,0.0,0.0,0.0,0.0,0.0,16.0,0,13,6,2,14,11,19,,,0,0,9,3,33.3,0.56,0.19,0.0,0.0,0,0
ENG-Premier League,2425,Brentford,Mads Roerslev,DEN,DF,25,1999,19,11,1101,12.2,0,2,2,0,0,0,2,0,0.0,0.16,0.16,0.0,0.16,12.2,0,6,10,0,30,4,8,,,0,0,5,2,40.0,0.41,0.16,0.0,0.0,0,0
ENG-Premier League,2425,Brentford,Mark Flekken,NED,GK,31,1993,37,37,3275,36.4,0,2,2,0,0,0,1,0,0.0,0.05,0.05,0.0,0.05,36.4,0,0,3,0,0,0,4,,,0,0,0,0,,0.0,0.0,,,0,0
ENG-Premier League,2425,Brentford,Mathias Jensen,DEN,MF,28,1996,24,8,862,9.6,0,2,2,0,0,0,2,0,0.0,0.21,0.21,0.0,0.21,9.6,0,7,10,0,33,7,9,,,0,0,6,1,16.7,0.63,0.1,0.0,0.0,0,0
ENG-Premier League,2425,Brentford,Michael Kayode,ITA,DF,20,2004,12,6,528,5.9,0,1,1,0,0,0,2,0,0.0,0.17,0.17,0.0,0.17,5.9,0,8,3,0,10,7,11,,,0,0,2,0,0.0,0.34,0.0,0.0,,0,0
ENG-Premier League,2425,Brentford,Mikkel Damsgaard,DEN,MF,24,2000,38,34,2911,32.3,2,10,12,2,0,0,2,0,0.06,0.31,0.37,0.06,0.37,32.3,0,18,27,6,147,29,44,,,0,2,35,7,20.0,1.08,0.22,0.06,0.29,0,0
ENG-Premier League,2425,Brentford,Nathan Collins,IRL,DF,23,2001,38,38,3420,38.0,2,3,5,2,0,0,5,0,0.05,0.08,0.13,0.05,0.13,38.0,0,28,31,6,8,34,24,,,0,2,17,6,35.3,0.45,0.16,0.12,0.33,0,0
ENG-Premier League,2425,Brentford,Rico Henry,JAM,"DF,MF",27,1997,5,0,99,1.1,0,0,0,0,0,0,0,0,0.0,0.0,0.0,0.0,0.0,1.1,0,2,2,0,2,1,2,,,0,0,0,0,,0.0,0.0,,,0,0
ENG-Premier League,2425,Brentford,Ryan Trevitt,ENG,MF,21,2003,1,0,4,0.0,0,0,0,0,0,0,0,0,0.0,0.0,0.0,0.0,0.0,0.0,0,0,0,0,0,0,1,,,0,0,0,0,,0.0,0.0,,,0,0
ENG-Premier League,2425,Brentford,Sepp van den Berg,NED,DF,22,2001,31,29,2586,28.7,0,0,0,0,0,0,3,0,0.0,0.0,0.0,0.0,0.0,28.7,0,23,5,1,7,22,24,,,0,0,20,6,30.0,0.7,0.21,0.0,0.0,0,0
ENG-Premier League,2425,Brentford,Vitaly Janelt,GER,MF,26,1998,32,27,2254,25.0,1,3,4,1,0,0,3,0,0.04,0.12,0.16,0.04,0.16,25.0,0,25,15,1,31,27,24,,,2,1,14,4,28.6,0.56,0.16,0.07,0.25,0,0
ENG-Premier League,2425,Brentford,Yehor Yarmoliuk,UKR,MF,20,2004,31,15,1450,16.1,0,0,0,0,0,0,6,0,0.0,0.0,0.0,0.0,0.0,16.1,0,19,13,2,16,13,30,,,0,0,9,2,22.2,0.56,0.12,0.0,0.0,0,0
ENG-Premier League,2425,Brentford,Yoane Wissa,COD,FW,27,1996,35,34,2919,32.4,19,4,23,19,0,0,5,0,0.59,0.12,0.71,0.59,0.71,32.4,0,33,51,14,19,8,13,,,0,19,90,43,47.8,2.77,1.33,0.21,0.44,0,0
ENG-Premier League,2425,Brentford,Yunus Emre Konak,TUR,MF,18,2006,10,0,42,0.5,0,0,0,0,0,0,0,0,0.0,0.0,0.0,0.0,0.0,0.5,0,3,1,0,0,0,2,,,0,0,1,0,0.0,2.14,0.0,0.0,,0,0
ENG-Premier League,2425,Brighton,Adam Webster,ENG,DF,29,1995,14,11,887,9.9,0,0,0,0,0,0,1,0,0.0,0.0,0.0,0.0,0.0,9.9,0,7,2,1,2,20,7,,,0,0,5,1,20.0,0.51,0.1,0.0,0.0,0,0
ENG-Premier League,2425,Brighton,Bart Verbruggen,NED,GK,21,2002,36,36,3240,36.0,0,1,1,0,0,0,5,0,0.0,0.03,0.03,0.0,0.03,36.0,0,0,2,0,0,0,0,,,0,0,0,0,,0.0,0.0,,,0,0
ENG-Premier League,2425,Brighton,Billy Gilmour,SCO,MF,23,2001,2,1,98,1.1,0,0,0,0,0,0,0,0,0.0,0.0,0.0,0.0,0.0,1.1,0,2,3,0,1,0,4,,,0,0,1,0,0.0,0.92,0.0,0.0,,0,0
ENG-Premier League,2425,Brighton,Brajan Gruda,GER,"MF,FW",20,2004,21,8,687,7.6,1,4,5,1,0,0,0,0,0.13,0.52,0.66,0.13,0.66,7.6,0,7,12,1,29,2,8,,,0,1,11,5,45.5,1.44,0.66,0.09,0.2,0,0
ENG-Premier League,2425,Brighton,Carlos Baleba,CMR,MF,20,2004,34,31,2661,29.6,3,1,4,3,0,0,8,1,0.1,0.03,0.14,0.1,0.14,29.6,1,39,47,0,9,49,44,,,0,3,44,11,25.0,1.49,0.37,0.07,0.27,0,0
ENG-Premier League,2425,Brighton,Danny Welbeck,ENG,FW,33,1990,30,24,2115,23.5,10,4,14,9,1,1,5,0,0.43,0.17,0.6,0.38,0.55,23.5,0,11,23,4,3,5,16,,,0,10,60,24,40.0,2.55,1.02,0.15,0.38,1,1
ENG-Premier League,2425,Brighton,Diego Gómez,PAR,MF,21,2003,16,4,516,5.7,1,0,1,1,0,0,0,0,0.17,0.0,0.17,0.17,0.17,5.7,0,8,3,1,11,7,13,,,0,1,9,3,33.3,1.57,0.52,0.11,0.33,0,0
ENG-Premier League,2425,Brighton,Eiran Cashin,IRL,DF,22,2001,2,0,20,0.2,0,0,0,0,0,0,0,0,0.0,0.0,0.0,0.0,0.0,0.2,0,0,0,0,1,0,0,,,0,0,0,0,,0.0,0.0,,,0,0
ENG-Premier League,2425,Brighton,Evan Ferguson,IRL,FW,19,2004,13,2,246,2.7,1,0,1,1,0,0,0,0,0.37,0.0,0.37,0.37,0.37,2.7,0,3,1,0,0,0,3,,,0,1,7,2,28.6,2.56,0.73,0.14,0.5,0,0
ENG-Premier League,2425,Brighton,Ferdi Kadioglu,TUR,"DF,MF",24,1999,6,5,385,4.3,1,0,1,1,0,0,1,0,0.23,0.0,0.23,0.23,0.23,4.3,0,4,3,1,9,7,5,,,0,1,4,1,25.0,0.94,0.23,0.25,1.0,0,0
ENG-Premier League,2425,Brighton,Georginio Rutter,FRA,"MF,FW",22,2002,28,19,1656,18.4,5,3,8,5,0,0,2,0,0.27,0.16,0.43,0.27,0.43,18.4,0,34,45,7,9,11,14,,,0,5,50,12,24.0,2.72,0.65,0.1,0.42,0,0
ENG-Premier League,2425,Brighton,Harry Howell,ENG,MF,16,2008,1,0,7,0.1,0,0,0,0,0,0,0,0,0.0,0.0,0.0,0.0,0.0,0.1,0,0,0,0,0,0,1,,,0,0,0,0,,0.0,0.0,,,0,0
ENG-Premier League,2425,Brighton,Igor,BRA,DF,26,1998,13,10,961,10.7,0,0,0,0,0,0,4,0,0.0,0.0,0.0,0.0,0.0,10.7,0,9,7,0,4,4,5,,,0,0,1,0,0.0,0.09,0.0,0.0,,0,0
ENG-Premier League,2425,Brighton,Jack Hinshelwood,ENG,"MF,DF",19,2005,26,22,1842,20.5,5,2,7,5,0,0,5,0,0.24,0.1,0.34,0.24,0.34,20.5,0,18,9,0,28,11,19,,,0,5,18,10,55.6,0.88,0.49,0.28,0.5,0,0
ENG-Premier League,2425,Brighton,Jakub Moder,POL,MF,25,1999,4,0,11,0.1,0,0,0,0,0,0,0,0,0.0,0.0,0.0,0.0,0.0,0.1,0,0,0,0,1,0,0,,,0,0,0,0,,0.0,0.0,,,0,0
ENG-Premier League,2425,Brighton,James Milner,ENG,MF,38,1986,4,3,170,1.9,0,0,0,0,0,0,1,0,0.0,0.0,0.0,0.0,0.0,1.9,0,3,1,0,8,2,2,,,0,0,2,1,50.0,1.06,0.53,0.0,0.0,0,0
ENG-Premier League,2425,Brighton,Jan Paul van Hecke,NED,DF,24,2000,34,33,2958,32.9,1,1,2,1,0,0,8,1,0.03,0.03,0.06,0.03,0.06,32.9,1,25,24,0,11,25,29,,,0,1,17,5,29.4,0.52,0.15,0.06,0.2,0,0
ENG-Premier League,2425,Brighton,Jason Steele,ENG,GK,33,1990,2,2,180,2.0,0,0,0,0,0,0,0,0,0.0,0.0,0.0,0.0,0.0,2.0,0,0,1,0,0,0,0,,,0,0,0,0,,0.0,0.0,,,0,0
ENG-Premier League,2425,Brighton,Jeremy Sarmiento,ECU,MF,22,2002,1,0,9,0.1,0,0,0,0,0,0,0,0,0.0,0.0,0.0,0.0,0.0,0.1,0,0,0,0,0,0,0,,,0,0,0,0,,0.0,0.0,,,0,0
ENG-Premier League,2425,Brighton,João Pedro,BRA,"FW,MF",22,2001,27,23,1948,21.6,10,6,16,5,5,5,4,1,0.46,0.28,0.74,0.23,0.51,21.6,0,27,45,2,22,8,12,,,0,10,47,20,42.6,2.17,0.92,0.11,0.25,5,5
ENG-Premier League,2425,Brighton,Joël Veltman,NED,DF,32,1992,21,19,1697,18.9,0,0,0,0,0,0,5,0,0.0,0.0,0.0,0.0,0.0,18.9,0,27,44,0,24,20,29,,,0,0,6,1,16.7,0.32,0.05,0.0,0.0,0,0
ENG-Premier League,2425,Brighton,Julio Enciso,PAR,MF,20,2004,12,2,294,3.3,0,0,0,0,0,0,0,0,0.0,0.0,0.0,0.0,0.0,3.3,0,3,7,0,20,0,0,,,0,0,20,11,55.0,6.12,3.37,0.0,0.0,0,0
ENG-Premier League,2425,Brighton,Kaoru Mitoma,JPN,MF,27,1997,36,28,2603,28.9,10,4,14,10,0,0,1,0,0.35,0.14,0.48,0.35,0.48,28.9,0,40,24,5,72,12,27,,,0,10,57,27,47.4,1.97,0.93,0.18,0.37,0,0
ENG-Premier League,2425,Brighton,Lewis Dunk,ENG,DF,32,1991,25,23,2083,23.1,0,0,0,0,0,0,5,0,0.0,0.0,0.0,0.0,0.0,23.1,0,7,11,2,5,12,11,,,1,0,12,3,25.0,0.52,0.13,0.0,0.0,0,0
ENG-Premier League,2425,Brighton,Mats Wieffer,NED,"DF,MF",24,1999,25,10,1015,11.3,1,3,4,1,0,0,6,0,0.09,0.27,0.35,0.09,0.35,11.3,0,23,10,1,14,16,34,,,0,1,9,4,44.4,0.8,0.35,0.11,0.25,0,0
ENG-Premier League,2425,Brighton,Matt O'Riley,DEN,MF,23,2000,21,11,938,10.4,2,2,4,1,1,1,1,0,0.19,0.19,0.38,0.1,0.29,10.4,0,16,13,2,50,13,8,,,1,2,22,7,31.8,2.11,0.67,0.05,0.14,1,1
ENG-Premier League,2425,Brighton,Pervis Estupiñán,ECU,DF,26,1998,30,26,2402,26.7,1,1,2,1,0,0,5,0,0.04,0.04,0.07,0.04,0.07,26.7,0,36,20,3,119,39,44,,,0,1,28,9,32.1,1.05,0.34,0.04,0.11,0,0
ENG-Premier League,2425,Brighton,Simon Adingra,CIV,MF,22,2002,29,12,1097,12.2,2,2,4,2,0,0,0,0,0.16,0.16,0.33,0.16,0.33,12.2,0,13,4,4,42,9,16,,,0,2,33,8,24.2,2.71,0.66,0.06,0.25,0,0
ENG-Premier League,2425,Brighton,Solly March,ENG,MF,30,1994,8,1,168,1.9,0,0,0,0,0,0,2,0,0.0,0.0,0.0,0.0,0.0,1.9,0,2,2,3,20,2,3,,,0,0,2,0,0.0,1.07,0.0,0.0,,0,0
ENG-Premier League,2425,Brighton,Tariq Lamptey,GHA,"DF,MF",23,2000,15,10,860,9.6,2,2,4,2,0,0,0,0,0.21,0.21,0.42,0.21,0.42,9.6,0,15,10,0,28,7,11,,,0,2,6,2,33.3,0.63,0.21,0.33,1.0,0,0
ENG-Premier League,2425,Brighton,Yankuba Minteh,GAM,MF,20,2004,32,20,1838,20.4,6,4,10,6,0,0,6,0,0.29,0.2,0.49,0.29,0.49,20.4,0,21,11,6,90,12,36,,,0,6,34,16,47.1,1.66,0.78,0.18,0.38,0,0
ENG-Premier League,2425,Brighton,Yasin Ayari,SWE,MF,20,2003,34,22,1965,21.8,2,1,3,2,0,0,3,0,0.09,0.05,0.14,0.09,0.14,21.8,0,36,26,3,70,20,32,,,0,2,28,8,28.6,1.28,0.37,0.07,0.25,0,0
ENG-Premier League,2425,Chelsea,Axel Disasi,FRA,DF,26,1998,6,4,364,4.0,1,0,1,1,0,0,1,0,0.25,0.0,0.25,0.25,0.25,4.0,0,2,0,0,0,2,4,,,0,1,2,1,50.0,0.49,0.25,0.5,1.0,0,0
ENG-Premier League,2425,Chelsea,Benoît Badiashile,FRA,DF,23,2001,5,3,334,3.7,0,0,0,0,0,0,0,0,0.0,0.0,0.0,0.0,0.0,3.7,0,6,2,0,1,6,6,,,0,0,0,0,,0.0,0.0,,,0,0
ENG-Premier League,2425,Chelsea,Christopher Nkunku,FRA,"MF,FW",26,1997,27,9,921,10.2,3,2,5,3,0,0,2,0,0.29,0.2,0.49,0.29,0.49,10.2,0,16,11,3,6,7,8,,,0,3,25,12,48.0,2.44,1.17,0.12,0.25,0,0
ENG-Premier League,2425,Chelsea,Cole Palmer,ENG,MF,22,2002,37,36,3191,35.5,15,8,23,11,4,5,7,0,0.42,0.23,0.65,0.31,0.54,35.5,0,15,60,7,145,10,18,,,0,15,126,51,40.5,3.55,1.44,0.09,0.22,4,5
ENG-Premier League,2425,Chelsea,Enzo Fernández,ARG,MF,23,2001,36,32,2947,32.7,6,7,13,6,0,0,8,0,0.18,0.21,0.4,0.18,0.4,32.7,0,52,54,2,111,13,32,,,0,6,53,20,37.7,1.62,0.61,0.11,0.3,0,0
ENG-Premier League,2425,Chelsea,Filip Jørgensen,DEN,GK,22,2002,6,6,540,6.0,0,0,0,0,0,0,0,0,0.0,0.0,0.0,0.0,0.0,6.0,0,1,1,0,0,0,0,,,0,0,0,0,,0.0,0.0,,,0,0
ENG-Premier League,2425,Chelsea,Jadon Sancho,ENG,MF,24,2000,31,19,1764,19.6,3,4,7,3,0,0,2,0,0.15,0.2,0.36,0.15,0.36,19.6,0,6,11,6,24,2,7,,,0,3,24,8,33.3,1.22,0.41,0.13,0.38,0,0
ENG-Premier League,2425,Chelsea,Joshua Acheampong,ENG,DF,18,2006,4,2,170,1.9,0,0,0,0,0,0,1,0,0.0,0.0,0.0,0.0,0.0,1.9,0,1,1,0,0,1,1,,,0,0,2,0,0.0,1.06,0.0,0.0,,0,0
ENG-Premier League,2425,Chelsea,João Félix,POR,MF,24,1999,12,3,369,4.1,1,1,2,1,0,0,2,0,0.24,0.24,0.49,0.24,0.49,4.1,0,6,17,1,0,3,3,,,0,1,20,6,30.0,4.88,1.46,0.05,0.17,0,0
ENG-Premier League,2425,Chelsea,Kiernan Dewsbury-Hall,ENG,MF,25,1998,13,2,264,2.9,0,1,1,0,0,0,0,0,0.0,0.34,0.34,0.0,0.34,2.9,0,4,6,0,2,1,5,,,0,0,1,0,0.0,0.34,0.0,0.0,,0,0
ENG-Premier League,2425,Chelsea,Levi Colwill,ENG,DF,21,2003,35,35,3149,35.0,2,1,3,2,0,0,9,0,0.06,0.03,0.09,0.06,0.09,35.0,0,46,21,4,12,32,35,,,0,2,17,4,23.5,0.49,0.11,0.12,0.5,0,0
ENG-Premier League,2425,Chelsea,Malo Gusto,FRA,DF,21,2003,32,19,1862,20.7,0,1,1,0,0,0,4,0,0.0,0.05,0.05,0.0,0.05,20.7,0,20,20,2,54,25,31,,,0,0,22,5,22.7,1.06,0.24,0.0,0.0,0,0
ENG-Premier League,2425,Chelsea,Marc Cucurella,ESP,DF,26,1998,36,33,2988,33.2,5,1,6,5,0,0,10,1,0.15,0.03,0.18,0.15,0.18,33.2,1,37,38,3,29,26,46,,,0,5,24,12,50.0,0.72,0.36,0.21,0.42,0,0
ENG-Premier League,2425,Chelsea,Marc Guiu,ESP,FW,18,2006,3,0,73,0.8,0,0,0,0,0,0,0,0,0.0,0.0,0.0,0.0,0.0,0.8,0,0,0,0,0,0,1,,,0,0,0,0,,0.0,0.0,,,0,0
ENG-Premier League,2425,Chelsea,Mathis Amougou,FRA,MF,18,2006,1,0,8,0.1,0,0,0,0,0,0,0,0,0.0,0.0,0.0,0.0,0.0,0.1,0,0,0,0,0,0,0,,,0,0,0,0,,0.0,0.0,,,0,0
ENG-Premier League,2425,Chelsea,Moisés Caicedo,ECU,"MF,DF",22,2001,38,38,3351,37.2,1,2,3,1,0,0,11,0,0.03,0.05,0.08,0.03,0.08,37.2,0,69,58,0,10,47,74,,,0,1,20,3,15.0,0.54,0.08,0.05,0.33,0,0
ENG-Premier League,2425,Chelsea,Mykhailo Mudryk,UKR,MF,23,2001,7,1,151,1.7,0,0,0,0,0,0,0,0,0.0,0.0,0.0,0.0,0.0,1.7,0,2,2,1,7,0,2,,,0,0,1,1,100.0,0.6,0.6,0.0,0.0,0,0
ENG-Premier League,2425,Chelsea,Nicolas Jackson,SEN,FW,23,2001,30,28,2220,24.7,10,5,15,10,0,0,7,1,0.41,0.2,0.61,0.41,0.61,24.7,0,35,29,23,3,3,11,,,0,10,76,35,46.1,3.08,1.42,0.13,0.29,0,0
ENG-Premier League,2425,Chelsea,Noni Madueke,ENG,MF,22,2002,32,27,2033,22.6,7,3,10,7,0,0,3,0,0.31,0.13,0.44,0.31,0.44,22.6,0,22,24,5,63,8,18,,,0,7,80,32,40.0,3.54,1.42,0.09,0.22,0,0
ENG-Premier League,2425,Chelsea,Pedro Neto,POR,"MF,FW",24,2000,35,24,2269,25.2,4,6,10,4,0,0,8,0,0.16,0.24,0.4,0.16,0.4,25.2,0,21,33,3,149,8,10,,,0,4,59,17,28.8,2.34,0.67,0.07,0.24,0,0
ENG-Premier League,2425,Chelsea,Reece James,ENG,"DF,MF",24,1999,19,12,1063,11.8,1,1,2,1,0,0,1,0,0.08,0.08,0.17,0.08,0.17,11.8,0,8,11,0,43,14,9,,,0,1,11,3,27.3,0.93,0.25,0.09,0.33,0,0
ENG-Premier League,2425,Chelsea,Renato Veiga,POR,MF,21,2003,7,1,181,2.0,0,0,0,0,0,0,2,0,0.0,0.0,0.0,0.0,0.0,2.0,0,6,1,1,0,1,6,,,0,0,3,1,33.3,1.49,0.5,0.0,0.0,0,0
ENG-Premier League,2425,Chelsea,Robert Sánchez,ESP,GK,26,1997,32,32,2880,32.0,0,0,0,0,0,0,5,0,0.0,0.0,0.0,0.0,0.0,32.0,0,2,4,0,0,2,0,,,0,0,0,0,,0.0,0.0,,,0,0
ENG-Premier League,2425,Chelsea,Roméo Lavia,BEL,MF,20,2004,16,11,797,8.9,0,1,1,0,0,0,4,0,0.0,0.11,0.11,0.0,0.11,8.9,0,16,7,0,0,16,13,,,0,0,2,0,0.0,0.23,0.0,0.0,,0,0
ENG-Premier League,2425,Chelsea,Shumaira Mheuka,ENG,FW,16,2007,1,0,1,0.0,0,0,0,0,0,0,0,0,0.0,0.0,0.0,0.0,0.0,0.0,0,0,0,0,0,0,0,,,0,0,1,1,100.0,90.0,90.0,0.0,0.0,0,0
ENG-Premier League,2425,Chelsea,Tosin Adarabioyo,ENG,DF,26,1997,22,15,1409,15.7,1,1,2,1,0,0,4,0,0.06,0.06,0.13,0.06,0.13,15.7,0,8,9,1,0,10,13,,,0,1,13,2,15.4,0.83,0.13,0.08,0.5,0,0
ENG-Premier League,2425,Chelsea,Trevoh Chalobah,ENG,DF,25,1999,13,11,910,10.1,0,1,1,0,0,0,2,0,0.0,0.1,0.1,0.0,0.1,10.1,0,9,7,0,3,9,7,,,0,0,7,3,42.9,0.69,0.3,0.0,0.0,0,0
ENG-Premier League,2425,Chelsea,Tyrique George,ENG,FW,18,2006,8,1,183,2.0,1,1,2,1,0,0,1,0,0.49,0.49,0.98,0.49,0.98,2.0,0,3,0,2,3,2,0,,,0,1,3,1,33.3,1.48,0.49,0.33,1.0,0,0
ENG-Premier League,2425,Chelsea,Wesley Fofana,FRA,DF,23,2000,14,14,1172,13.0,0,0,0,0,0,0,7,0,0.0,0.0,0.0,0.0,0.0,13.0,0,24,16,0,1,12,11,,,0,0,3,0,0.0,0.23,0.0,0.0,,0,0
ENG-Premier League,2425,Crystal Palace,Adam Wharton,ENG,MF,20,2004,20,16,1318,14.6,0,2,2,0,0,0,2,0,0.0,0.14,0.14,0.0,0.14,14.6,0,12,21,0,39,19,16,,,0,0,13,5,38.5,0.89,0.34,0.0,0.0,0,0
ENG-Premier League,2425,Crystal Palace,Asher Agbinone,ENG,MF,18,2005,2,0,6,0.1,0,0,0,0,0,0,0,0,0.0,0.0,0.0,0.0,0.0,0.1,0,0,0,0,1,0,1,,,0,0,1,0,0.0,15.0,0.0,0.0,,0,0
ENG-Premier League,2425,Crystal Palace,Ben Chilwell,ENG,MF,27,1996,8,1,259,2.9,1,0,1,1,0,0,1,0,0.35,0.0,0.35,0.35,0.35,2.9,0,2,3,2,7,6,6,,,0,1,5,3,60.0,1.74,1.04,0.2,0.33,0,0
ENG-Premier League,2425,Crystal Palace,Caleb Kporha,ENG,DF,18,2006,2,0,13,0.1,0,0,0,0,0,0,0,0,0.0,0.0,0.0,0.0,0.0,0.1,0,0,0,0,2,0,1,,,0,0,0,0,,0.0,0.0,,,0,0
ENG-Premier League,2425,Crystal Palace,Chadi Riad,MAR,DF,21,2003,1,1,90,1.0,0,0,0,0,0,0,0,0,0.0,0.0,0.0,0.0,0.0,1.0,0,1,0,0,0,2,2,,,0,0,0,0,,0.0,0.0,,,0,0
ENG-Premier League,2425,Crystal Palace,Cheick Doucouré,MLI,MF,24,2000,13,4,452,5.0,0,0,0,0,0,0,1,0,0.0,0.0,0.0,0.0,0.0,5.0,0,7,7,0,1,11,9,,,0,0,7,0,0.0,1.39,0.0,0.0,,0,0
ENG-Premier League,2425,Crystal Palace,Chris Richards,USA,DF,24,2000,24,22,1922,21.4,1,0,1,1,0,0,4,1,0.05,0.0,0.05,0.05,0.05,21.4,1,11,5,1,5,18,30,,,0,1,12,6,50.0,0.56,0.28,0.08,0.17,0,0
ENG-Premier League,2425,Crystal Palace,Daichi Kamada,JPN,MF,27,1996,34,15,1564,17.4,0,0,0,0,0,0,4,1,0.0,0.0,0.0,0.0,0.0,17.4,0,28,21,2,32,18,29,,,0,0,20,4,20.0,1.15,0.23,0.0,0.0,0,0
ENG-Premier League,2425,Crystal Palace,Daniel Muñoz,COL,MF,28,1996,37,37,3228,35.9,4,5,9,4,0,0,10,0,0.11,0.14,0.25,0.11,0.25,35.9,0,56,19,15,74,43,77,,,0,4,37,18,48.6,1.03,0.5,0.11,0.22,0,0
ENG-Premier League,2425,Crystal Palace,Dean Henderson,ENG,GK,27,1997,38,38,3420,38.0,0,0,0,0,0,0,3,0,0.0,0.0,0.0,0.0,0.0,38.0,0,0,2,0,0,1,1,,,0,0,1,0,0.0,0.03,0.0,0.0,,0,0
ENG-Premier League,2425,Crystal Palace,Eberechi Eze,ENG,MF,26,1998,34,31,2588,28.8,8,8,16,7,1,2,1,0,0.28,0.28,0.56,0.24,0.52,28.8,0,13,51,9,110,10,21,,,0,8,102,29,28.4,3.55,1.01,0.07,0.24,1,2
ENG-Premier League,2425,Crystal Palace,Eddie Nketiah,ENG,"FW,MF",25,1999,29,9,1034,11.5,3,1,4,3,0,0,6,1,0.26,0.09,0.35,0.26,0.35,11.5,1,31,29,5,5,2,8,,,0,3,43,16,37.2,3.74,1.39,0.07,0.19,0,0
ENG-Premier League,2425,Crystal Palace,Ismaila Sarr,SEN,MF,26,1998,38,30,2711,30.1,8,6,14,8,0,0,4,0,0.27,0.2,0.46,0.27,0.46,30.1,0,14,55,11,55,8,11,,,0,8,59,29,49.2,1.96,0.96,0.14,0.28,0,0
ENG-Premier League,2425,Crystal Palace,Jean-Philippe Mateta,FRA,FW,27,1997,37,33,2648,29.4,14,2,16,12,2,2,2,0,0.48,0.07,0.54,0.41,0.48,29.4,0,27,29,22,26,2,12,,,0,14,69,33,47.8,2.35,1.12,0.17,0.36,2,2
ENG-Premier League,2425,Crystal Palace,Jefferson Lerma,COL,"MF,DF",29,1994,33,26,2274,25.3,0,1,1,0,0,0,9,0,0.0,0.04,0.04,0.0,0.04,25.3,0,35,39,0,12,41,19,,,0,0,26,8,30.8,1.03,0.32,0.0,0.0,0,0
ENG-Premier League,2425,Crystal Palace,Jeffrey Schlupp,GHA,"DF,FW",31,1992,12,0,103,1.1,0,0,0,0,0,0,0,0,0.0,0.0,0.0,0.0,0.0,1.1,0,1,0,0,4,0,0,,,0,0,4,2,50.0,3.5,1.75,0.0,0.0,0,0
ENG-Premier League,2425,Crystal Palace,Joachim Andersen,DEN,DF,28,1996,1,1,90,1.0,0,0,0,0,0,0,1,0,0.0,0.0,0.0,0.0,0.0,1.0,0,2,0,0,1,0,1,,,0,0,1,1,100.0,1.0,1.0,0.0,0.0,0,0
ENG-Premier League,2425,Crystal Palace,Joel Ward,ENG,DF,34,1989,2,1,71,0.8,0,0,0,0,0,0,1,0,0.0,0.0,0.0,0.0,0.0,0.8,0,4,0,0,0,0,0,,,0,0,0,0,,0.0,0.0,,,0,0
ENG-Premier League,2425,Crystal Palace,Jordan Ayew,GHA,"FW,MF",32,1991,1,0,21,0.2,0,0,0,0,0,0,1,0,0.0,0.0,0.0,0.0,0.0,0.2,0,1,0,0,1,0,0,,,0,0,1,0,0.0,4.29,0.0,0.0,,0,0
ENG-Premier League,2425,Crystal Palace,Justin Devenny,NIR,MF,20,2003,23,4,507,5.6,1,1,2,1,0,0,1,0,0.18,0.18,0.36,0.18,0.36,5.6,0,9,0,1,18,0,11,,,0,1,10,6,60.0,1.78,1.07,0.1,0.17,0,0
ENG-Premier League,2425,Crystal Palace,Marc Guéhi,ENG,DF,24,2000,34,34,3059,34.0,3,2,5,3,0,0,9,1,0.09,0.06,0.15,0.09,0.15,34.0,1,23,27,1,13,29,32,,,3,3,15,7,46.7,0.44,0.21,0.2,0.43,0,0
ENG-Premier League,2425,Crystal Palace,Matheus França,BRA,FW,20,2004,4,0,55,0.6,1,0,1,1,0,0,0,0,1.64,0.0,1.64,1.64,1.64,0.6,0,0,0,0,1,1,0,,,0,1,6,3,50.0,9.82,4.91,0.17,0.33,0,0
ENG-Premier League,2425,Crystal Palace,Maxence Lacroix,FRA,DF,24,2000,35,35,3116,34.6,1,1,2,1,0,0,5,0,0.03,0.03,0.06,0.03,0.06,34.6,0,34,19,1,7,54,42,,,0,1,30,6,20.0,0.87,0.17,0.03,0.17,0,0
ENG-Premier League,2425,Crystal Palace,Nathaniel Clyne,ENG,"DF,MF",33,1991,13,5,483,5.4,0,0,0,0,0,0,1,0,0.0,0.0,0.0,0.0,0.0,5.4,0,2,2,0,7,3,8,,,0,0,2,0,0.0,0.37,0.0,0.0,,0,0
ENG-Premier League,2425,Crystal Palace,Odsonne Édouard,FRA,MF,26,1998,2,1,115,1.3,0,0,0,0,0,0,0,0,0.0,0.0,0.0,0.0,0.0,1.3,0,4,0,2,1,0,0,,,0,0,5,1,20.0,3.91,0.78,0.0,0.0,0,0
ENG-Premier League,2425,Crystal Palace,Romain Esse,ENG,MF,19,2005,7,1,138,1.5,1,1,2,1,0,0,0,0,0.65,0.65,1.3,0.65,1.3,1.5,0,2,3,0,0,1,5,,,0,1,1,1,100.0,0.65,0.65,1.0,1.0,0,0
ENG-Premier League,2425,Crystal Palace,Trevoh Chalobah,ENG,DF,25,1999,12,12,1060,11.8,3,0,3,3,0,0,1,0,0.25,0.0,0.25,0.25,0.25,11.8,0,10,15,1,7,20,15,,,0,3,11,4,36.4,0.93,0.34,0.27,0.75,0,0
ENG-Premier League,2425,Crystal Palace,Tyrick Mitchell,ENG,MF,24,1999,37,37,3092,34.4,0,5,5,0,0,0,2,0,0.0,0.15,0.15,0.0,0.15,34.4,0,23,25,2,107,21,53,,,0,0,12,3,25.0,0.35,0.09,0.0,0.0,0,0
ENG-Premier League,2425,Crystal Palace,Will Hughes,ENG,MF,29,1995,33,24,2108,23.4,0,3,3,0,0,0,11,0,0.0,0.13,0.13,0.0,0.13,23.4,0,65,31,0,70,21,36,,,0,0,22,1,4.5,0.94,0.04,0.0,0.0,0,0
ENG-Premier League,2425,Everton,Abdoulaye Doucouré,MLI,MF,31,1993,33,31,2564,28.5,3,2,5,3,0,0,5,1,0.11,0.07,0.18,0.11,0.18,28.5,1,49,5,10,23,11,28,,,0,3,31,10,32.3,1.09,0.35,0.1,0.3,0,0
ENG-Premier League,2425,Everton,Armando Broja,ALB,FW,22,2001,10,4,334,3.7,0,0,0,0,0,0,1,0,0.0,0.0,0.0,0.0,0.0,3.7,0,6,4,3,1,1,1,,,0,0,4,0,0.0,1.08,0.0,0.0,,0,0
ENG-Premier League,2425,Everton,Ashley Young,ENG,DF,39,1985,32,19,1875,20.8,1,3,4,1,0,0,7,1,0.05,0.14,0.19,0.05,0.19,20.8,0,30,22,0,75,26,36,,,0,1,6,3,50.0,0.29,0.14,0.17,0.33,0,0
ENG-Premier League,2425,Everton,Beto,GNB,FW,26,1998,30,15,1534,17.0,8,0,8,8,0,0,2,0,0.47,0.0,0.47,0.47,0.47,17.0,0,33,23,16,4,4,7,,,0,8,49,23,46.9,2.87,1.35,0.16,0.35,0,0
ENG-Premier League,2425,Everton,Carlos Alcaraz,ARG,MF,21,2002,15,7,764,8.5,2,3,5,2,0,0,4,0,0.24,0.35,0.59,0.24,0.59,8.5,0,13,12,1,11,5,4,,,0,2,26,11,42.3,3.06,1.3,0.08,0.18,0,0
ENG-Premier League,2425,Everton,Dominic Calvert-Lewin,ENG,FW,27,1997,26,19,1609,17.9,3,1,4,3,0,0,2,0,0.17,0.06,0.22,0.17,0.22,17.9,0,27,23,27,6,7,7,,,0,3,50,20,40.0,2.8,1.12,0.06,0.15,0,0
ENG-Premier League,2425,Everton,Dwight McNeil,ENG,MF,24,1999,21,15,1371,15.2,4,6,10,4,0,0,1,0,0.26,0.39,0.66,0.26,0.66,15.2,0,6,18,1,104,6,8,,,0,4,24,10,41.7,1.58,0.66,0.17,0.4,0,0
ENG-Premier League,2425,Everton,Harrison Armstrong,ENG,MF,17,2007,3,0,48,0.5,0,0,0,0,0,0,1,0,0.0,0.0,0.0,0.0,0.0,0.5,0,2,2,0,1,0,0,,,0,0,1,0,0.0,1.87,0.0,0.0,,0,0
ENG-Premier League,2425,Everton,Idrissa Gueye,SEN,MF,34,1989,37,35,3063,34.0,0,3,3,0,0,0,9,0,0.0,0.09,0.09,0.0,0.09,34.0,0,55,46,0,7,46,76,,,0,0,27,5,18.5,0.79,0.15,0.0,0.0,0,0
ENG-Premier League,2425,Everton,Iliman Ndiaye,SEN,"MF,FW",24,2000,33,29,2430,27.0,9,0,9,7,2,2,3,0,0.33,0.0,0.33,0.26,0.26,27.0,0,24,52,5,37,19,27,,,0,9,37,17,45.9,1.37,0.63,0.19,0.41,2,2
ENG-Premier League,2425,Everton,Jack Harrison,ENG,"MF,FW",27,1996,34,24,2076,23.1,1,0,1,1,0,0,0,0,0.04,0.0,0.04,0.04,0.04,23.1,0,13,28,4,131,9,23,,,0,1,29,7,24.1,1.26,0.3,0.03,0.14,0,0
ENG-Premier League,2425,Everton,Jake O'Brien,IRL,DF,23,2001,20,17,1571,17.5,2,0,2,2,0,0,5,0,0.11,0.0,0.11,0.11,0.11,17.5,0,13,4,3,18,4,17,,,0,2,6,3,50.0,0.34,0.17,0.33,0.67,0,0
ENG-Premier League,2425,Everton,James Garner,ENG,"MF,DF",23,2001,21,17,1594,17.7,0,1,1,0,0,0,5,0,0.0,0.06,0.06,0.0,0.06,17.7,0,20,15,0,55,20,32,,,0,0,12,4,33.3,0.68,0.23,0.0,0.0,0,0
ENG-Premier League,2425,Everton,James Tarkowski,ENG,DF,31,1992,33,33,2922,32.5,1,1,2,1,0,0,6,0,0.03,0.03,0.06,0.03,0.06,32.5,0,35,29,1,1,37,40,,,0,1,15,4,26.7,0.46,0.12,0.07,0.25,0,0
ENG-Premier League,2425,Everton,Jarrad Branthwaite,ENG,DF,22,2002,30,28,2511,27.9,0,1,1,0,0,0,4,0,0.0,0.04,0.04,0.0,0.04,27.9,0,12,18,2,6,24,21,,,0,0,10,3,30.0,0.36,0.11,0.0,0.0,0,0
ENG-Premier League,2425,Everton,Jesper Lindstrøm,DEN,MF,24,2000,25,15,1239,13.8,0,1,1,0,0,0,2,0,0.0,0.07,0.07,0.0,0.07,13.8,0,15,10,1,72,13,24,,,0,0,28,10,35.7,2.03,0.73,0.0,0.0,0,0
ENG-Premier League,2425,Everton,Jordan Pickford,ENG,GK,30,1994,38,38,3420,38.0,0,1,1,0,0,0,7,0,0.0,0.03,0.03,0.0,0.03,38.0,0,0,7,0,0,1,1,,,0,0,0,0,,0.0,0.0,,,0,0
ENG-Premier League,2425,Everton,Mason Holgate,JAM,DF,27,1996,1,0,6,0.1,0,0,0,0,0,0,0,0,0.0,0.0,0.0,0.0,0.0,0.1,0,0,0,0,0,0,0,,,0,0,0,0,,0.0,0.0,,,0,0
ENG-Premier League,2425,Everton,Michael Keane,ENG,DF,31,1993,14,11,1049,11.7,3,0,3,3,0,0,5,0,0.26,0.0,0.26,0.26,0.26,11.7,0,9,0,0,1,13,10,,,0,3,10,4,40.0,0.86,0.34,0.3,0.75,0,0
ENG-Premier League,2425,Everton,Nathan Patterson,SCO,DF,22,2001,10,3,347,3.9,0,1,1,0,0,0,1,0,0.0,0.26,0.26,0.0,0.26,3.9,0,5,1,0,14,2,6,,,0,0,1,0,0.0,0.26,0.0,0.0,,0,0
ENG-Premier League,2425,Everton,Orel Mangala,BEL,MF,26,1998,19,14,1261,14.0,1,0,1,1,0,0,2,0,0.07,0.0,0.07,0.07,0.07,14.0,0,24,17,2,6,21,8,,,0,1,16,6,37.5,1.14,0.43,0.06,0.17,0,0
ENG-Premier League,2425,Everton,Roman Dixon,ENG,DF,19,2004,1,1,90,1.0,0,0,0,0,0,0,0,0,0.0,0.0,0.0,0.0,0.0,1.0,0,0,0,0,0,1,5,,,0,0,0,0,,0.0,0.0,,,0,0
ENG-Premier League,2425,Everton,Séamus Coleman,IRL,DF,35,1988,5,3,215,2.4,0,0,0,0,0,0,1,0,0.0,0.0,0.0,0.0,0.0,2.4,0,0,1,0,4,1,2,,,0,0,1,1,100.0,0.42,0.42,0.0,0.0,0,0
ENG-Premier League,2425,Everton,Tim Iroegbunam,ENG,MF,21,2003,18,5,574,6.4,0,1,1,0,0,0,4,0,0.0,0.16,0.16,0.0,0.16,6.4,0,15,12,0,1,14,13,,,0,0,5,0,0.0,0.78,0.0,0.0,,0,0
ENG-Premier League,2425,Everton,Vitaliy Mykolenko,UKR,DF,25,1999,35,35,3082,34.2,1,2,3,1,0,0,4,0,0.03,0.06,0.09,0.03,0.09,34.2,0,22,34,3,100,42,38,,,0,1,14,1,7.1,0.41,0.03,0.07,1.0,0,0
ENG-Premier League,2425,Everton,Youssef Chermiti,POR,FW,20,2004,4,0,45,0.5,0,0,0,0,0,0,1,0,0.0,0.0,0.0,0.0,0.0,0.5,0,1,1,2,1,0,0,,,0,0,3,1,33.3,6.0,2.0,0.0,0.0,0,0
ENG-Premier League,2425,Fulham,Adama Traoré,ESP,MF,28,1996,36,18,1772,19.7,2,7,9,2,0,0,3,0,0.1,0.36,0.46,0.1,0.46,19.7,0,24,32,1,100,1,13,,,0,2,39,12,30.8,1.98,0.61,0.05,0.17,0,0
ENG-Premier League,2425,Fulham,Alex Iwobi,NGA,MF,28,1996,38,35,2981,33.1,9,6,15,9,0,0,1,0,0.27,0.18,0.45,0.27,0.45,33.1,0,19,18,5,127,13,26,,,0,9,68,29,42.6,2.05,0.88,0.13,0.31,0,0
ENG-Premier League,2425,Fulham,Andreas Pereira,BRA,MF,28,1996,33,25,2013,22.4,2,4,6,2,0,1,7,0,0.09,0.18,0.27,0.09,0.27,22.4,0,29,24,1,173,9,12,,,0,2,39,9,23.1,1.74,0.4,0.05,0.22,0,1
ENG-Premier League,2425,Fulham,Antonee Robinson,USA,"DF,MF",26,1997,36,35,3167,35.2,0,10,10,0,0,0,8,0,0.0,0.28,0.28,0.0,0.28,35.2,0,31,20,7,172,57,57,,,0,0,16,2,12.5,0.45,0.06,0.0,0.0,0,0
ENG-Premier League,2425,Fulham,Bernd Leno,GER,GK,32,1992,38,38,3420,38.0,0,1,1,0,0,0,5,0,0.0,0.03,0.03,0.0,0.03,38.0,0,0,4,0,0,0,2,,,0,0,0,0,,0.0,0.0,,,0,0
ENG-Premier League,2425,Fulham,Calvin Bassey,NGA,DF,24,1999,35,34,3074,34.2,1,0,1,1,0,0,7,0,0.03,0.0,0.03,0.03,0.03,34.2,0,26,31,2,9,19,33,,,0,1,14,4,28.6,0.41,0.12,0.07,0.25,0,0
ENG-Premier League,2425,Fulham,Carlos Vinícius,BRA,FW,29,1995,3,0,16,0.2,0,0,0,0,0,0,0,0,0.0,0.0,0.0,0.0,0.0,0.2,0,0,2,0,0,0,0,,,0,0,1,1,100.0,5.63,5.63,0.0,0.0,0,0
ENG-Premier League,2425,Fulham,Emile Smith Rowe,ENG,MF,24,2000,34,25,2043,22.7,6,3,9,6,0,0,3,0,0.26,0.13,0.4,0.26,0.4,22.7,0,19,15,4,16,11,18,,,0,6,37,11,29.7,1.63,0.48,0.16,0.55,0,0
ENG-Premier League,2425,Fulham,Harrison Reed,ENG,MF,29,1995,12,0,108,1.2,0,0,0,0,0,0,2,0,0.0,0.0,0.0,0.0,0.0,1.2,0,6,2,0,6,1,2,,,0,0,3,2,66.7,2.5,1.67,0.0,0.0,0,0
ENG-Premier League,2425,Fulham,Harry Wilson,WAL,"MF,FW",27,1997,25,12,1162,12.9,6,1,7,6,0,0,2,0,0.46,0.08,0.54,0.46,0.54,12.9,0,12,22,1,41,6,15,,,0,6,43,17,39.5,3.33,1.32,0.14,0.35,0,0
ENG-Premier League,2425,Fulham,Issa Diop,MAR,DF,27,1997,21,15,1339,14.9,0,0,0,0,0,0,2,0,0.0,0.0,0.0,0.0,0.0,14.9,0,10,4,0,1,9,12,,,1,0,5,2,40.0,0.34,0.13,0.0,0.0,0,0
ENG-Premier League,2425,Fulham,Jay Stansfield,ENG,"FW,MF",21,2002,1,0,1,0.0,0,0,0,0,0,0,0,0,0.0,0.0,0.0,0.0,0.0,0.0,0,1,0,0,0,0,0,,,0,0,0,0,,0.0,0.0,,,0,0
ENG-Premier League,2425,Fulham,Joachim Andersen,DEN,DF,28,1996,29,29,2583,28.7,0,0,0,0,0,0,6,1,0.0,0.0,0.0,0.0,0.0,28.7,0,18,19,0,12,33,16,,,1,0,19,5,26.3,0.66,0.17,0.0,0.0,0,0
ENG-Premier League,2425,Fulham,Jorge Cuenca,ESP,DF,24,1999,8,4,351,3.9,0,0,0,0,0,0,0,0,0.0,0.0,0.0,0.0,0.0,3.9,0,2,2,0,1,2,2,,,0,0,1,0,0.0,0.26,0.0,0.0,,0,0
ENG-Premier League,2425,Fulham,Joshua King,ENG,MF,17,2007,8,1,130,1.4,0,0,0,0,0,0,0,0,0.0,0.0,0.0,0.0,0.0,1.4,0,3,2,0,2,1,5,,,0,0,3,0,0.0,2.08,0.0,0.0,,0,0
ENG-Premier League,2425,Fulham,Kenny Tete,NED,DF,28,1995,22,21,1774,19.7,0,2,2,0,0,0,5,0,0.0,0.1,0.1,0.0,0.1,19.7,0,35,16,1,38,30,38,,,0,0,24,2,8.3,1.22,0.1,0.0,0.0,0,0
ENG-Premier League,2425,Fulham,Martial Godo,CIV,"FW,MF",21,2003,2,0,24,0.3,0,0,0,0,0,0,0,0,0.0,0.0,0.0,0.0,0.0,0.3,0,1,0,0,1,1,0,,,0,0,0,0,,0.0,0.0,,,0,0
ENG-Premier League,2425,Fulham,Raúl Jiménez,MEX,FW,33,1991,38,30,2494,27.7,12,3,15,9,3,3,4,0,0.43,0.11,0.54,0.32,0.43,27.7,0,39,41,15,22,11,24,,,0,12,96,33,34.4,3.46,1.19,0.09,0.27,3,3
ENG-Premier League,2425,Fulham,Reiss Nelson,ENG,MF,24,1999,11,5,487,5.4,1,1,2,1,0,0,1,0,0.18,0.18,0.37,0.18,0.37,5.4,0,6,9,1,25,5,5,,,0,1,12,6,50.0,2.22,1.11,0.08,0.17,0,0
ENG-Premier League,2425,Fulham,Rodrigo Muniz,BRA,FW,23,2001,31,8,964,10.7,8,1,9,8,0,0,1,0,0.75,0.09,0.84,0.75,0.84,10.7,0,11,31,3,1,4,6,,,0,8,40,19,47.5,3.73,1.77,0.2,0.42,0,0
ENG-Premier League,2425,Fulham,Ryan Sessegnon,ENG,"MF,DF",24,2000,16,7,580,6.4,4,2,6,4,0,0,1,0,0.62,0.31,0.93,0.62,0.93,6.4,0,20,4,1,15,4,12,,,0,4,14,8,57.1,2.17,1.24,0.29,0.5,0,0
ENG-Premier League,2425,Fulham,Sander Berge,NOR,MF,26,1998,31,26,2224,24.7,0,0,0,0,0,0,6,0,0.0,0.0,0.0,0.0,0.0,24.7,0,30,10,0,3,21,32,,,0,0,3,1,33.3,0.12,0.04,0.0,0.0,0,0
ENG-Premier League,2425,Fulham,Saša Lukić,SRB,MF,27,1996,30,28,2344,26.0,0,2,2,0,0,0,12,0,0.0,0.08,0.08,0.0,0.08,26.0,0,66,26,0,63,26,38,,,0,0,18,3,16.7,0.69,0.12,0.0,0.0,0,0
ENG-Premier League,2425,Fulham,Timothy Castagne,BEL,"DF,MF",28,1995,24,17,1649,18.3,0,1,1,0,0,0,1,0,0.0,0.05,0.05,0.0,0.05,18.3,0,15,6,1,38,23,31,,,0,0,8,3,37.5,0.44,0.16,0.0,0.0,0,0
ENG-Premier League,2425,Fulham,Tom Cairney,SCO,MF,33,1991,25,3,628,7.0,2,0,2,2,0,0,3,1,0.29,0.0,0.29,0.29,0.29,7.0,0,8,19,0,20,4,4,,,0,2,11,4,36.4,1.58,0.57,0.18,0.5,0,0
ENG-Premier League,2425,Fulham,Willian,BRA,"MF,FW",35,1988,10,2,257,2.9,0,0,0,0,0,0,0,0,0.0,0.0,0.0,0.0,0.0,2.9,0,1,0,0,16,1,2,,,0,0,7,0,0.0,2.45,0.0,0.0,,0,0
ENG-Premier League,2425,Ipswich Town,Alex Palmer,ENG,GK,27,1996,13,13,1170,13.0,0,0,0,0,0,0,2,0,0.0,0.0,0.0,0.0,0.0,13.0,0,1,4,0,0,0,0,,,0,0,0,0,,0.0,0.0,,,0,0
ENG-Premier League,2425,Ipswich Town,Ali Al Hamadi,IRQ,FW,22,2002,11,0,134,1.5,0,0,0,0,0,0,3,0,0.0,0.0,0.0,0.0,0.0,1.5,0,8,3,1,0,0,0,,,0,0,4,0,0.0,2.69,0.0,0.0,,0,0
ENG-Premier League,2425,Ipswich Town,Arijanet Muric,KVX,GK,25,1998,18,18,1620,18.0,0,0,0,0,0,0,1,0,0.0,0.0,0.0,0.0,0.0,18.0,0,0,4,0,0,0,0,,,0,0,0,0,,0.0,0.0,,,0,0
ENG-Premier League,2425,Ipswich Town,Axel Tuanzebe,COD,DF,26,1997,22,20,1710,19.0,0,1,1,0,0,0,5,1,0.0,0.05,0.05,0.0,0.05,19.0,1,17,12,0,10,22,19,,,1,0,4,0,0.0,0.21,0.0,0.0,,0,0
ENG-Premier League,2425,Ipswich Town,Ben Godfrey,ENG,DF,26,1998,3,2,159,1.8,0,0,0,0,0,0,1,0,0.0,0.0,0.0,0.0,0.0,1.8,0,1,0,0,0,2,0,,,0,0,0,0,,0.0,0.0,,,0,0
ENG-Premier League,2425,Ipswich Town,Ben Johnson,ENG,"MF,DF",24,2000,23,14,1354,15.0,1,2,3,1,0,0,5,1,0.07,0.13,0.2,0.07,0.2,15.0,1,27,6,1,37,13,20,,,0,1,7,3,42.9,0.47,0.2,0.14,0.33,0,0
ENG-Premier League,2425,Ipswich Town,Cameron Burgess,AUS,DF,28,1995,18,16,1541,17.1,0,2,2,0,0,0,0,0,0.0,0.12,0.12,0.0,0.12,17.1,0,6,4,1,0,10,13,,,0,0,10,3,30.0,0.58,0.18,0.0,0.0,0,0
ENG-Premier League,2425,Ipswich Town,Chiedozie Ogbene,IRL,MF,27,1997,5,3,238,2.6,0,0,0,0,0,0,0,0,0.0,0.0,0.0,0.0,0.0,2.6,0,2,7,1,4,1,3,,,0,0,0,0,,0.0,0.0,,,0,0
ENG-Premier League,2425,Ipswich Town,Christian Walton,ENG,GK,28,1995,7,7,630,7.0,0,0,0,0,0,0,0,0,0.0,0.0,0.0,0.0,0.0,7.0,0,0,1,0,0,0,0,,,0,0,0,0,,0.0,0.0,,,0,0
ENG-Premier League,2425,Ipswich Town,Conor Chaplin,ENG,"MF,FW",27,1997,22,10,857,9.5,1,1,2,1,0,0,2,0,0.11,0.11,0.21,0.11,0.21,9.5,0,11,7,0,9,3,5,,,0,1,16,4,25.0,1.68,0.42,0.06,0.25,0,0
ENG-Premier League,2425,Ipswich Town,Conor Townsend,ENG,DF,31,1993,6,3,335,3.7,0,1,1,0,0,0,1,0,0.0,0.27,0.27,0.0,0.27,3.7,0,2,4,0,12,5,7,,,0,0,1,0,0.0,0.27,0.0,0.0,,0,0
ENG-Premier League,2425,Ipswich Town,Dara O'Shea,IRL,DF,25,1999,35,35,3122,34.7,0,2,2,0,0,0,6,0,0.0,0.06,0.06,0.0,0.06,34.7,0,21,25,3,8,33,30,,,0,0,22,2,9.1,0.63,0.06,0.0,0.0,0,0
ENG-Premier League,2425,Ipswich Town,George Edmundson,ENG,DF,26,1997,1,0,2,0.0,0,0,0,0,0,0,0,0,0.0,0.0,0.0,0.0,0.0,0.0,0,0,0,0,0,0,0,,,0,0,0,0,,0.0,0.0,,,0,0
ENG-Premier League,2425,Ipswich Town,George Hirst,SCO,FW,25,1999,26,5,661,7.3,3,1,4,3,0,0,3,0,0.41,0.14,0.54,0.41,0.54,7.3,0,13,12,3,3,2,3,,,0,3,14,7,50.0,1.91,0.95,0.21,0.43,0,0
ENG-Premier League,2425,Ipswich Town,Harry Clarke,ENG,DF,23,2001,7,4,379,4.2,0,0,0,0,0,0,3,1,0.0,0.0,0.0,0.0,0.0,4.2,1,5,1,0,5,3,3,,,0,0,1,1,100.0,0.24,0.24,0.0,0.0,0,0
ENG-Premier League,2425,Ipswich Town,Jack Clarke,ENG,MF,23,2000,32,12,1181,13.1,0,4,4,0,0,0,2,0,0.0,0.3,0.3,0.0,0.3,13.1,0,16,23,3,14,7,18,,,0,0,17,2,11.8,1.3,0.15,0.0,0.0,0,0
ENG-Premier League,2425,Ipswich Town,Jack Taylor,IRL,MF,26,1998,32,4,860,9.6,1,0,1,1,0,0,4,0,0.1,0.0,0.1,0.1,0.1,9.6,0,16,5,0,7,9,11,,,0,1,19,4,21.1,1.99,0.42,0.05,0.25,0,0
ENG-Premier League,2425,Ipswich Town,Jacob Greaves,ENG,DF,23,2000,25,25,2205,24.5,1,0,1,1,0,0,5,0,0.04,0.0,0.04,0.04,0.04,24.5,0,16,21,1,1,21,22,,,0,1,10,4,40.0,0.41,0.16,0.1,0.25,0,0
ENG-Premier League,2425,Ipswich Town,Jaden Philogene Bidace,ENG,MF,22,2002,10,5,474,5.3,2,0,2,2,0,0,1,0,0.38,0.0,0.38,0.38,0.38,5.3,0,8,10,1,13,8,7,,,0,2,12,6,50.0,2.28,1.14,0.17,0.33,0,0
ENG-Premier League,2425,Ipswich Town,Jens Cajuste,SWE,MF,24,1999,30,25,1959,21.8,1,1,2,1,0,0,2,0,0.05,0.05,0.09,0.05,0.09,21.8,0,23,22,0,10,29,22,,,0,1,12,1,8.3,0.55,0.05,0.08,1.0,0,0
ENG-Premier League,2425,Ipswich Town,Julio Enciso,PAR,MF,20,2004,13,12,869,9.7,2,3,5,2,0,0,3,0,0.21,0.31,0.52,0.21,0.52,9.7,0,9,21,0,20,1,9,,,0,2,32,11,34.4,3.31,1.14,0.06,0.18,0,0
ENG-Premier League,2425,Ipswich Town,Kalvin Phillips,ENG,MF,28,1995,19,14,1237,13.7,0,0,0,0,0,0,6,1,0.0,0.0,0.0,0.0,0.0,13.7,1,28,21,0,20,18,20,,,0,0,11,2,18.2,0.8,0.15,0.0,0.0,0,0
ENG-Premier League,2425,Ipswich Town,Leif Davis,ENG,DF,24,1999,33,32,2743,30.5,1,2,3,1,0,0,5,1,0.03,0.07,0.1,0.03,0.1,30.5,0,26,31,5,157,25,28,,,0,1,16,2,12.5,0.52,0.07,0.06,0.5,0,0
ENG-Premier League,2425,Ipswich Town,Liam Delap,ENG,FW,21,2003,37,32,2593,28.8,12,2,14,10,2,2,12,0,0.42,0.07,0.49,0.35,0.42,28.8,0,72,51,14,5,2,8,,,0,12,68,32,47.1,2.36,1.11,0.15,0.31,2,2
ENG-Premier League,2425,Ipswich Town,Luke Woolfenden,ENG,DF,25,1998,15,12,1187,13.2,0,0,0,0,0,0,2,0,0.0,0.0,0.0,0.0,0.0,13.2,0,5,2,1,0,21,6,,,0,0,1,0,0.0,0.08,0.0,0.0,,0,0
ENG-Premier League,2425,Ipswich Town,Marcus Harness,ENG,"FW,MF",28,1996,2,0,45,0.5,0,0,0,0,0,0,0,0,0.0,0.0,0.0,0.0,0.0,0.5,0,0,0,1,0,0,0,,,0,0,0,0,,0.0,0.0,,,0,0
ENG-Premier League,2425,Ipswich Town,Massimo Luongo,AUS,MF,31,1992,11,2,201,2.2,0,0,0,0,0,0,0,0,0.0,0.0,0.0,0.0,0.0,2.2,0,1,2,0,1,3,6,,,0,0,0,0,,0.0,0.0,,,0,0
ENG-Premier League,2425,Ipswich Town,Nathan Broadhead,WAL,MF,26,1998,18,7,702,7.8,2,0,2,2,0,0,1,0,0.26,0.0,0.26,0.26,0.26,7.8,0,4,13,2,9,4,4,,,0,2,13,8,61.5,1.67,1.03,0.15,0.25,0,0
ENG-Premier League,2425,Ipswich Town,Omari Hutchinson,ENG,MF,20,2003,31,30,2583,28.7,3,2,5,3,0,0,5,0,0.1,0.07,0.17,0.1,0.17,28.7,0,31,46,6,81,11,13,,,0,3,45,19,42.2,1.57,0.66,0.07,0.16,0,0
ENG-Premier League,2425,Ipswich Town,Sam Morsy,EGY,MF,32,1991,33,31,2751,30.6,1,1,2,1,0,0,10,0,0.03,0.03,0.07,0.03,0.07,30.6,0,48,27,0,15,28,39,,,1,1,13,3,23.1,0.43,0.1,0.08,0.33,0,0
ENG-Premier League,2425,Ipswich Town,Sammie Szmodics,IRL,MF,28,1995,20,13,992,11.0,4,0,4,4,0,0,2,0,0.36,0.0,0.36,0.36,0.36,11.0,0,9,8,8,14,5,12,,,0,4,21,12,57.1,1.91,1.09,0.19,0.33,0,0
ENG-Premier League,2425,Ipswich Town,Wes Burns,WAL,MF,29,1994,18,12,926,10.3,0,1,1,0,0,0,1,0,0.0,0.1,0.1,0.0,0.1,10.3,0,4,11,0,45,10,11,,,0,0,7,1,14.3,0.68,0.1,0.0,0.0,0,0
ENG-Premier League,2425,Leicester City,Abdul Fatawu Issahaku,GHA,"MF,FW",20,2004,11,6,579,6.4,0,2,2,0,0,0,0,0,0.0,0.31,0.31,0.0,0.31,6.4,0,11,20,2,29,4,15,,,0,0,13,5,38.5,2.02,0.78,0.0,0.0,0,0
ENG-Premier League,2425,Leicester City,Bilal El Khannouss,MAR,MF,20,2004,32,27,2182,24.2,2,3,5,2,0,0,4,0,0.08,0.12,0.21,0.08,0.21,24.2,0,30,13,1,89,5,30,,,0,2,30,7,23.3,1.24,0.29,0.07,0.29,0,0
ENG-Premier League,2425,Leicester City,Bobby De Cordova-Reid,JAM,"MF,FW",31,1993,23,9,744,8.3,1,2,3,1,0,0,2,0,0.12,0.24,0.36,0.12,0.36,8.3,0,8,9,4,15,1,3,,,0,1,7,3,42.9,0.85,0.36,0.14,0.33,0,0
ENG-Premier League,2425,Leicester City,Boubakary Soumaré,FRA,MF,25,1999,31,25,2171,24.1,0,0,0,0,0,0,8,0,0.0,0.0,0.0,0.0,0.0,24.1,0,24,23,0,10,27,19,,,0,0,7,0,0.0,0.29,0.0,0.0,,0,0
ENG-Premier League,2425,Leicester City,Caleb Okoli,ITA,DF,23,2001,19,12,1125,12.5,1,0,1,1,0,0,4,0,0.08,0.0,0.08,0.08,0.08,12.5,0,16,9,0,1,15,14,,,0,1,4,2,50.0,0.32,0.16,0.25,0.5,0,0
ENG-Premier League,2425,Leicester City,Conor Coady,ENG,DF,31,1993,22,19,1714,19.0,1,0,1,1,0,0,3,0,0.05,0.0,0.05,0.05,0.05,19.0,0,8,3,1,0,12,9,,,0,1,2,2,100.0,0.11,0.11,0.5,0.5,0,0
ENG-Premier League,2425,Leicester City,Danny Ward,WAL,GK,31,1993,2,1,135,1.5,0,0,0,0,0,0,0,0,0.0,0.0,0.0,0.0,0.0,1.5,0,0,0,0,0,0,0,,,0,0,0,0,,0.0,0.0,,,0,0
ENG-Premier League,2425,Leicester City,Facundo Buonanotte,ARG,"MF,FW",19,2004,31,14,1523,16.9,5,2,7,5,0,0,8,0,0.3,0.12,0.41,0.3,0.41,16.9,0,36,35,3,43,13,33,,,0,5,36,12,33.3,2.13,0.71,0.14,0.42,0,0
ENG-Premier League,2425,Leicester City,Hamza Choudhury,BAN,MF,26,1997,4,1,131,1.5,0,0,0,0,0,0,0,0,0.0,0.0,0.0,0.0,0.0,1.5,0,1,0,0,5,5,1,,,0,0,0,0,,0.0,0.0,,,0,0
ENG-Premier League,2425,Leicester City,Harry Winks,ENG,MF,28,1996,22,17,1538,17.1,0,2,2,0,0,0,4,0,0.0,0.12,0.12,0.0,0.12,17.1,0,9,13,0,33,8,10,,,0,0,10,4,40.0,0.59,0.23,0.0,0.0,0,0
ENG-Premier League,2425,Leicester City,Jake Evans,ENG,MF,15,2008,4,0,24,0.3,0,0,0,0,0,0,0,0,0.0,0.0,0.0,0.0,0.0,0.3,0,0,0,0,0,0,1,,,0,0,0,0,,0.0,0.0,,,0,0
ENG-Premier League,2425,Leicester City,Jakub Stolarczyk,POL,GK,23,2000,10,10,900,10.0,0,0,0,0,0,0,1,0,0.0,0.0,0.0,0.0,0.0,10.0,0,0,0,0,0,0,1,,,0,0,0,0,,0.0,0.0,,,0,0
ENG-Premier League,2425,Leicester City,James Justin,ENG,"DF,MF",26,1998,36,34,2912,32.4,2,2,4,2,0,0,6,0,0.06,0.06,0.12,0.06,0.12,32.4,0,28,44,2,57,44,38,,,0,2,25,7,28.0,0.77,0.22,0.08,0.29,0,0
ENG-Premier League,2425,Leicester City,Jamie Vardy,ENG,FW,37,1987,35,35,2823,31.4,9,4,13,8,1,2,5,0,0.29,0.13,0.41,0.26,0.38,31.4,0,27,23,27,11,5,12,,,0,9,58,26,44.8,1.85,0.83,0.14,0.31,1,2
ENG-Premier League,2425,Leicester City,Jannik Vestergaard,DEN,DF,31,1992,18,16,1391,15.5,0,0,0,0,0,0,5,0,0.0,0.0,0.0,0.0,0.0,15.5,0,12,4,0,0,15,10,,,1,0,3,2,66.7,0.19,0.13,0.0,0.0,0,0
ENG-Premier League,2425,Leicester City,Jeremy Monga,ENG,FW,15,2009,7,0,112,1.2,0,0,0,0,0,0,0,0,0.0,0.0,0.0,0.0,0.0,1.2,0,0,5,0,4,0,1,,,0,0,3,1,33.3,2.41,0.8,0.0,0.0,0,0
ENG-Premier League,2425,Leicester City,Jordan Ayew,GHA,MF,32,1991,30,19,1638,18.2,5,0,5,4,1,1,5,0,0.27,0.0,0.27,0.22,0.22,18.2,0,30,58,7,57,11,14,,,0,5,32,10,31.3,1.76,0.55,0.13,0.4,1,1
ENG-Premier League,2425,Leicester City,Kasey McAteer,IRL,MF,22,2001,18,9,852,9.5,1,1,2,1,0,0,3,0,0.11,0.11,0.21,0.11,0.21,9.5,0,18,15,3,21,2,15,,,0,1,13,7,53.8,1.37,0.74,0.08,0.14,0,0
ENG-Premier League,2425,Leicester City,Luke Thomas,ENG,DF,23,2001,14,13,1110,12.3,0,0,0,0,0,0,3,0,0.0,0.0,0.0,0.0,0.0,12.3,0,16,10,0,28,20,25,,,0,0,5,0,0.0,0.41,0.0,0.0,,0,0
ENG-Premier League,2425,Leicester City,Mads Hermansen,DEN,GK,24,2000,27,27,2385,26.5,0,0,0,0,0,0,1,0,0.0,0.0,0.0,0.0,0.0,26.5,0,0,3,0,0,0,1,,,0,0,0,0,,0.0,0.0,,,0,0
ENG-Premier League,2425,Leicester City,Michael Golding,ENG,MF,18,2006,1,0,1,0.0,0,0,0,0,0,0,0,0,0.0,0.0,0.0,0.0,0.0,0.0,0,0,0,0,0,0,0,,,0,0,0,0,,0.0,0.0,,,0,0
ENG-Premier League,2425,Leicester City,Odsonne Édouard,FRA,FW,26,1998,4,0,29,0.3,0,0,0,0,0,0,0,0,0.0,0.0,0.0,0.0,0.0,0.3,0,2,0,0,0,0,1,,,0,0,0,0,,0.0,0.0,,,0,0
ENG-Premier League,2425,Leicester City,Olabade Aluko,,DF,,,1,0,2,0.0,0,0,0,0,0,0,0,0,0.0,0.0,0.0,0.0,0.0,0.0,0,0,0,0,0,0,1,,,0,0,0,0,,0.0,0.0,,,0,0
ENG-Premier League,2425,Leicester City,Oliver Skipp,ENG,MF,23,2000,24,10,1129,12.5,0,0,0,0,0,0,8,0,0.0,0.0,0.0,0.0,0.0,12.5,0,21,13,0,5,12,4,,,0,0,5,1,20.0,0.4,0.08,0.0,0.0,0,0
ENG-Premier League,2425,Leicester City,Patson Daka,ZAM,"MF,FW",25,1998,23,6,736,8.2,1,0,1,1,0,0,0,0,0.12,0.0,0.12,0.12,0.12,8.2,0,15,19,3,3,1,10,,,0,1,15,4,26.7,1.83,0.49,0.07,0.25,0,0
ENG-Premier League,2425,Leicester City,Ricardo Pereira,POR,DF,30,1993,10,4,388,4.3,0,0,0,0,0,0,1,0,0.0,0.0,0.0,0.0,0.0,4.3,0,6,8,0,4,4,7,,,0,0,2,1,50.0,0.46,0.23,0.0,0.0,0,0
ENG-Premier League,2425,Leicester City,Stephy Mavididi,ENG,MF,26,1998,30,16,1615,17.9,4,1,5,4,0,0,2,0,0.22,0.06,0.28,0.22,0.28,17.9,0,18,18,3,70,8,20,,,0,4,26,7,26.9,1.45,0.39,0.15,0.57,0,0
ENG-Premier League,2425,Leicester City,Victor Bernth Kristiansen,DEN,"DF,MF",21,2002,30,29,2482,27.6,0,1,1,0,0,0,1,0,0.0,0.04,0.04,0.0,0.04,27.6,0,19,18,3,96,37,51,,,1,0,3,0,0.0,0.11,0.0,0.0,,0,0
ENG-Premier League,2425,Leicester City,Wilfred Ndidi,NGA,MF,27,1996,28,28,2324,25.8,0,5,5,0,0,0,8,0,0.0,0.19,0.19,0.0,0.19,25.8,0,39,18,3,30,27,48,,,1,0,22,8,36.4,0.85,0.31,0.0,0.0,0,0
ENG-Premier League,2425,Leicester City,Will Alves,ENG,MF,19,2005,1,0,1,0.0,0,0,0,0,0,0,0,0,0.0,0.0,0.0,0.0,0.0,0.0,0,0,0,0,0,0,0,,,0,0,0,0,,0.0,0.0,,,0,0
ENG-Premier League,2425,Leicester City,Wout Faes,BEL,DF,26,1998,34,30,2815,31.3,1,0,1,1,0,0,4,0,0.03,0.0,0.03,0.03,0.03,31.3,0,23,11,1,5,22,28,,,0,1,12,1,8.3,0.38,0.03,0.08,1.0,0,0
ENG-Premier League,2425,Leicester City,Woyo Coulibaly,MLI,DF,25,1999,4,1,109,1.2,0,0,0,0,0,0,1,0,0.0,0.0,0.0,0.0,0.0,1.2,0,2,1,0,0,5,4,,,0,0,2,1,50.0,1.65,0.83,0.0,0.0,0,0
ENG-Premier League,2425,Liverpool,Alexis Mac Allister,ARG,MF,25,1998,35,30,2599,28.9,5,5,10,5,0,0,6,0,0.17,0.17,0.35,0.17,0.35,28.9,0,62,40,2,86,22,59,,,0,5,38,14,36.8,1.32,0.48,0.13,0.36,0,0
ENG-Premier League,2425,Liverpool,Alisson,BRA,GK,31,1992,28,28,2508,27.9,0,0,0,0,0,0,0,0,0.0,0.0,0.0,0.0,0.0,27.9,0,0,2,0,0,0,0,,,0,0,0,0,,0.0,0.0,,,0,0
ENG-Premier League,2425,Liverpool,Andy Robertson,SCO,DF,30,1994,33,29,2482,27.6,0,1,1,0,0,0,3,1,0.0,0.04,0.04,0.0,0.04,27.6,0,11,8,3,145,21,21,,,1,0,15,3,20.0,0.54,0.11,0.0,0.0,0,0
ENG-Premier League,2425,Liverpool,Caoimhín Kelleher,IRL,GK,25,1998,10,10,900,10.0,0,0,0,0,0,0,0,0,0.0,0.0,0.0,0.0,0.0,10.0,0,0,3,0,0,0,0,,,0,0,0,0,,0.0,0.0,,,0,0
ENG-Premier League,2425,Liverpool,Cody Gakpo,NED,MF,25,1999,35,23,1935,21.5,10,4,14,10,0,0,5,0,0.47,0.19,0.65,0.47,0.65,21.5,0,20,31,5,73,12,17,,,0,10,57,23,40.4,2.65,1.07,0.18,0.43,0,0
ENG-Premier League,2425,Liverpool,Conor Bradley,NIR,DF,21,2003,19,7,754,8.4,0,2,2,0,0,0,4,0,0.0,0.24,0.24,0.0,0.24,8.4,0,12,14,1,7,3,10,,,0,0,10,3,30.0,1.19,0.36,0.0,0.0,0,0
ENG-Premier League,2425,Liverpool,Curtis Jones,ENG,"MF,DF",23,2001,33,19,1712,19.0,3,3,6,3,0,0,3,1,0.16,0.16,0.32,0.16,0.32,19.0,1,18,25,1,8,7,22,,,0,3,34,13,38.2,1.79,0.68,0.09,0.23,0,0
ENG-Premier League,2425,Liverpool,Darwin Núñez,URU,FW,25,1999,30,8,1133,12.6,5,2,7,5,0,0,8,0,0.4,0.16,0.56,0.4,0.56,12.6,0,27,14,12,3,4,18,,,0,5,34,13,38.2,2.7,1.03,0.15,0.38,0,0
ENG-Premier League,2425,Liverpool,Diogo Jota,POR,FW,27,1996,26,14,1196,13.3,6,3,9,6,0,0,2,0,0.45,0.23,0.68,0.45,0.68,13.3,0,23,14,1,8,8,9,,,0,6,51,13,25.5,3.84,0.98,0.12,0.46,0,0
ENG-Premier League,2425,Liverpool,Dominik Szoboszlai,HUN,MF,23,2000,36,29,2491,27.7,6,6,12,6,0,0,6,0,0.22,0.22,0.43,0.22,0.43,27.7,0,44,24,4,40,9,23,,,0,6,67,23,34.3,2.42,0.83,0.09,0.26,0,0
ENG-Premier League,2425,Liverpool,Federico Chiesa,ITA,FW,26,1997,6,1,108,1.2,0,0,0,0,0,0,0,0,0.0,0.0,0.0,0.0,0.0,1.2,0,3,2,0,2,0,0,,,0,0,5,2,40.0,4.17,1.67,0.0,0.0,0,0
ENG-Premier League,2425,Liverpool,Harvey Elliott,ENG,MF,21,2003,18,2,371,4.1,1,2,3,1,0,0,1,0,0.24,0.49,0.73,0.24,0.73,4.1,0,0,1,1,12,1,3,,,0,1,17,4,23.5,4.12,0.97,0.06,0.25,0,0
ENG-Premier League,2425,Liverpool,Ibrahima Konaté,FRA,DF,25,1999,31,30,2560,28.4,1,2,3,1,0,0,5,0,0.04,0.07,0.11,0.04,0.11,28.4,0,27,20,0,0,19,28,,,0,1,19,4,21.1,0.67,0.14,0.05,0.25,0,0
ENG-Premier League,2425,Liverpool,Jarell Quansah,ENG,DF,21,2003,13,4,495,5.5,0,0,0,0,0,0,2,0,0.0,0.0,0.0,0.0,0.0,5.5,0,9,1,0,2,7,8,,,1,0,1,0,0.0,0.18,0.0,0.0,,0,0
ENG-Premier League,2425,Liverpool,Jayden Danns,ENG,FW,18,2006,1,0,11,0.1,0,0,0,0,0,0,0,0,0.0,0.0,0.0,0.0,0.0,0.1,0,0,0,0,0,0,0,,,0,0,0,0,,0.0,0.0,,,0,0
ENG-Premier League,2425,Liverpool,Joe Gomez,ENG,DF,27,1997,9,6,519,5.8,0,0,0,0,0,0,1,0,0.0,0.0,0.0,0.0,0.0,5.8,0,2,3,0,1,7,10,,,0,0,3,2,66.7,0.52,0.35,0.0,0.0,0,0
ENG-Premier League,2425,Liverpool,Kostas Tsimikas,GRE,DF,28,1996,18,9,837,9.3,0,1,1,0,0,0,2,0,0.0,0.11,0.11,0.0,0.11,9.3,0,9,6,1,64,10,19,,,0,0,4,2,50.0,0.43,0.22,0.0,0.0,0,0
ENG-Premier League,2425,Liverpool,Luis Díaz,COL,"FW,MF",27,1997,36,28,2399,26.7,13,5,18,13,0,0,2,0,0.49,0.19,0.68,0.49,0.68,26.7,0,48,31,10,32,7,27,,,0,13,71,30,42.3,2.66,1.13,0.18,0.43,0,0
ENG-Premier League,2425,Liverpool,Mohamed Salah,EGY,MF,32,1992,38,38,3371,37.5,29,18,47,20,9,9,1,0,0.77,0.48,1.25,0.53,1.01,37.5,0,25,39,18,79,9,11,,,0,29,130,61,46.9,3.47,1.63,0.15,0.33,9,9
ENG-Premier League,2425,Liverpool,Ryan Gravenberch,NED,MF,22,2002,37,37,3160,35.1,0,4,4,0,0,0,6,1,0.0,0.11,0.11,0.0,0.11,35.1,0,47,52,0,7,56,37,,,0,0,20,5,25.0,0.57,0.14,0.0,0.0,0,0
ENG-Premier League,2425,Liverpool,Trent Alexander-Arnold,ENG,DF,25,1998,33,28,2365,26.3,3,6,9,3,0,0,5,0,0.11,0.23,0.34,0.11,0.34,26.3,0,11,9,1,154,31,49,,,0,3,45,8,17.8,1.71,0.3,0.07,0.38,0,0
ENG-Premier League,2425,Liverpool,Virgil van Dijk,NED,DF,33,1991,37,37,3330,37.0,3,1,4,3,0,0,5,0,0.08,0.03,0.11,0.08,0.11,37.0,0,17,13,0,1,54,20,,,0,3,26,8,30.8,0.7,0.22,0.12,0.38,0,0
ENG-Premier League,2425,Liverpool,Vitezslav Jaros,CZE,GK,23,2001,1,0,12,0.1,0,0,0,0,0,0,0,0,0.0,0.0,0.0,0.0,0.0,0.1,0,0,0,0,0,0,0,,,0,0,0,0,,0.0,0.0,,,0,0
ENG-Premier League,2425,Liverpool,Wataru Endo,JPN,MF,31,1993,20,1,273,3.0,0,0,0,0,0,0,0,0,0.0,0.0,0.0,0.0,0.0,3.0,0,15,7,0,1,6,8,,,0,0,0,0,,0.0,0.0,,,0,0
ENG-Premier League,2425,Manchester City,Abdukodir Khusanov,UZB,DF,20,2004,6,6,503,5.6,0,0,0,0,0,0,1,0,0.0,0.0,0.0,0.0,0.0,5.6,0,3,3,0,1,3,4,,,1,0,1,0,0.0,0.18,0.0,0.0,,0,0
ENG-Premier League,2425,Manchester City,Bernardo Silva,POR,MF,29,1994,33,29,2670,29.7,4,4,8,4,0,0,7,0,0.13,0.13,0.27,0.13,0.27,29.7,0,27,31,3,60,21,35,,,0,4,32,12,37.5,1.08,0.4,0.13,0.33,0,0
ENG-Premier League,2425,Manchester City,Claudio Echeverri,ARG,MF,18,2006,1,0,6,0.1,0,0,0,0,0,0,0,0,0.0,0.0,0.0,0.0,0.0,0.1,0,0,0,0,0,0,0,,,0,0,0,0,,0.0,0.0,,,0,0
ENG-Premier League,2425,Manchester City,Divin Mubama,ENG,FW,19,2004,1,0,28,0.3,0,0,0,0,0,0,0,0,0.0,0.0,0.0,0.0,0.0,0.3,0,0,0,0,0,0,0,,,0,0,1,0,0.0,3.21,0.0,0.0,,0,0
ENG-Premier League,2425,Manchester City,Ederson Moraes,BRA,GK,30,1993,26,26,2320,25.8,0,4,4,0,0,0,4,0,0.0,0.16,0.16,0.0,0.16,25.8,0,1,0,0,0,1,0,,,0,0,0,0,,0.0,0.0,,,0,0
ENG-Premier League,2425,Manchester City,Erling Haaland,NOR,FW,24,2000,31,31,2736,30.4,22,3,25,19,3,4,2,0,0.72,0.1,0.82,0.62,0.72,30.4,0,24,13,4,3,5,6,,,0,22,109,60,55.0,3.59,1.97,0.17,0.32,3,4
ENG-Premier League,2425,Manchester City,Jack Grealish,ENG,"MF,FW",28,1995,20,7,721,8.0,1,1,2,1,0,0,3,0,0.12,0.12,0.25,0.12,0.25,8.0,0,5,25,0,20,2,4,,,0,1,15,5,33.3,1.87,0.62,0.07,0.2,0,0
ENG-Premier League,2425,Manchester City,Jahmai Simpson-Pusey,ENG,DF,18,2005,2,1,96,1.1,0,0,0,0,0,0,1,0,0.0,0.0,0.0,0.0,0.0,1.1,0,0,1,0,0,0,0,,,0,0,0,0,,0.0,0.0,,,0,0
ENG-Premier League,2425,Manchester City,James Mcatee,ENG,MF,21,2002,15,3,349,3.9,3,0,3,3,0,0,1,0,0.77,0.0,0.77,0.77,0.77,3.9,0,6,3,0,8,2,1,,,0,3,12,4,33.3,3.09,1.03,0.25,0.75,0,0
ENG-Premier League,2425,Manchester City,Jeremy Doku,BEL,"MF,FW",22,2002,29,16,1516,16.8,3,6,9,3,0,0,1,0,0.18,0.36,0.53,0.18,0.53,16.8,0,10,33,5,59,3,23,,,0,3,29,9,31.0,1.72,0.53,0.1,0.33,0,0
ENG-Premier League,2425,Manchester City,John Stones,ENG,DF,30,1994,11,6,548,6.1,2,0,2,2,0,0,1,0,0.33,0.0,0.33,0.33,0.33,6.1,0,2,2,0,0,4,3,,,0,2,2,2,100.0,0.33,0.33,1.0,1.0,0,0
ENG-Premier League,2425,Manchester City,Joško Gvardiol,CRO,DF,22,2002,37,36,3277,36.4,5,0,5,5,0,0,2,0,0.14,0.0,0.14,0.14,0.14,36.4,0,16,27,3,22,42,38,,,0,5,40,12,30.0,1.1,0.33,0.13,0.42,0,0
ENG-Premier League,2425,Manchester City,Kevin De Bruyne,BEL,"MF,FW",33,1991,28,19,1702,18.9,4,7,11,4,0,0,2,0,0.21,0.37,0.58,0.21,0.58,18.9,0,17,18,5,144,7,9,,,0,4,57,18,31.6,3.01,0.95,0.07,0.22,0,0
ENG-Premier League,2425,Manchester City,Kyle Walker,ENG,DF,34,1990,15,9,970,10.8,0,0,0,0,0,0,3,0,0.0,0.0,0.0,0.0,0.0,10.8,0,6,4,1,14,3,10,,,0,0,5,2,40.0,0.46,0.19,0.0,0.0,0,0
ENG-Premier League,2425,Manchester City,Manuel Akanji,SUI,"DF,MF",29,1995,26,23,2014,22.4,0,0,0,0,0,0,3,0,0.0,0.0,0.0,0.0,0.0,22.4,0,17,9,0,11,9,11,,,0,0,15,2,13.3,0.67,0.09,0.0,0.0,0,0
ENG-Premier League,2425,Manchester City,Mateo Kovačić,CRO,"MF,DF",30,1994,31,25,2198,24.4,6,2,8,6,0,0,5,1,0.25,0.08,0.33,0.25,0.33,24.4,0,24,26,0,0,22,39,,,0,6,45,12,26.7,1.84,0.49,0.13,0.5,0,0
ENG-Premier League,2425,Manchester City,Matheus Nunes,POR,"DF,MF",25,1998,26,19,1674,18.6,1,6,7,1,0,0,4,0,0.05,0.32,0.38,0.05,0.38,18.6,0,30,20,6,45,14,21,,,0,1,9,4,44.4,0.48,0.22,0.11,0.25,0,0
ENG-Premier League,2425,Manchester City,Nathan Aké,NED,DF,29,1995,10,8,678,7.5,0,0,0,0,0,0,0,0,0.0,0.0,0.0,0.0,0.0,7.5,0,2,0,0,1,3,6,,,0,0,3,0,0.0,0.4,0.0,0.0,,0,0
ENG-Premier League,2425,Manchester City,Nico O'Reilly,ENG,DF,19,2005,9,6,528,5.9,2,0,2,2,0,0,0,0,0.34,0.0,0.34,0.34,0.34,5.9,0,6,4,1,8,4,4,,,0,2,8,3,37.5,1.36,0.51,0.25,0.67,0,0
ENG-Premier League,2425,Manchester City,Nicolás González,ESP,MF,22,2002,11,9,760,8.4,1,0,1,1,0,0,3,0,0.12,0.0,0.12,0.12,0.12,8.4,0,13,5,0,1,8,4,,,0,1,9,2,22.2,1.07,0.24,0.11,0.5,0,0
ENG-Premier League,2425,Manchester City,Omar Marmoush,EGY,"MF,FW",25,1999,16,14,1175,13.1,7,0,7,7,0,0,0,0,0.54,0.0,0.54,0.54,0.54,13.1,0,15,20,10,29,6,8,,,0,7,49,17,34.7,3.75,1.3,0.14,0.41,0,0
ENG-Premier League,2425,Manchester City,Oscar Bobb,NOR,"FW,MF",21,2003,3,0,16,0.2,0,0,0,0,0,0,0,0,0.0,0.0,0.0,0.0,0.0,0.2,0,0,1,0,0,0,0,,,0,0,0,0,,0.0,0.0,,,0,0
ENG-Premier League,2425,Manchester City,Phil Foden,ENG,"MF,FW",24,2000,28,20,1777,19.7,7,2,9,7,0,0,2,0,0.35,0.1,0.46,0.35,0.46,19.7,0,5,35,3,81,9,5,,,0,7,54,16,29.6,2.73,0.81,0.13,0.44,0,0
ENG-Premier League,2425,Manchester City,Rico Lewis,ENG,"DF,MF",19,2004,28,21,1893,21.0,1,2,3,1,0,0,5,1,0.05,0.1,0.14,0.05,0.14,21.0,1,12,34,0,7,14,17,,,0,1,10,2,20.0,0.48,0.1,0.1,0.5,0,0
ENG-Premier League,2425,Manchester City,Rodri,ESP,MF,28,1996,3,1,73,0.8,0,0,0,0,0,0,0,0,0.0,0.0,0.0,0.0,0.0,0.8,0,1,2,0,0,1,1,,,0,0,0,0,,0.0,0.0,,,0,0
ENG-Premier League,2425,Manchester City,Rúben Dias,POR,"DF,MF",27,1997,27,25,2271,25.2,0,0,0,0,0,0,4,0,0.0,0.0,0.0,0.0,0.0,25.2,0,12,8,0,3,19,11,,,1,0,21,7,33.3,0.83,0.28,0.0,0.0,0,0
ENG-Premier League,2425,Manchester City,Stefan Ortega,GER,GK,31,1992,13,12,1100,12.2,0,0,0,0,0,0,1,0,0.0,0.0,0.0,0.0,0.0,12.2,0,1,2,0,0,0,0,,,0,0,0,0,,0.0,0.0,,,0,0
ENG-Premier League,2425,Manchester City,Sávio,BRA,"MF,FW",20,2004,29,21,1766,19.6,1,8,9,1,0,0,3,0,0.05,0.41,0.46,0.05,0.46,19.6,0,17,28,3,84,4,17,,,0,1,55,21,38.2,2.8,1.07,0.02,0.05,0,0
ENG-Premier League,2425,Manchester City,Vitor Reis,BRA,DF,18,2006,1,0,1,0.0,0,0,0,0,0,0,0,0,0.0,0.0,0.0,0.0,0.0,0.0,0,0,0,0,0,0,0,,,0,0,0,0,,0.0,0.0,,,0,0
ENG-Premier League,2425,Manchester City,İlkay Gündoğan,GER,MF,33,1990,33,25,2223,24.7,1,6,7,1,0,0,1,0,0.04,0.24,0.28,0.04,0.28,24.7,0,15,27,1,62,14,13,,,0,1,27,7,25.9,1.09,0.28,0.04,0.14,0,0
ENG-Premier League,2425,Manchester Utd,Alejandro Garnacho,ARG,MF,20,2004,36,23,2199,24.4,6,2,8,6,0,0,3,0,0.25,0.08,0.33,0.25,0.33,24.4,0,12,44,10,55,13,16,,,0,6,84,30,35.7,3.44,1.23,0.07,0.2,0,0
ENG-Premier League,2425,Manchester Utd,Altay Bayındır,TUR,GK,26,1998,4,4,360,4.0,0,0,0,0,0,0,0,0,0.0,0.0,0.0,0.0,0.0,4.0,0,0,1,0,0,0,0,,,0,0,0,0,,0.0,0.0,,,0,0
ENG-Premier League,2425,Manchester Utd,Amad Diallo,CIV,"MF,FW",22,2002,26,20,1901,21.1,8,6,14,8,0,0,5,0,0.38,0.28,0.66,0.38,0.66,21.1,0,20,28,9,43,10,31,,,0,8,47,17,36.2,2.23,0.8,0.17,0.47,0,0
ENG-Premier League,2425,Manchester Utd,André Onana,CMR,GK,28,1996,34,34,3060,34.0,0,0,0,0,0,0,0,0,0.0,0.0,0.0,0.0,0.0,34.0,0,0,2,0,0,0,2,,,0,0,0,0,,0.0,0.0,,,0,0
ENG-Premier League,2425,Manchester Utd,Antony,BRA,"FW,MF",24,2000,8,0,141,1.6,0,0,0,0,0,0,0,0,0.0,0.0,0.0,0.0,0.0,1.6,0,2,5,0,5,2,3,,,0,0,6,3,50.0,3.83,1.91,0.0,0.0,0,0
ENG-Premier League,2425,Manchester Utd,Ayden Heaven,ENG,DF,17,2006,4,2,170,1.9,0,0,0,0,0,0,1,0,0.0,0.0,0.0,0.0,0.0,1.9,0,4,4,0,0,4,3,,,0,0,2,0,0.0,1.06,0.0,0.0,,0,0
ENG-Premier League,2425,Manchester Utd,Bruno Fernandes,POR,MF,29,1994,36,35,3018,33.5,8,10,18,5,3,3,5,2,0.24,0.3,0.54,0.15,0.45,33.5,1,32,40,2,185,26,52,,,0,8,96,29,30.2,2.86,0.86,0.05,0.17,3,3
ENG-Premier League,2425,Manchester Utd,Casemiro,BRA,MF,32,1992,24,18,1494,16.6,1,0,1,1,0,0,5,0,0.06,0.0,0.06,0.06,0.06,16.6,0,20,19,3,20,15,52,,,0,1,32,10,31.3,1.93,0.6,0.03,0.1,0,0
ENG-Premier League,2425,Manchester Utd,Chidozie Obi-Martin,DEN,FW,16,2007,7,1,165,1.8,0,0,0,0,0,0,1,0,0.0,0.0,0.0,0.0,0.0,1.8,0,3,1,0,0,0,1,,,0,0,5,1,20.0,2.73,0.55,0.0,0.0,0,0
ENG-Premier League,2425,Manchester Utd,Christian Eriksen,DEN,MF,32,1992,23,11,1061,11.8,1,2,3,0,1,1,4,0,0.08,0.17,0.25,0.0,0.17,11.8,0,8,3,0,84,7,8,,,0,1,15,2,13.3,1.27,0.17,0.0,0.0,1,1
ENG-Premier League,2425,Manchester Utd,Diogo Dalot,POR,"MF,DF",25,1999,33,31,2814,31.3,0,3,3,0,0,0,5,0,0.0,0.1,0.1,0.0,0.1,31.3,0,40,9,4,64,35,38,,,0,0,24,5,20.8,0.77,0.16,0.0,0.0,0,0
ENG-Premier League,2425,Manchester Utd,Harry Amass,ENG,MF,17,2007,5,4,346,3.8,0,0,0,0,0,0,0,0,0.0,0.0,0.0,0.0,0.0,3.8,0,2,4,1,9,2,2,,,0,0,3,0,0.0,0.78,0.0,0.0,,0,0
ENG-Premier League,2425,Manchester Utd,Harry Maguire,ENG,DF,31,1993,27,19,1758,19.5,1,0,1,1,0,0,7,0,0.05,0.0,0.05,0.05,0.05,19.5,0,18,11,3,3,37,16,,,0,1,15,7,46.7,0.77,0.36,0.07,0.14,0,0
ENG-Premier League,2425,Manchester Utd,Jonny Evans,NIR,DF,36,1988,7,3,315,3.5,0,0,0,0,0,0,1,0,0.0,0.0,0.0,0.0,0.0,3.5,0,5,6,0,0,5,6,,,0,0,2,1,50.0,0.57,0.29,0.0,0.0,0,0
ENG-Premier League,2425,Manchester Utd,Joshua Zirkzee,NED,"FW,MF",23,2001,32,14,1402,15.6,3,1,4,3,0,0,2,0,0.19,0.06,0.26,0.19,0.26,15.6,0,9,13,3,3,6,8,,,0,3,28,11,39.3,1.8,0.71,0.11,0.27,0,0
ENG-Premier League,2425,Manchester Utd,Kobbie Mainoo,ENG,MF,19,2005,25,19,1651,18.3,0,0,0,0,0,0,5,0,0.0,0.0,0.0,0.0,0.0,18.3,0,27,21,3,7,19,28,,,0,0,15,2,13.3,0.82,0.11,0.0,0.0,0,0
ENG-Premier League,2425,Manchester Utd,Leny Yoro,FRA,DF,18,2005,21,12,1165,12.9,0,0,0,0,0,0,5,0,0.0,0.0,0.0,0.0,0.0,12.9,0,9,2,1,1,17,11,,,0,0,5,1,20.0,0.39,0.08,0.0,0.0,0,0
ENG-Premier League,2425,Manchester Utd,Lisandro Martínez,ARG,DF,26,1998,20,20,1751,19.5,2,1,3,2,0,0,7,0,0.1,0.05,0.15,0.1,0.15,19.5,0,22,7,0,9,31,24,,,0,2,17,6,35.3,0.87,0.31,0.12,0.33,0,0
ENG-Premier League,2425,Manchester Utd,Luke Shaw,ENG,DF,29,1995,7,4,349,3.9,0,0,0,0,0,0,1,0,0.0,0.0,0.0,0.0,0.0,3.9,0,3,1,0,10,2,3,,,1,0,1,0,0.0,0.26,0.0,0.0,,0,0
ENG-Premier League,2425,Manchester Utd,Manuel Ugarte,URU,MF,23,2001,29,22,1785,19.8,1,2,3,1,0,0,11,0,0.05,0.1,0.15,0.05,0.15,19.8,0,41,33,0,7,26,50,,,1,1,19,4,21.1,0.96,0.2,0.05,0.25,0,0
ENG-Premier League,2425,Manchester Utd,Marcus Rashford,ENG,MF,26,1997,15,12,978,10.9,4,1,5,4,0,0,2,0,0.37,0.09,0.46,0.37,0.46,10.9,0,8,7,7,27,5,4,,,0,4,16,9,56.3,1.47,0.83,0.25,0.44,0,0
ENG-Premier League,2425,Manchester Utd,Mason Mount,ENG,"MF,FW",25,1999,17,8,622,6.9,1,0,1,1,0,0,3,0,0.14,0.0,0.14,0.14,0.14,6.9,0,16,9,1,13,4,5,,,0,1,20,9,45.0,2.89,1.3,0.05,0.11,0,0
ENG-Premier League,2425,Manchester Utd,Matthijs de Ligt,NED,DF,24,1999,29,25,2123,23.6,2,0,2,2,0,0,3,0,0.08,0.0,0.08,0.08,0.08,23.6,0,16,12,2,6,32,22,,,0,2,18,10,55.6,0.76,0.42,0.11,0.2,0,0
ENG-Premier League,2425,Manchester Utd,Noussair Mazraoui,MAR,"DF,MF",26,1997,37,34,2838,31.5,0,1,1,0,0,0,3,0,0.0,0.03,0.03,0.0,0.03,31.5,0,38,25,4,23,35,71,,,0,0,13,3,23.1,0.41,0.1,0.0,0.0,0,0
ENG-Premier League,2425,Manchester Utd,Patrick Dorgu,DEN,MF,19,2004,12,10,842,9.4,0,0,0,0,0,0,3,1,0.0,0.0,0.0,0.0,0.0,9.4,0,17,28,3,37,3,23,,,0,0,10,2,20.0,1.07,0.21,0.0,0.0,0,0
ENG-Premier League,2425,Manchester Utd,Rasmus Højlund,DEN,FW,21,2003,32,23,2004,22.3,4,0,4,4,0,0,2,0,0.18,0.0,0.18,0.18,0.18,22.3,0,18,28,13,7,2,1,,,0,4,32,13,40.6,1.44,0.58,0.13,0.31,0,0
ENG-Premier League,2425,Manchester Utd,Scott McTominay,SCO,MF,27,1996,2,0,19,0.2,0,0,0,0,0,0,0,0,0.0,0.0,0.0,0.0,0.0,0.2,0,0,0,0,0,0,0,,,0,0,1,0,0.0,4.74,0.0,0.0,,0,0
ENG-Premier League,2425,Manchester Utd,Toby Collyer,ENG,MF,20,2004,6,0,179,2.0,0,0,0,0,0,0,0,0,0.0,0.0,0.0,0.0,0.0,2.0,0,2,4,0,0,3,9,,,0,0,1,0,0.0,0.5,0.0,0.0,,0,0
ENG-Premier League,2425,Manchester Utd,Tyler Fredricson,ENG,DF,19,2005,2,2,165,1.8,0,0,0,0,0,0,0,0,0.0,0.0,0.0,0.0,0.0,1.8,0,0,2,0,0,1,3,,,0,0,0,0,,0.0,0.0,,,0,0
ENG-Premier League,2425,Manchester Utd,Tyrell Malacia,NED,MF,24,1999,3,2,100,1.1,0,0,0,0,0,0,1,0,0.0,0.0,0.0,0.0,0.0,1.1,0,3,2,0,1,2,1,,,0,0,0,0,,0.0,0.0,,,0,0
ENG-Premier League,2425,Manchester Utd,Victor Lindelöf,SWE,DF,30,1994,16,6,704,7.8,0,0,0,0,0,0,1,0,0.0,0.0,0.0,0.0,0.0,7.8,0,8,1,0,1,7,2,,,0,0,0,0,,0.0,0.0,,,0,0
ENG-Premier League,2425,Newcastle,Alexander Isak,SWE,FW,24,1999,34,34,2756,30.6,23,6,29,19,4,4,1,0,0.75,0.2,0.95,0.62,0.82,30.6,0,28,14,20,16,3,5,,,0,23,99,46,46.5,3.23,1.5,0.19,0.41,4,4
ENG-Premier League,2425,Newcastle,Anthony Gordon,ENG,"FW,MF",23,2001,34,28,2434,27.0,6,5,11,5,1,2,2,0,0.22,0.18,0.41,0.18,0.37,27.0,0,20,71,8,130,6,17,,,0,6,59,19,32.2,2.18,0.7,0.08,0.26,1,2
ENG-Premier League,2425,Newcastle,Bruno Guimarães,BRA,MF,26,1997,38,38,3271,36.3,5,6,11,5,0,0,7,0,0.14,0.17,0.3,0.14,0.3,36.3,0,65,107,2,29,28,47,,,0,5,45,15,33.3,1.24,0.41,0.11,0.33,0,0
ENG-Premier League,2425,Newcastle,Callum Wilson,ENG,FW,32,1992,18,2,370,4.1,0,0,0,0,0,0,1,0,0.0,0.0,0.0,0.0,0.0,4.1,0,4,1,3,2,1,2,,,0,0,6,1,16.7,1.46,0.24,0.0,0.0,0,0
ENG-Premier League,2425,Newcastle,Dan Burn,ENG,DF,32,1992,37,37,3330,37.0,1,1,2,1,0,0,11,0,0.03,0.03,0.05,0.03,0.05,37.0,0,34,12,5,3,27,25,,,2,1,22,6,27.3,0.59,0.16,0.05,0.17,0,0
ENG-Premier League,2425,Newcastle,Emil Krafth,SWE,DF,29,1994,12,2,342,3.8,0,0,0,0,0,0,2,0,0.0,0.0,0.0,0.0,0.0,3.8,0,5,2,0,2,3,1,,,0,0,1,0,0.0,0.26,0.0,0.0,,0,0
ENG-Premier League,2425,Newcastle,Fabian Schär,SUI,DF,32,1991,34,33,2934,32.6,4,0,4,4,0,0,9,1,0.12,0.0,0.12,0.12,0.12,32.6,0,35,16,4,12,43,20,,,0,4,40,11,27.5,1.23,0.34,0.1,0.36,0,0
ENG-Premier League,2425,Newcastle,Harvey Barnes,ENG,"FW,MF",26,1997,33,17,1755,19.5,9,4,13,9,0,0,0,0,0.46,0.21,0.67,0.46,0.67,19.5,0,15,23,5,47,6,9,,,0,9,63,21,33.3,3.23,1.08,0.14,0.43,0,0
ENG-Premier League,2425,Newcastle,Jacob Murphy,ENG,"FW,MF",29,1995,35,31,2360,26.2,8,12,20,8,0,0,4,0,0.31,0.46,0.76,0.31,0.76,26.2,0,11,14,3,119,11,18,,,0,8,43,15,34.9,1.64,0.57,0.19,0.53,0,0
ENG-Premier League,2425,Newcastle,Joe Willock,ENG,MF,24,1999,32,11,1086,12.1,0,2,2,0,0,0,4,0,0.0,0.17,0.17,0.0,0.17,12.1,0,22,13,3,17,7,18,,,0,0,18,3,16.7,1.49,0.25,0.0,0.0,0,0
ENG-Premier League,2425,Newcastle,Joelinton,BRA,"MF,FW",27,1996,29,29,2393,26.6,4,3,7,4,0,0,10,0,0.15,0.11,0.26,0.15,0.26,26.6,0,58,34,7,16,20,35,,,0,4,45,14,31.1,1.69,0.53,0.09,0.29,0,0
ENG-Premier League,2425,Newcastle,Kieran Trippier,ENG,DF,33,1990,25,14,1309,14.5,0,3,3,0,0,0,1,0,0.0,0.21,0.21,0.0,0.21,14.5,0,16,11,2,83,11,22,,,0,0,4,0,0.0,0.28,0.0,0.0,,0,0
ENG-Premier League,2425,Newcastle,Lewis Hall,ENG,DF,19,2004,27,24,2189,24.3,0,4,4,0,0,0,3,0,0.0,0.16,0.16,0.0,0.16,24.3,0,9,21,1,110,17,40,,,0,0,11,1,9.1,0.45,0.04,0.0,0.0,0,0
ENG-Premier League,2425,Newcastle,Lewis Miley,ENG,MF,18,2006,14,1,313,3.5,1,0,1,1,0,0,0,0,0.29,0.0,0.29,0.29,0.29,3.5,0,3,1,0,0,2,11,,,0,1,3,2,66.7,0.86,0.58,0.33,0.5,0,0
ENG-Premier League,2425,Newcastle,Lloyd Kelly,ENG,DF,25,1998,10,4,303,3.4,0,1,1,0,0,0,2,0,0.0,0.3,0.3,0.0,0.3,3.4,0,5,5,1,1,1,4,,,0,0,3,0,0.0,0.89,0.0,0.0,,0,0
ENG-Premier League,2425,Newcastle,Martin Dúbravka,SVK,GK,35,1989,10,10,900,10.0,0,0,0,0,0,0,0,0,0.0,0.0,0.0,0.0,0.0,10.0,0,0,1,0,0,0,0,,,0,0,0,0,,0.0,0.0,,,0,0
ENG-Premier League,2425,Newcastle,Matt Targett,ENG,"DF,MF",28,1995,2,0,21,0.2,0,0,0,0,0,0,0,0,0.0,0.0,0.0,0.0,0.0,0.2,0,0,0,0,1,1,0,,,0,0,0,0,,0.0,0.0,,,0,0
ENG-Premier League,2425,Newcastle,Miguel Almirón,PAR,FW,30,1994,9,1,157,1.7,0,0,0,0,0,0,0,0,0.0,0.0,0.0,0.0,0.0,1.7,0,1,3,2,0,0,2,,,0,0,6,2,33.3,3.44,1.15,0.0,0.0,0,0
ENG-Premier League,2425,Newcastle,Nick Pope,ENG,GK,32,1992,28,28,2520,28.0,0,0,0,0,0,0,2,0,0.0,0.0,0.0,0.0,0.0,28.0,0,2,5,0,0,1,0,,,0,0,0,0,,0.0,0.0,,,0,0
ENG-Premier League,2425,Newcastle,Sandro Tonali,ITA,MF,24,2000,36,28,2630,29.2,4,2,6,4,0,0,5,0,0.14,0.07,0.21,0.14,0.21,29.2,0,37,49,2,54,32,32,,,0,4,35,12,34.3,1.2,0.41,0.11,0.33,0,0
ENG-Premier League,2425,Newcastle,Sean Longstaff,ENG,MF,26,1997,25,8,798,8.9,0,0,0,0,0,0,2,0,0.0,0.0,0.0,0.0,0.0,8.9,0,9,6,0,5,7,15,,,0,0,6,1,16.7,0.68,0.11,0.0,0.0,0,0
ENG-Premier League,2425,Newcastle,Sven Botman,NED,DF,24,2000,8,6,412,4.6,0,0,0,0,0,0,1,0,0.0,0.0,0.0,0.0,0.0,4.6,0,5,4,0,0,5,8,,,0,0,5,2,40.0,1.09,0.44,0.0,0.0,0,0
ENG-Premier League,2425,Newcastle,Tino Livramento,ENG,DF,21,2002,37,32,2840,31.6,0,1,1,0,0,0,1,0,0.0,0.03,0.03,0.0,0.03,31.6,0,6,35,2,52,26,34,,,0,0,6,2,33.3,0.19,0.06,0.0,0.0,0,0
ENG-Premier League,2425,Newcastle,William Osula,DEN,FW,20,2003,14,0,134,1.5,1,0,1,1,0,0,0,0,0.67,0.0,0.67,0.67,0.67,1.5,0,4,1,1,4,3,0,,,0,1,4,1,25.0,2.69,0.67,0.25,1.0,0,0
ENG-Premier League,2425,Nottingham,Anthony Elanga,SWE,"MF,FW",22,2002,38,31,2501,27.8,6,11,17,6,0,0,1,0,0.22,0.4,0.61,0.22,0.61,27.8,0,9,47,18,184,6,15,,,0,6,44,24,54.5,1.58,0.86,0.14,0.25,0,0
ENG-Premier League,2425,Nottingham,Callum Hudson-Odoi,ENG,MF,23,2000,31,25,2194,24.4,5,2,7,5,0,0,2,0,0.21,0.08,0.29,0.21,0.29,24.4,0,12,25,8,80,13,16,,,0,5,37,17,45.9,1.52,0.7,0.14,0.29,0,0
ENG-Premier League,2425,Nottingham,Chris Wood,NZL,FW,32,1991,36,35,2959,32.9,20,3,23,17,3,3,1,0,0.61,0.09,0.7,0.52,0.61,32.9,0,25,24,28,1,6,5,,,0,20,68,35,51.5,2.07,1.06,0.25,0.49,3,3
ENG-Premier League,2425,Nottingham,Danilo Santos,BRA,MF,23,2001,8,5,275,3.1,0,0,0,0,0,0,0,0,0.0,0.0,0.0,0.0,0.0,3.1,0,2,0,0,3,4,3,,,0,0,0,0,,0.0,0.0,,,0,0
ENG-Premier League,2425,Nottingham,Elliot Anderson,ENG,MF,21,2002,37,33,2728,30.3,2,6,8,2,0,0,10,0,0.07,0.2,0.26,0.07,0.26,30.3,0,47,57,4,86,29,55,,,0,2,40,7,17.5,1.32,0.23,0.05,0.29,0,0
ENG-Premier League,2425,Nottingham,Eric da Silva Moreira,GER,DF,18,2006,2,0,30,0.3,0,0,0,0,0,0,0,0,0.0,0.0,0.0,0.0,0.0,0.3,0,0,0,0,0,1,2,,,0,0,0,0,,0.0,0.0,,,0,0
ENG-Premier League,2425,Nottingham,Harry Toffolo,ENG,DF,28,1995,4,1,137,1.5,0,0,0,0,0,0,1,0,0.0,0.0,0.0,0.0,0.0,1.5,0,1,0,0,4,1,3,,,0,0,1,0,0.0,0.66,0.0,0.0,,0,0
ENG-Premier League,2425,Nottingham,Ibrahim Sangaré,CIV,MF,26,1997,13,7,590,6.6,0,1,1,0,0,0,3,0,0.0,0.15,0.15,0.0,0.15,6.6,0,16,8,0,2,7,13,,,0,0,1,1,100.0,0.15,0.15,0.0,0.0,0,0
ENG-Premier League,2425,Nottingham,James Ward-Prowse,ENG,MF,29,1994,9,5,400,4.4,0,1,1,0,0,0,2,1,0.0,0.23,0.23,0.0,0.23,4.4,1,7,2,0,19,5,1,,,0,0,2,1,50.0,0.45,0.23,0.0,0.0,0,0
ENG-Premier League,2425,Nottingham,Jota Silva,POR,MF,24,1999,31,5,854,9.5,3,1,4,3,0,0,5,0,0.32,0.11,0.42,0.32,0.42,9.5,0,24,23,8,21,11,16,,,0,3,23,7,30.4,2.42,0.74,0.13,0.43,0,0
ENG-Premier League,2425,Nottingham,Matz Sels,BEL,GK,32,1992,38,38,3420,38.0,0,0,0,0,0,0,4,0,0.0,0.0,0.0,0.0,0.0,38.0,0,1,8,0,0,0,1,,,0,0,0,0,,0.0,0.0,,,0,0
ENG-Premier League,2425,Nottingham,Morato,BRA,DF,23,2001,26,6,907,10.1,0,0,0,0,0,0,5,0,0.0,0.0,0.0,0.0,0.0,10.1,0,11,2,0,0,9,14,,,0,0,2,1,50.0,0.2,0.1,0.0,0.0,0,0
ENG-Premier League,2425,Nottingham,Morgan Gibbs-White,ENG,MF,24,2000,34,34,2803,31.1,7,8,15,7,0,0,11,1,0.22,0.26,0.48,0.22,0.48,31.1,1,38,40,7,46,22,21,,,0,7,61,22,36.1,1.96,0.71,0.11,0.32,0,0
ENG-Premier League,2425,Nottingham,Murillo,BRA,DF,22,2002,36,36,3188,35.4,2,0,2,2,0,0,6,0,0.06,0.0,0.06,0.06,0.06,35.4,0,27,7,0,14,36,39,,,0,2,25,6,24.0,0.71,0.17,0.08,0.33,0,0
ENG-Premier League,2425,Nottingham,Neco Williams,WAL,"DF,MF",23,2001,35,28,2594,28.8,1,3,4,1,0,0,7,0,0.03,0.1,0.14,0.03,0.14,28.8,0,24,43,2,60,30,57,,,0,1,37,7,18.9,1.28,0.24,0.03,0.14,0,0
ENG-Premier League,2425,Nottingham,Nicolás Domínguez,ARG,MF,26,1998,34,23,1963,21.8,0,1,1,0,0,0,9,0,0.0,0.05,0.05,0.0,0.05,21.8,0,33,18,1,8,28,48,,,0,0,21,9,42.9,0.96,0.41,0.0,0.0,0,0
ENG-Premier League,2425,Nottingham,Nikola Milenković,SRB,DF,26,1997,37,37,3330,37.0,5,2,7,5,0,0,4,0,0.14,0.05,0.19,0.14,0.19,37.0,0,20,5,2,0,25,28,,,0,5,29,8,27.6,0.78,0.22,0.17,0.63,0,0
ENG-Premier League,2425,Nottingham,Ola Aina,NGA,DF,27,1996,35,35,2995,33.3,2,1,3,2,0,0,5,0,0.06,0.03,0.09,0.06,0.09,33.3,0,23,35,2,59,31,41,,,0,2,11,2,18.2,0.33,0.06,0.18,1.0,0,0
ENG-Premier League,2425,Nottingham,Ramón Sosa,PAR,MF,24,1999,19,1,295,3.3,1,0,1,1,0,0,1,0,0.31,0.0,0.31,0.31,0.31,3.3,0,6,8,3,8,4,3,,,0,1,11,5,45.5,3.36,1.53,0.09,0.2,0,0
ENG-Premier League,2425,Nottingham,Ryan Yates,ENG,MF,26,1997,35,18,1915,21.3,2,1,3,2,0,0,10,0,0.09,0.05,0.14,0.09,0.14,21.3,0,54,48,7,8,25,21,,,0,2,33,9,27.3,1.55,0.42,0.06,0.22,0,0
ENG-Premier League,2425,Nottingham,Taiwo Awoniyi,NGA,FW,26,1997,26,3,416,4.6,1,0,1,1,0,0,0,0,0.22,0.0,0.22,0.22,0.22,4.6,0,8,10,1,2,0,4,,,0,1,10,4,40.0,2.16,0.87,0.1,0.25,0,0
ENG-Premier League,2425,Nottingham,Willy Boly,CIV,DF,33,1991,6,1,150,1.7,0,0,0,0,0,0,1,0,0.0,0.0,0.0,0.0,0.0,1.7,0,1,0,0,0,3,1,,,0,0,1,1,100.0,0.6,0.6,0.0,0.0,0,0
ENG-Premier League,2425,Nottingham,Álex Moreno,ESP,DF,31,1993,15,11,955,10.6,0,1,1,0,0,0,2,0,0.0,0.09,0.09,0.0,0.09,10.6,0,12,6,0,19,16,18,,,0,0,6,0,0.0,0.57,0.0,0.0,,0,0
ENG-Premier League,2425,Southampton,Aaron Ramsdale,ENG,GK,26,1998,30,30,2700,30.0,0,0,0,0,0,0,2,0,0.0,0.0,0.0,0.0,0.0,30.0,0,1,4,0,0,1,0,,,0,0,0,0,,0.0,0.0,,,0,0
ENG-Premier League,2425,Southampton,Adam Armstrong,ENG,"FW,MF",27,1997,20,15,1248,13.9,2,2,4,2,0,1,4,0,0.14,0.14,0.29,0.14,0.29,13.9,0,12,5,9,14,4,3,,,0,2,26,9,34.6,1.87,0.65,0.08,0.22,0,1
ENG-Premier League,2425,Southampton,Adam Lallana,ENG,MF,36,1988,14,5,361,4.0,0,2,2,0,0,0,4,0,0.0,0.5,0.5,0.0,0.5,4.0,0,8,8,0,4,5,5,,,0,0,3,0,0.0,0.75,0.0,0.0,,0,0
ENG-Premier League,2425,Southampton,Albert Grønbaek,DEN,"MF,FW",23,2001,4,2,143,1.6,0,0,0,0,0,0,0,0,0.0,0.0,0.0,0.0,0.0,1.6,0,0,1,0,1,0,1,,,0,0,2,0,0.0,1.26,0.0,0.0,,0,0
ENG-Premier League,2425,Southampton,Alex McCarthy,ENG,GK,34,1989,5,5,450,5.0,0,0,0,0,0,0,0,0,0.0,0.0,0.0,0.0,0.0,5.0,0,0,1,0,0,0,0,,,0,0,0,0,,0.0,0.0,,,0,0
ENG-Premier League,2425,Southampton,Armel Bella Kotchap,GER,DF,22,2001,4,2,331,3.7,0,0,0,0,0,0,0,0,0.0,0.0,0.0,0.0,0.0,3.7,0,3,2,0,0,5,5,,,0,0,1,0,0.0,0.27,0.0,0.0,,0,0
ENG-Premier League,2425,Southampton,Ben Brereton,CHI,"FW,MF",25,1999,10,4,449,5.0,0,0,0,0,0,0,1,0,0.0,0.0,0.0,0.0,0.0,5.0,0,4,8,1,5,0,2,,,0,0,11,1,9.1,2.2,0.2,0.0,0.0,0,0
ENG-Premier League,2425,Southampton,Cameron Archer,ENG,FW,23,2001,35,13,1441,16.0,2,0,2,2,0,1,0,0,0.12,0.0,0.12,0.12,0.12,16.0,0,16,13,8,4,1,9,,,0,2,29,11,37.9,1.81,0.69,0.07,0.18,0,1
ENG-Premier League,2425,Southampton,Carlos Alcaraz,ARG,MF,21,2002,1,0,10,0.1,0,0,0,0,0,0,0,0,0.0,0.0,0.0,0.0,0.0,0.1,0,1,0,0,1,1,0,,,0,0,1,1,100.0,9.0,9.0,0.0,0.0,0,0
ENG-Premier League,2425,Southampton,Charlie Taylor,ENG,DF,30,1993,8,3,356,4.0,0,0,0,0,0,0,1,0,0.0,0.0,0.0,0.0,0.0,4.0,0,2,3,0,9,5,6,,,0,0,0,0,,0.0,0.0,,,0,0
ENG-Premier League,2425,Southampton,Flynn Downes,ENG,MF,25,1999,27,25,2151,23.9,1,0,1,1,0,0,12,0,0.04,0.0,0.04,0.04,0.04,23.9,0,50,39,0,4,31,27,,,0,1,10,3,30.0,0.42,0.13,0.1,0.33,0,0
ENG-Premier League,2425,Southampton,Jack Stephens,ENG,DF,30,1994,19,17,1389,15.4,1,0,1,1,0,0,2,2,0.06,0.0,0.06,0.06,0.06,15.4,0,13,4,1,1,12,20,,,0,1,4,2,50.0,0.26,0.13,0.25,0.5,0,0
ENG-Premier League,2425,Southampton,James Bree,ENG,"DF,MF",26,1997,17,13,1075,11.9,0,1,1,0,0,0,0,0,0.0,0.08,0.08,0.0,0.08,11.9,0,4,5,0,29,5,13,,,0,0,4,1,25.0,0.33,0.08,0.0,0.0,0,0
ENG-Premier League,2425,Southampton,Jan Bednarek,POL,DF,28,1996,30,30,2531,28.1,2,0,2,2,0,0,7,0,0.07,0.0,0.07,0.07,0.07,28.1,0,31,13,0,1,55,19,,,0,2,5,3,60.0,0.18,0.11,0.4,0.67,0,0
ENG-Premier League,2425,Southampton,Jay Robinson,ENG,MF,17,2007,4,1,137,1.5,0,0,0,0,0,0,0,0,0.0,0.0,0.0,0.0,0.0,1.5,0,3,1,0,1,0,1,,,0,0,1,1,100.0,0.66,0.66,0.0,0.0,0,0
ENG-Premier League,2425,Southampton,Joachim Kayi Sanda,FRA,DF,17,2006,2,0,14,0.2,0,0,0,0,0,0,0,0,0.0,0.0,0.0,0.0,0.0,0.2,0,0,0,0,0,1,0,,,0,0,0,0,,0.0,0.0,,,0,0
ENG-Premier League,2425,Southampton,Joe Aribo,NGA,MF,28,1996,32,21,2013,22.4,3,0,3,3,0,0,1,0,0.13,0.0,0.13,0.13,0.13,22.4,0,20,27,1,10,20,34,,,0,3,17,7,41.2,0.76,0.31,0.18,0.43,0,0
ENG-Premier League,2425,Southampton,Joe Lumley,ENG,GK,29,1995,3,3,270,3.0,0,0,0,0,0,0,0,0,0.0,0.0,0.0,0.0,0.0,3.0,0,0,0,0,0,0,0,,,0,0,0,0,,0.0,0.0,,,0,0
ENG-Premier League,2425,Southampton,Kamaldeen Sulemana,GHA,"FW,MF",22,2002,26,17,1402,15.6,1,1,2,1,0,0,2,0,0.06,0.06,0.13,0.06,0.13,15.6,0,22,11,3,26,5,16,,,0,1,29,8,27.6,1.86,0.51,0.03,0.13,0,0
ENG-Premier League,2425,Southampton,Kyle Walker-Peters,ENG,"MF,DF",27,1997,33,33,2918,32.4,0,2,2,0,0,0,5,0,0.0,0.06,0.06,0.0,0.06,32.4,0,28,52,2,50,19,32,,,0,0,20,6,30.0,0.62,0.19,0.0,0.0,0,0
ENG-Premier League,2425,Southampton,Lesley Ugochukwu,FRA,MF,20,2004,26,18,1655,18.4,1,1,2,1,0,0,7,0,0.05,0.05,0.11,0.05,0.11,18.4,0,31,16,0,6,14,22,,,0,1,10,1,10.0,0.54,0.05,0.1,1.0,0,0
ENG-Premier League,2425,Southampton,Mateus Fernandes,POR,MF,20,2004,36,34,2909,32.3,2,4,6,2,0,0,8,0,0.06,0.12,0.19,0.06,0.19,32.3,0,46,54,4,113,25,50,,,0,2,42,14,33.3,1.3,0.43,0.05,0.14,0,0
ENG-Premier League,2425,Southampton,Maxwel Cornet,CIV,MF,27,1996,2,1,72,0.8,0,0,0,0,0,0,1,0,0.0,0.0,0.0,0.0,0.0,0.8,0,0,1,1,3,0,5,,,0,0,1,0,0.0,1.25,0.0,0.0,,0,0
ENG-Premier League,2425,Southampton,Nathan Wood-Gordon,ENG,DF,22,2002,11,9,773,8.6,0,0,0,0,0,0,2,0,0.0,0.0,0.0,0.0,0.0,8.6,0,9,4,0,3,4,7,,,0,0,2,0,0.0,0.23,0.0,0.0,,0,0
ENG-Premier League,2425,Southampton,Paul Onuachu,NGA,FW,30,1994,25,11,1050,11.7,4,1,5,4,0,0,4,0,0.34,0.09,0.43,0.34,0.43,11.7,0,28,16,10,0,1,2,,,0,4,34,15,44.1,2.91,1.29,0.12,0.27,0,0
ENG-Premier League,2425,Southampton,Ronnie Edwards,ENG,DF,21,2003,1,0,12,0.1,0,0,0,0,0,0,0,0,0.0,0.0,0.0,0.0,0.0,0.1,0,0,0,0,0,0,0,,,0,0,0,0,,0.0,0.0,,,0,0
ENG-Premier League,2425,Southampton,Ross Stewart,SCO,FW,28,1996,12,4,389,4.3,1,0,1,1,0,0,1,0,0.23,0.0,0.23,0.23,0.23,4.3,0,7,7,1,0,0,5,,,0,1,9,2,22.2,2.08,0.46,0.11,0.5,0,0
ENG-Premier League,2425,Southampton,Ryan Fraser,SCO,"MF,DF",30,1994,8,4,306,3.4,0,0,0,0,0,0,0,1,0.0,0.0,0.0,0.0,0.0,3.4,0,1,4,1,12,1,2,,,0,0,1,1,100.0,0.29,0.29,0.0,0.0,0,0
ENG-Premier League,2425,Southampton,Ryan Manning,IRL,"DF,MF",28,1996,24,18,1462,16.2,0,1,1,0,0,0,2,0,0.0,0.06,0.06,0.0,0.06,16.2,0,19,33,0,84,17,18,,,0,0,8,1,12.5,0.49,0.06,0.0,0.0,0,0
ENG-Premier League,2425,Southampton,Samuel Amo-Ameyaw,ENG,"FW,MF",18,2006,2,0,28,0.3,0,0,0,0,0,0,1,0,0.0,0.0,0.0,0.0,0.0,0.3,0,1,2,0,2,0,0,,,0,0,1,0,0.0,3.21,0.0,0.0,,0,0
ENG-Premier League,2425,Southampton,Samuel Edozie,ENG,"FW,MF",21,2003,2,0,65,0.7,0,0,0,0,0,0,1,0,0.0,0.0,0.0,0.0,0.0,0.7,0,2,1,0,4,0,1,,,0,0,0,0,,0.0,0.0,,,0,0
ENG-Premier League,2425,Southampton,Taylor Harwood-Bellis,ENG,DF,22,2002,34,32,2825,31.4,1,0,1,1,0,0,9,0,0.03,0.0,0.03,0.03,0.03,31.4,0,35,14,0,10,29,22,,,0,1,20,8,40.0,0.64,0.25,0.05,0.13,0,0
ENG-Premier League,2425,Southampton,Tyler Dibling,ENG,"MF,FW",18,2006,33,20,1874,20.8,2,0,2,2,0,0,6,0,0.1,0.0,0.1,0.1,0.1,20.8,0,30,51,2,28,7,21,,,0,2,28,9,32.1,1.34,0.43,0.07,0.22,0,0
ENG-Premier League,2425,Southampton,Welington,BRA,"MF,DF",23,2001,10,6,482,5.4,0,0,0,0,0,0,1,0,0.0,0.0,0.0,0.0,0.0,5.4,0,6,8,1,17,5,10,,,0,0,3,0,0.0,0.56,0.0,0.0,,0,0
ENG-Premier League,2425,Southampton,William Smallbone,IRL,MF,24,2000,18,6,690,7.7,1,0,1,1,0,0,1,0,0.13,0.0,0.13,0.13,0.13,7.7,0,11,3,0,36,2,12,,,0,1,7,2,28.6,0.91,0.26,0.14,0.5,0,0
ENG-Premier League,2425,Southampton,Yukinari Sugawara,JPN,"MF,DF",24,2000,30,16,1557,17.3,1,1,2,1,0,0,4,0,0.06,0.06,0.12,0.06,0.12,17.3,0,15,10,4,70,9,16,,,0,1,14,6,42.9,0.81,0.35,0.07,0.17,0,0
ENG-Premier League,2425,Tottenham,Alfie Dorrington,ENG,DF,19,2005,1,0,14,0.2,0,0,0,0,0,0,0,0,0.0,0.0,0.0,0.0,0.0,0.2,0,0,0,0,0,0,0,,,0,0,0,0,,0.0,0.0,,,0,0
ENG-Premier League,2425,Tottenham,Antonín Kinský,CZE,GK,21,2003,6,6,540,6.0,0,0,0,0,0,0,0,0,0.0,0.0,0.0,0.0,0.0,6.0,0,0,0,0,0,0,1,,,0,0,0,0,,0.0,0.0,,,0,0
ENG-Premier League,2425,Tottenham,Archie Gray,ENG,"DF,MF",18,2006,28,19,1751,19.5,0,0,0,0,0,0,1,0,0.0,0.0,0.0,0.0,0.0,19.5,0,17,11,0,17,18,9,,,1,0,1,1,100.0,0.05,0.05,0.0,0.0,0,0
ENG-Premier League,2425,Tottenham,Ben Davies,WAL,DF,31,1993,17,14,1331,14.8,0,0,0,0,0,0,5,0,0.0,0.0,0.0,0.0,0.0,14.8,0,17,7,0,4,12,11,,,0,0,5,1,20.0,0.34,0.07,0.0,0.0,0,0
ENG-Premier League,2425,Tottenham,Brandon Austin,ENG,GK,25,1999,1,1,90,1.0,0,0,0,0,0,0,0,0,0.0,0.0,0.0,0.0,0.0,1.0,0,0,2,0,0,0,0,,,0,0,0,0,,0.0,0.0,,,0,0
ENG-Premier League,2425,Tottenham,Brennan Johnson,WAL,"FW,MF",23,2001,33,24,2177,24.2,11,3,14,11,0,0,5,0,0.45,0.12,0.58,0.45,0.58,24.2,0,27,26,12,52,4,23,,,0,11,54,20,37.0,2.23,0.83,0.2,0.55,0,0
ENG-Premier League,2425,Tottenham,Cristian Romero,ARG,DF,26,1998,18,18,1416,15.7,1,0,1,1,0,0,3,0,0.06,0.0,0.06,0.06,0.06,15.7,0,14,12,2,3,15,29,,,0,1,16,8,50.0,1.02,0.51,0.06,0.13,0,0
ENG-Premier League,2425,Tottenham,Dane Scarlett,ENG,FW,20,2004,3,0,34,0.4,0,1,1,0,0,0,0,0,0.0,2.65,2.65,0.0,2.65,0.4,0,0,1,1,0,0,0,,,0,0,1,1,100.0,2.65,2.65,0.0,0.0,0,0
ENG-Premier League,2425,Tottenham,Dejan Kulusevski,SWE,"MF,FW",24,2000,32,27,2389,26.5,7,4,11,7,0,0,3,0,0.26,0.15,0.41,0.26,0.41,26.5,0,48,38,5,84,10,21,,,0,7,47,18,38.3,1.77,0.68,0.15,0.39,0,0
ENG-Premier League,2425,Tottenham,Destiny Udogie,ITA,DF,21,2002,25,24,1924,21.4,0,1,1,0,0,0,2,0,0.0,0.05,0.05,0.0,0.05,21.4,0,28,38,3,19,21,45,,,1,0,5,1,20.0,0.23,0.05,0.0,0.0,0,0
ENG-Premier League,2425,Tottenham,Djed Spence,ENG,DF,23,2000,25,19,1792,19.9,1,2,3,1,0,0,4,1,0.05,0.1,0.15,0.05,0.15,19.9,1,21,23,2,23,21,33,,,1,1,10,3,30.0,0.5,0.15,0.1,0.33,0,0
ENG-Premier League,2425,Tottenham,Dominic Solanke,ENG,FW,26,1997,27,25,2201,24.5,9,3,12,8,1,1,0,0,0.37,0.12,0.49,0.33,0.45,24.5,0,36,36,5,4,1,10,,,1,9,60,26,43.3,2.45,1.06,0.13,0.31,1,1
ENG-Premier League,2425,Tottenham,Fraser Forster,ENG,GK,36,1988,7,7,630,7.0,0,0,0,0,0,0,0,0,0.0,0.0,0.0,0.0,0.0,7.0,0,0,0,0,0,0,0,,,0,0,0,0,,0.0,0.0,,,0,0
ENG-Premier League,2425,Tottenham,Guglielmo Vicario,ITA,GK,27,1996,24,24,2160,24.0,0,0,0,0,0,0,1,0,0.0,0.0,0.0,0.0,0.0,24.0,0,0,2,0,0,1,0,,,0,0,0,0,,0.0,0.0,,,0,0
ENG-Premier League,2425,Tottenham,James Maddison,ENG,MF,27,1996,31,21,1809,20.1,9,7,16,9,0,0,6,0,0.45,0.35,0.8,0.45,0.8,20.1,0,32,64,4,96,10,19,,,0,9,39,17,43.6,1.94,0.85,0.23,0.53,0,0
ENG-Premier League,2425,Tottenham,Kevin Danso,AUT,DF,25,1998,10,9,842,9.4,0,0,0,0,0,0,0,0,0.0,0.0,0.0,0.0,0.0,9.4,0,9,13,0,1,6,4,,,0,0,7,3,42.9,0.75,0.32,0.0,0.0,0,0
ENG-Premier League,2425,Tottenham,Lucas Bergvall,SWE,MF,18,2006,27,11,1212,13.5,0,1,1,0,0,0,3,0,0.0,0.07,0.07,0.0,0.07,13.5,0,20,17,0,21,21,18,,,0,0,12,2,16.7,0.89,0.15,0.0,0.0,0,0
ENG-Premier League,2425,Tottenham,Mathys Tel,FRA,FW,19,2005,13,11,911,10.1,2,1,3,1,1,1,2,0,0.2,0.1,0.3,0.1,0.2,10.1,0,15,16,1,32,2,5,,,0,2,23,9,39.1,2.27,0.89,0.04,0.11,1,1
ENG-Premier League,2425,Tottenham,Micky van de Ven,NED,DF,23,2001,13,12,1015,11.3,0,2,2,0,0,0,4,0,0.0,0.18,0.18,0.0,0.18,11.3,0,10,9,0,0,9,7,,,0,0,6,2,33.3,0.53,0.18,0.0,0.0,0,0
ENG-Premier League,2425,Tottenham,Mikey Moore,ENG,"MF,FW",16,2007,10,3,366,4.1,0,1,1,0,0,0,0,0,0.0,0.25,0.25,0.0,0.25,4.1,0,3,7,3,16,1,0,,,0,0,3,1,33.3,0.74,0.25,0.0,0.0,0,0
ENG-Premier League,2425,Tottenham,Pape Matar Sarr,SEN,MF,21,2002,36,22,1913,21.3,3,2,5,3,0,0,6,0,0.14,0.09,0.24,0.14,0.24,21.3,0,33,35,2,14,27,36,,,0,3,34,13,38.2,1.6,0.61,0.09,0.23,0,0
ENG-Premier League,2425,Tottenham,Pedro Porro,ESP,DF,24,1999,33,28,2610,29.0,2,6,8,2,0,0,5,0,0.07,0.21,0.28,0.07,0.28,29.0,0,25,33,1,200,31,45,,,0,2,39,8,20.5,1.34,0.28,0.05,0.25,0,0
ENG-Premier League,2425,Tottenham,Radu Drăgușin,ROU,DF,22,2002,16,14,1252,13.9,0,0,0,0,0,0,1,0,0.0,0.0,0.0,0.0,0.0,13.9,0,6,10,0,1,13,6,,,0,0,5,1,20.0,0.36,0.07,0.0,0.0,0,0
ENG-Premier League,2425,Tottenham,Richarlison,BRA,FW,27,1997,15,4,504,5.6,4,1,5,4,0,0,2,0,0.71,0.18,0.89,0.71,0.89,5.6,0,7,13,3,7,0,3,,,0,4,17,7,41.2,3.04,1.25,0.24,0.57,0,0
ENG-Premier League,2425,Tottenham,Rodrigo Bentancur,URU,MF,27,1997,26,21,1645,18.3,2,0,2,2,0,0,9,0,0.11,0.0,0.11,0.11,0.11,18.3,0,34,10,1,4,38,22,,,0,2,22,6,27.3,1.2,0.33,0.09,0.33,0,0
ENG-Premier League,2425,Tottenham,Sergio Reguilón,ESP,DF,27,1996,4,1,196,2.2,0,0,0,0,0,0,2,0,0.0,0.0,0.0,0.0,0.0,2.2,0,2,6,0,12,4,3,,,0,0,2,0,0.0,0.92,0.0,0.0,,0,0
ENG-Premier League,2425,Tottenham,Son Heung-min,KOR,"FW,MF",32,1992,30,24,2110,23.4,7,9,16,6,1,2,1,0,0.3,0.38,0.68,0.26,0.64,23.4,0,6,28,12,76,4,9,,,0,7,57,26,45.6,2.43,1.11,0.11,0.23,1,2
ENG-Premier League,2425,Tottenham,Timo Werner,GER,"FW,MF",28,1996,18,4,516,5.7,0,3,3,0,0,0,0,0,0.0,0.52,0.52,0.0,0.52,5.7,0,3,5,5,27,2,4,,,0,0,8,3,37.5,1.4,0.52,0.0,0.0,0,0
ENG-Premier League,2425,Tottenham,Will Lankshear,ENG,FW,19,2005,3,0,11,0.1,0,0,0,0,0,0,0,0,0.0,0.0,0.0,0.0,0.0,0.1,0,2,0,0,0,0,0,,,0,0,0,0,,0.0,0.0,,,0,0
ENG-Premier League,2425,Tottenham,Wilson Odobert,FRA,"FW,MF",19,2004,16,9,850,9.4,1,0,1,1,0,0,0,0,0.11,0.0,0.11,0.11,0.11,9.4,0,2,3,1,25,4,5,,,0,1,13,4,30.8,1.38,0.42,0.08,0.25,0,0
ENG-Premier League,2425,Tottenham,Yves Bissouma,MLI,MF,27,1996,28,16,1408,15.6,2,0,2,2,0,0,7,0,0.13,0.0,0.13,0.13,0.13,15.6,0,29,18,0,2,16,29,,,0,2,11,4,36.4,0.7,0.26,0.18,0.5,0,0
ENG-Premier League,2425,West Ham,Aaron Cresswell,ENG,DF,34,1989,18,10,824,9.2,0,0,0,0,0,0,3,0,0.0,0.0,0.0,0.0,0.0,9.2,0,4,2,0,37,8,8,,,0,0,5,0,0.0,0.55,0.0,0.0,,0,0
ENG-Premier League,2425,West Ham,Aaron Wan-Bissaka,COD,"DF,MF",26,1997,36,35,3154,35.0,2,5,7,2,0,0,1,0,0.06,0.14,0.2,0.06,0.2,35.0,0,25,28,5,76,61,49,,,1,2,16,5,31.3,0.46,0.14,0.13,0.4,0,0
ENG-Premier League,2425,West Ham,Alphonse Areola,FRA,GK,31,1993,26,25,2260,25.1,0,0,0,0,0,0,0,0,0.0,0.0,0.0,0.0,0.0,25.1,0,0,0,0,0,0,2,,,1,0,0,0,,0.0,0.0,,,0,0
ENG-Premier League,2425,West Ham,Andy Irving,SCO,MF,24,2000,10,1,166,1.8,0,0,0,0,0,0,2,0,0.0,0.0,0.0,0.0,0.0,1.8,0,6,1,0,2,1,4,,,0,0,4,2,50.0,2.17,1.08,0.0,0.0,0,0
ENG-Premier League,2425,West Ham,Carlos Soler,ESP,MF,27,1997,31,14,1409,15.7,1,1,2,1,0,0,6,0,0.06,0.06,0.13,0.06,0.13,15.7,0,26,19,0,35,8,11,,,0,1,25,9,36.0,1.6,0.57,0.04,0.11,0,0
ENG-Premier League,2425,West Ham,Crysencio Summerville,NED,"MF,FW",22,2001,19,7,786,8.7,1,1,2,1,0,0,2,0,0.11,0.11,0.23,0.11,0.23,8.7,0,9,23,4,21,0,7,,,0,1,14,5,35.7,1.6,0.57,0.07,0.2,0,0
ENG-Premier League,2425,West Ham,Danny Ings,ENG,FW,32,1992,15,1,284,3.2,1,2,3,1,0,0,0,0,0.32,0.63,0.95,0.32,0.95,3.2,0,0,2,0,3,1,2,,,0,1,14,5,35.7,4.44,1.58,0.07,0.2,0,0
ENG-Premier League,2425,West Ham,Edson Álvarez,MEX,MF,26,1997,28,20,1772,19.7,0,1,1,0,0,0,9,1,0.0,0.05,0.05,0.0,0.05,19.7,1,42,18,4,7,18,26,,,0,0,12,1,8.3,0.61,0.05,0.0,0.0,0,0
ENG-Premier League,2425,West Ham,Emerson Palmieri,ITA,"DF,MF",29,1994,31,26,2113,23.5,2,1,3,2,0,0,5,0,0.09,0.04,0.13,0.09,0.13,23.5,0,25,13,0,62,22,31,,,0,2,16,7,43.8,0.68,0.3,0.13,0.29,0,0
ENG-Premier League,2425,West Ham,Evan Ferguson,IRL,FW,19,2004,8,1,156,1.7,0,0,0,0,0,0,0,0,0.0,0.0,0.0,0.0,0.0,1.7,0,1,2,0,0,1,1,,,0,0,5,1,20.0,2.88,0.58,0.0,0.0,0,0
ENG-Premier League,2425,West Ham,Guido Rodríguez,ARG,MF,30,1994,23,16,1149,12.8,0,1,1,0,0,0,6,0,0.0,0.08,0.08,0.0,0.08,12.8,0,18,12,2,5,13,21,,,0,0,8,1,12.5,0.63,0.08,0.0,0.0,0,0
ENG-Premier League,2425,West Ham,James Ward-Prowse,ENG,MF,29,1994,15,12,1039,11.5,1,1,2,1,0,0,2,0,0.09,0.09,0.17,0.09,0.17,11.5,0,10,4,0,48,8,14,,,0,1,12,4,33.3,1.04,0.35,0.08,0.25,0,0
ENG-Premier League,2425,West Ham,Jarrod Bowen,ENG,"MF,FW",27,1996,34,34,2973,33.0,13,8,21,12,1,1,1,0,0.39,0.24,0.64,0.36,0.61,33.0,0,20,51,10,106,16,25,,,0,13,87,37,42.5,2.63,1.12,0.14,0.32,1,1
ENG-Premier League,2425,West Ham,Jean-Clair Todibo,FRA,DF,24,1999,27,20,1825,20.3,0,0,0,0,0,0,3,0,0.0,0.0,0.0,0.0,0.0,20.3,0,16,6,0,3,23,26,,,0,0,5,0,0.0,0.25,0.0,0.0,,0,0
ENG-Premier League,2425,West Ham,Kaelan Casey,ENG,DF,19,2004,1,0,1,0.0,0,0,0,0,0,0,0,0,0.0,0.0,0.0,0.0,0.0,0.0,0,0,0,0,0,0,0,,,0,0,0,0,,0.0,0.0,,,0,0
ENG-Premier League,2425,West Ham,Konstantinos Mavropanos,GRE,DF,26,1997,33,21,2045,22.7,0,0,0,0,0,0,6,1,0.0,0.0,0.0,0.0,0.0,22.7,1,17,16,3,2,39,23,,,0,0,18,5,27.8,0.79,0.22,0.0,0.0,0,0
ENG-Premier League,2425,West Ham,Lewis Orford,ENG,MF,18,2006,2,0,49,0.5,0,0,0,0,0,0,0,0,0.0,0.0,0.0,0.0,0.0,0.5,0,0,0,0,1,1,0,,,0,0,1,0,0.0,1.84,0.0,0.0,,0,0
ENG-Premier League,2425,West Ham,Lucas Paquetá,BRA,"MF,FW",26,1997,33,27,2380,26.4,4,0,4,2,2,2,10,0,0.15,0.0,0.15,0.08,0.08,26.4,0,53,62,5,29,17,36,,,0,4,41,6,14.6,1.55,0.23,0.05,0.33,2,2
ENG-Premier League,2425,West Ham,Luis Guilherme,BRA,MF,18,2006,12,1,150,1.7,0,0,0,0,0,0,0,0,0.0,0.0,0.0,0.0,0.0,1.7,0,0,4,0,8,3,0,,,0,0,4,1,25.0,2.4,0.6,0.0,0.0,0,0
ENG-Premier League,2425,West Ham,Max Kilman,ENG,DF,27,1997,38,38,3348,37.2,0,1,1,0,0,0,5,0,0.0,0.03,0.03,0.0,0.03,37.2,0,23,13,2,4,36,26,,,0,0,13,3,23.1,0.35,0.08,0.0,0.0,0,0
ENG-Premier League,2425,West Ham,Michail Antonio,JAM,FW,34,1990,14,11,836,9.3,1,1,2,1,0,0,1,0,0.11,0.11,0.22,0.11,0.22,9.3,0,12,7,4,25,0,2,,,0,1,19,4,21.1,2.05,0.43,0.05,0.25,0,0
ENG-Premier League,2425,West Ham,Mohammed Kudus,GHA,"MF,FW",23,2000,32,31,2590,28.8,5,3,8,5,0,0,2,1,0.17,0.1,0.28,0.17,0.28,28.8,0,39,64,18,81,4,23,,,0,5,75,22,29.3,2.61,0.76,0.07,0.23,0,0
ENG-Premier League,2425,West Ham,Niclas Füllkrug,GER,FW,31,1993,18,6,790,8.8,3,2,5,3,0,0,2,0,0.34,0.23,0.57,0.34,0.57,8.8,0,21,6,10,1,1,2,,,0,3,16,7,43.8,1.82,0.8,0.19,0.43,0,0
ENG-Premier League,2425,West Ham,Oliver Scarles,ENG,"MF,DF",18,2005,15,7,665,7.4,0,0,0,0,0,0,1,0,0.0,0.0,0.0,0.0,0.0,7.4,0,5,2,1,15,11,9,,,0,0,3,0,0.0,0.41,0.0,0.0,,0,0
ENG-Premier League,2425,West Ham,Tomáš Souček,CZE,MF,29,1995,35,30,2567,28.5,9,1,10,9,0,0,8,0,0.32,0.04,0.35,0.32,0.35,28.5,0,47,25,4,13,20,22,,,0,9,55,18,32.7,1.93,0.63,0.16,0.5,0,0
ENG-Premier League,2425,West Ham,Vladimír Coufal,CZE,"DF,MF",31,1992,22,11,1067,11.9,0,0,0,0,0,0,5,0,0.0,0.0,0.0,0.0,0.0,11.9,0,22,16,0,28,8,16,,,1,0,7,2,28.6,0.59,0.17,0.0,0.0,0,0
ENG-Premier League,2425,West Ham,Łukasz Fabiański,POL,GK,39,1985,14,13,1160,12.9,0,0,0,0,0,0,2,0,0.0,0.0,0.0,0.0,0.0,12.9,0,2,1,0,0,0,0,,,0,0,0,0,,0.0,0.0,,,0,0
ENG-Premier League,2425,Wolves,Alfie Pond,ENG,DF,20,2004,1,0,1,0.0,0,0,0,0,0,0,0,0,0.0,0.0,0.0,0.0,0.0,0.0,0,0,0,0,0,0,0,,,0,0,0,0,,0.0,0.0,,,0,0
ENG-Premier League,2425,Wolves,André,BRA,MF,23,2001,33,31,2472,27.5,0,0,0,0,0,0,7,0,0.0,0.0,0.0,0.0,0.0,27.5,0,36,34,0,0,37,55,,,0,0,10,1,10.0,0.36,0.04,0.0,0.0,0,0
ENG-Premier League,2425,Wolves,Boubacar Traoré,MLI,MF,22,2001,1,0,1,0.0,0,0,0,0,0,0,0,0,0.0,0.0,0.0,0.0,0.0,0.0,0,0,0,0,0,0,0,,,0,0,0,0,,0.0,0.0,,,0,0
ENG-Premier League,2425,Wolves,Carlos Forbs,POR,MF,20,2004,10,1,239,2.7,0,0,0,0,0,0,2,0,0.0,0.0,0.0,0.0,0.0,2.7,0,2,1,0,8,1,4,,,0,0,2,0,0.0,0.75,0.0,0.0,,0,0
ENG-Premier League,2425,Wolves,Chiquinho,POR,"FW,MF",24,2000,1,0,7,0.1,0,0,0,0,0,0,0,0,0.0,0.0,0.0,0.0,0.0,0.1,0,1,0,0,1,0,0,,,0,0,0,0,,0.0,0.0,,,0,0
ENG-Premier League,2425,Wolves,Craig Dawson,ENG,DF,34,1990,15,10,971,10.8,0,0,0,0,0,0,2,0,0.0,0.0,0.0,0.0,0.0,10.8,0,6,5,2,0,10,4,,,2,0,5,1,20.0,0.46,0.09,0.0,0.0,0,0
ENG-Premier League,2425,Wolves,Daniel Bentley,ENG,GK,31,1993,2,2,180,2.0,0,0,0,0,0,0,0,0,0.0,0.0,0.0,0.0,0.0,2.0,0,0,0,0,0,0,0,,,0,0,0,0,,0.0,0.0,,,0,0
ENG-Premier League,2425,Wolves,Daniel Podence,POR,"FW,MF",28,1995,2,0,48,0.5,0,0,0,0,0,0,0,0,0.0,0.0,0.0,0.0,0.0,0.5,0,0,2,0,1,0,0,,,0,0,1,0,0.0,1.87,0.0,0.0,,0,0
ENG-Premier League,2425,Wolves,Emmanuel Agbadou,CIV,DF,27,1997,16,16,1410,15.7,1,0,1,1,0,0,3,0,0.06,0.0,0.06,0.06,0.06,15.7,0,8,4,1,2,12,19,,,0,1,7,2,28.6,0.45,0.13,0.14,0.5,0,0
ENG-Premier League,2425,Wolves,Gonçalo Guedes,POR,"MF,FW",27,1996,29,10,995,11.1,2,4,6,2,0,0,1,0,0.18,0.36,0.54,0.18,0.54,11.1,0,14,17,3,22,3,6,,,0,2,27,8,29.6,2.44,0.72,0.07,0.25,0,0
ENG-Premier League,2425,Wolves,Hwang Hee-chan,KOR,"MF,FW",28,1996,21,5,661,7.3,2,0,2,2,0,0,0,0,0.27,0.0,0.27,0.27,0.27,7.3,0,6,9,0,7,3,4,,,0,2,5,3,60.0,0.68,0.41,0.4,0.67,0,0
ENG-Premier League,2425,Wolves,Jean-Ricner Bellegarde,HAI,MF,26,1998,35,20,1677,18.6,2,7,9,2,0,0,3,0,0.11,0.38,0.48,0.11,0.48,18.6,0,31,46,1,42,8,23,,,0,2,22,5,22.7,1.18,0.27,0.09,0.4,0,0
ENG-Premier League,2425,Wolves,José Sá,POR,GK,31,1993,29,29,2609,29.0,0,0,0,0,0,0,2,0,0.0,0.0,0.0,0.0,0.0,29.0,0,4,9,0,0,0,2,,,0,0,0,0,,0.0,0.0,,,0,0
ENG-Premier League,2425,Wolves,João Gomes,BRA,MF,23,2001,36,35,2974,33.0,3,1,4,3,0,0,11,1,0.09,0.03,0.12,0.09,0.12,33.0,1,70,46,1,29,25,78,,,0,3,35,7,20.0,1.06,0.21,0.09,0.43,0,0
ENG-Premier League,2425,Wolves,Jørgen Strand Larsen,NOR,FW,24,2000,35,30,2587,28.7,14,4,18,14,0,0,4,0,0.49,0.14,0.63,0.49,0.63,28.7,0,46,19,16,6,5,7,,,0,14,54,34,63.0,1.88,1.18,0.26,0.41,0,0
ENG-Premier League,2425,Wolves,Mario Lemina,GAB,"MF,DF",30,1993,17,15,1364,15.2,1,3,4,1,0,0,4,0,0.07,0.2,0.26,0.07,0.26,15.2,0,17,8,4,10,26,33,,,0,1,18,5,27.8,1.19,0.33,0.06,0.2,0,0
ENG-Premier League,2425,Wolves,Marshall Munetsi,ZIM,"MF,FW",28,1996,14,12,1078,12.0,2,1,3,2,0,0,0,0,0.17,0.08,0.25,0.17,0.25,12.0,0,18,10,3,10,6,11,,,0,2,22,7,31.8,1.84,0.58,0.09,0.29,0,0
ENG-Premier League,2425,Wolves,Mateus Mane,POR,MF,16,2007,1,0,2,0.0,0,0,0,0,0,0,0,0,0.0,0.0,0.0,0.0,0.0,0.0,0,0,0,0,0,0,0,,,0,0,0,0,,0.0,0.0,,,0,0
ENG-Premier League,2425,Wolves,Matheus Cunha,BRA,MF,25,1999,33,29,2597,28.9,15,6,21,15,0,0,4,0,0.52,0.21,0.73,0.52,0.73,28.9,0,43,71,8,143,14,23,,,0,15,110,44,40.0,3.81,1.52,0.14,0.34,0,0
ENG-Premier League,2425,Wolves,Matt Doherty,IRL,"DF,MF",32,1992,30,25,2109,23.4,2,1,3,2,0,0,6,0,0.09,0.04,0.13,0.09,0.13,23.4,0,18,11,2,22,22,21,,,1,2,10,3,30.0,0.43,0.13,0.2,0.67,0,0
ENG-Premier League,2425,Wolves,Nasser Djiga,BFA,DF,21,2002,5,1,66,0.7,0,0,0,0,0,0,0,0,0.0,0.0,0.0,0.0,0.0,0.7,0,0,1,0,0,2,0,,,0,0,0,0,,0.0,0.0,,,0,0
ENG-Premier League,2425,Wolves,Nélson Semedo,POR,"MF,DF",30,1993,34,32,2886,32.1,0,4,4,0,0,0,8,0,0.0,0.12,0.12,0.0,0.12,32.1,0,48,30,4,63,23,38,,,0,0,18,7,38.9,0.56,0.22,0.0,0.0,0,0
ENG-Premier League,2425,Wolves,Pablo Sarabia,ESP,MF,32,1992,23,7,814,9.0,3,2,5,3,0,0,3,0,0.33,0.22,0.55,0.33,0.55,9.0,0,16,15,5,45,4,9,,,0,3,17,8,47.1,1.88,0.88,0.18,0.38,0,0
ENG-Premier League,2425,Wolves,Pedro Lima,BRA,MF,18,2006,3,1,70,0.8,0,0,0,0,0,0,0,0,0.0,0.0,0.0,0.0,0.0,0.8,0,1,1,1,5,2,0,,,0,0,1,1,100.0,1.29,1.29,0.0,0.0,0,0
ENG-Premier League,2425,Wolves,Rayan Aït-Nouri,ALG,"MF,DF",23,2001,37,37,3109,34.5,4,7,11,4,0,0,7,1,0.12,0.2,0.32,0.12,0.32,34.5,1,30,46,6,94,24,55,,,0,4,36,13,36.1,1.04,0.38,0.11,0.31,0,0
ENG-Premier League,2425,Wolves,Rodrigo Gomes,POR,MF,21,2003,25,7,810,9.0,2,0,2,2,0,0,0,0,0.22,0.0,0.22,0.22,0.22,9.0,0,4,6,0,23,6,14,,,0,2,7,3,42.9,0.78,0.33,0.29,0.67,0,0
ENG-Premier League,2425,Wolves,Sam Johnstone,ENG,GK,31,1993,7,7,630,7.0,0,0,0,0,0,0,0,0,0.0,0.0,0.0,0.0,0.0,7.0,0,0,0,0,0,0,0,,,0,0,0,0,,0.0,0.0,,,0,0
ENG-Premier League,2425,Wolves,Santiago Bueno,URU,DF,25,1998,29,18,1687,18.7,0,0,0,0,0,0,2,0,0.0,0.0,0.0,0.0,0.0,18.7,0,27,5,0,0,13,20,,,0,0,6,3,50.0,0.32,0.16,0.0,0.0,0,0
ENG-Premier League,2425,Wolves,Tom King,WAL,GK,29,1995,1,0,1,0.0,0,0,0,0,0,0,0,0,0.0,0.0,0.0,0.0,0.0,0.0,0,0,0,0,0,0,0,,,0,0,0,0,,0.0,0.0,,,0,0
ENG-Premier League,2425,Wolves,Tommy Doyle,ENG,MF,22,2001,24,3,488,5.4,0,1,1,0,0,0,1,0,0.0,0.18,0.18,0.0,0.18,5.4,0,5,5,0,15,5,7,,,0,0,9,2,22.2,1.66,0.37,0.0,0.0,0,0
ENG-Premier League,2425,Wolves,Toti Gomes,POR,DF,25,1999,31,30,2614,29.0,0,1,1,0,0,0,7,0,0.0,0.03,0.03,0.0,0.03,29.0,0,24,15,4,13,26,43,,,0,0,7,3,42.9,0.24,0.1,0.0,0.0,0,0
ENG-Premier League,2425,Wolves,Yerson Mosquera,COL,DF,23,2001,5,5,441,4.9,0,0,0,0,0,0,2,0,0.0,0.0,0.0,0.0,0.0,4.9,0,6,7,1,2,10,6,,,0,0,2,0,0.0,0.41,0.0,0.0,,0,0
ESP-La Liga,2425,Alavés,Abde Rebbach,ALG,"MF,FW",25,1998,8,4,385,4.3,0,0,0,0,0,0,1,0,0.0,0.0,0.0,0.0,0.0,4.3,0,5,6,2,17,0,1,,,0,0,6,1,16.7,1.4,0.23,0.0,0.0,0,0
ESP-La Liga,2425,Alavés,Abdel Abqar,MAR,DF,25,1999,29,29,2463,27.4,0,1,1,0,0,0,13,0,0.0,0.04,0.04,0.0,0.04,27.4,0,47,32,2,5,36,22,,,0,0,12,1,8.3,0.44,0.04,0.0,0.0,0,0
ESP-La Liga,2425,Alavés,Adrian Rodriguez,ESP,GK,23,2000,2,1,122,1.4,0,0,0,0,0,0,1,0,0.0,0.0,0.0,0.0,0.0,1.4,0,0,3,0,0,0,0,,,0,0,0,0,,0.0,0.0,,,0,0
ESP-La Liga,2425,Alavés,Aleksandar Sedlar,SRB,DF,32,1991,9,7,594,6.6,0,0,0,0,0,0,1,1,0.0,0.0,0.0,0.0,0.0,6.6,0,9,5,0,0,11,10,,,0,0,1,0,0.0,0.15,0.0,0.0,,0,0
ESP-La Liga,2425,Alavés,Ander Guevara,ESP,MF,27,1997,33,20,1947,21.6,0,1,1,0,0,0,3,0,0.0,0.05,0.05,0.0,0.05,21.6,0,38,17,0,4,14,30,,,0,0,12,3,25.0,0.55,0.14,0.0,0.0,0,0
ESP-La Liga,2425,Alavés,Antonio Blanco,ESP,MF,24,2000,35,32,2727,30.3,0,1,1,0,0,0,11,1,0.0,0.03,0.03,0.0,0.03,30.3,1,67,27,0,27,41,41,,,0,0,25,3,12.0,0.83,0.1,0.0,0.0,0,0
ESP-La Liga,2425,Alavés,Antonio Sivera,ESP,GK,27,1996,32,32,2810,31.2,0,0,0,0,0,0,6,1,0.0,0.0,0.0,0.0,0.0,31.2,0,4,5,0,0,0,1,,,1,0,0,0,,0.0,0.0,,,0,0
ESP-La Liga,2425,Alavés,Asier Villalibre,ESP,FW,26,1997,16,2,333,3.7,1,1,2,0,1,1,2,0,0.27,0.27,0.54,0.0,0.27,3.7,0,11,7,2,2,1,2,,,0,1,9,2,22.2,2.43,0.54,0.0,0.0,1,1
ESP-La Liga,2425,Alavés,Carles Aleñá,ESP,MF,26,1998,14,13,1090,12.1,0,2,2,0,0,0,1,0,0.0,0.17,0.17,0.0,0.17,12.1,0,11,24,0,31,1,12,,,0,0,15,4,26.7,1.24,0.33,0.0,0.0,0,0
ESP-La Liga,2425,Alavés,Carlos Benavídez,URU,MF,26,1998,18,6,487,5.4,1,1,2,1,0,0,3,0,0.18,0.18,0.37,0.18,0.37,5.4,0,17,6,1,1,7,15,,,0,1,5,2,40.0,0.92,0.37,0.2,0.5,0,0
ESP-La Liga,2425,Alavés,Carlos Martín,ESP,"MF,FW",22,2002,26,16,1333,14.8,2,2,4,2,0,0,3,0,0.14,0.14,0.27,0.14,0.27,14.8,0,31,28,6,24,5,20,,,0,2,26,12,46.2,1.76,0.81,0.08,0.17,0,0
ESP-La Liga,2425,Alavés,Carlos Vicente,ESP,MF,25,1999,37,35,3092,34.4,5,5,10,4,1,1,3,0,0.15,0.15,0.29,0.12,0.26,34.4,0,38,63,10,266,14,33,,,0,5,36,14,38.9,1.05,0.41,0.11,0.29,1,1
ESP-La Liga,2425,Alavés,Facundo Garcés,MAS,DF,24,1999,10,7,678,7.5,0,0,0,0,0,0,2,0,0.0,0.0,0.0,0.0,0.0,7.5,0,7,2,0,1,6,2,,,0,0,5,1,20.0,0.66,0.13,0.0,0.0,0,0
ESP-La Liga,2425,Alavés,Hugo Novoa,ESP,"MF,DF",21,2003,5,2,237,2.6,0,0,0,0,0,0,0,0,0.0,0.0,0.0,0.0,0.0,2.6,0,1,1,2,7,0,5,,,0,0,1,0,0.0,0.38,0.0,0.0,,0,0
ESP-La Liga,2425,Alavés,Jesús Owono,EQG,GK,23,2001,6,5,487,5.4,0,0,0,0,0,0,0,0,0.0,0.0,0.0,0.0,0.0,5.4,0,1,2,0,0,0,1,,,0,0,0,0,,0.0,0.0,,,0,0
ESP-La Liga,2425,Alavés,Joan Jordán,ESP,MF,30,1994,25,15,1414,15.7,5,2,7,2,3,4,4,0,0.32,0.13,0.45,0.13,0.25,15.7,0,29,11,1,107,9,18,,,0,5,17,8,47.1,1.08,0.51,0.12,0.25,3,4
ESP-La Liga,2425,Alavés,Jon Guridi,ESP,MF,29,1995,33,27,2080,23.1,3,1,4,2,1,1,6,0,0.13,0.04,0.17,0.09,0.13,23.1,0,35,14,5,17,13,23,,,0,3,24,12,50.0,1.04,0.52,0.08,0.17,1,1
ESP-La Liga,2425,Alavés,Kiké,ESP,FW,34,1989,35,29,2542,28.2,13,0,13,10,3,3,5,1,0.46,0.0,0.46,0.35,0.35,28.2,1,49,59,22,13,1,14,,,0,13,63,27,42.9,2.23,0.96,0.16,0.37,3,3
ESP-La Liga,2425,Alavés,Luis Rioja,ESP,"FW,MF",30,1993,1,0,23,0.3,0,0,0,0,0,0,0,0,0.0,0.0,0.0,0.0,0.0,0.3,0,1,1,0,6,0,1,,,0,0,0,0,,0.0,0.0,,,0,0
ESP-La Liga,2425,Alavés,Luka Romero,ARG,"MF,FW",19,2004,6,2,199,2.2,0,0,0,0,0,1,0,0,0.0,0.0,0.0,0.0,0.0,2.2,0,3,3,1,10,1,4,,,0,0,2,0,0.0,0.9,0.0,0.0,,0,1
ESP-La Liga,2425,Alavés,Manu Sánchez,ESP,DF,23,2000,33,30,2634,29.3,1,0,1,1,0,0,6,1,0.03,0.0,0.03,0.03,0.03,29.3,0,56,21,1,76,30,61,,,1,1,12,2,16.7,0.41,0.07,0.08,0.5,0,0
ESP-La Liga,2425,Alavés,Moussa Diarra,MLI,DF,23,2000,26,20,1866,20.7,0,0,0,0,0,0,6,0,0.0,0.0,0.0,0.0,0.0,20.7,0,28,24,1,20,17,23,,,0,0,1,0,0.0,0.05,0.0,0.0,,0,0
ESP-La Liga,2425,Alavés,Nahuel Tenaglia,ARG,DF,28,1996,34,33,2922,32.5,2,1,3,2,0,0,11,0,0.06,0.03,0.09,0.06,0.09,32.5,0,38,45,2,84,48,59,,,0,2,27,9,33.3,0.83,0.28,0.07,0.22,0,0
ESP-La Liga,2425,Alavés,Pau Cabanes,ESP,MF,19,2005,6,2,188,2.1,0,0,0,0,0,0,1,0,0.0,0.0,0.0,0.0,0.0,2.1,0,5,5,0,12,0,2,,,0,0,2,1,50.0,0.96,0.48,0.0,0.0,0,0
ESP-La Liga,2425,Alavés,Pica,ESP,DF,22,2002,9,5,499,5.5,0,0,0,0,0,0,1,0,0.0,0.0,0.0,0.0,0.0,5.5,0,6,3,0,2,9,7,,,0,0,4,1,25.0,0.72,0.18,0.0,0.0,0,0
ESP-La Liga,2425,Alavés,Santiago Mouriño,URU,DF,22,2002,25,20,1849,20.5,0,1,1,0,0,0,7,0,0.0,0.05,0.05,0.0,0.05,20.5,0,32,24,1,4,27,28,,,0,0,13,4,30.8,0.63,0.19,0.0,0.0,0,0
ESP-La Liga,2425,Alavés,Stoichkov,ESP,"MF,FW",30,1993,16,6,699,7.8,0,1,1,0,0,0,1,0,0.0,0.13,0.13,0.0,0.13,7.8,0,9,16,5,14,1,8,,,0,0,18,3,16.7,2.32,0.39,0.0,0.0,0,0
ESP-La Liga,2425,Alavés,Tomás Conechny,ARG,"MF,FW",26,1998,22,9,847,9.4,1,0,1,1,0,0,8,0,0.11,0.0,0.11,0.11,0.11,9.4,0,28,11,5,31,6,11,,,0,1,22,10,45.5,2.34,1.06,0.05,0.1,0,0
ESP-La Liga,2425,Alavés,Toni Martínez,ESP,FW,27,1997,28,9,1012,11.2,4,0,4,4,0,0,1,0,0.36,0.0,0.36,0.36,0.36,11.2,0,17,12,8,6,0,6,,,0,4,46,15,32.6,4.09,1.33,0.09,0.27,0,0
ESP-La Liga,2425,Athletic Club,Adama Boiro,ESP,DF,22,2002,18,13,1101,12.2,0,0,0,0,0,0,3,0,0.0,0.0,0.0,0.0,0.0,12.2,0,13,8,1,31,11,11,,,0,0,5,0,0.0,0.41,0.0,0.0,,0,0
ESP-La Liga,2425,Athletic Club,Adu Ares,ESP,MF,22,2001,1,0,19,0.2,0,0,0,0,0,0,0,0,0.0,0.0,0.0,0.0,0.0,0.2,0,0,0,0,1,0,0,,,0,0,0,0,,0.0,0.0,,,0,0
ESP-La Liga,2425,Athletic Club,Aingeru Olabarrieta,ESP,MF,18,2005,1,1,54,0.6,0,0,0,0,0,0,0,0,0.0,0.0,0.0,0.0,0.0,0.6,0,1,0,0,4,1,0,,,0,0,0,0,,0.0,0.0,,,0,0
ESP-La Liga,2425,Athletic Club,Aitor Paredes,ESP,DF,24,2000,23,21,1812,20.1,3,0,3,3,0,0,4,1,0.15,0.0,0.15,0.15,0.15,20.1,1,23,6,0,1,22,13,,,0,3,6,3,50.0,0.3,0.15,0.5,1.0,0,0
ESP-La Liga,2425,Athletic Club,Alex Padilla,ESP,GK,20,2003,5,3,321,3.6,0,0,0,0,0,0,0,0,0.0,0.0,0.0,0.0,0.0,3.6,0,0,1,0,0,0,0,,,1,0,0,0,,0.0,0.0,,,0,0
ESP-La Liga,2425,Athletic Club,Ander Herrera,ESP,MF,34,1989,8,2,273,3.0,0,0,0,0,0,1,2,0,0.0,0.0,0.0,0.0,0.0,3.0,0,6,3,0,1,2,4,,,0,0,8,4,50.0,2.64,1.32,0.0,0.0,0,1
ESP-La Liga,2425,Athletic Club,Andoni Gorosabel,ESP,DF,27,1996,20,17,1485,16.5,0,2,2,0,0,0,5,0,0.0,0.12,0.12,0.0,0.12,16.5,0,23,4,1,41,17,29,,,0,0,2,1,50.0,0.12,0.06,0.0,0.0,0,0
ESP-La Liga,2425,Athletic Club,Beñat Prados,ESP,MF,23,2001,30,21,1715,19.1,1,0,1,1,0,0,7,0,0.05,0.0,0.05,0.05,0.05,19.1,0,40,15,0,9,28,37,,,0,1,16,5,31.3,0.84,0.26,0.06,0.2,0,0
ESP-La Liga,2425,Athletic Club,Daniel Vivian,ESP,DF,25,1999,32,28,2608,29.0,4,0,4,4,0,0,3,0,0.14,0.0,0.14,0.14,0.14,29.0,0,27,21,1,8,48,28,,,0,4,19,5,26.3,0.66,0.17,0.21,0.8,0,0
ESP-La Liga,2425,Athletic Club,Endika Buján,ESP,FW,21,2003,1,0,7,0.1,0,0,0,0,0,0,0,0,0.0,0.0,0.0,0.0,0.0,0.1,0,0,0,0,1,0,0,,,0,0,0,0,,0.0,0.0,,,0,0
ESP-La Liga,2425,Athletic Club,Gorka Guruzeta,ESP,FW,27,1996,36,21,1840,20.4,7,2,9,7,0,0,2,0,0.34,0.1,0.44,0.34,0.44,20.4,0,41,21,7,6,9,8,,,0,7,59,19,32.2,2.89,0.93,0.12,0.37,0,0
ESP-La Liga,2425,Athletic Club,Iñaki Williams,GHA,"MF,FW",30,1994,35,29,2652,29.5,6,8,14,6,0,0,1,0,0.2,0.27,0.48,0.2,0.48,29.5,0,23,39,17,117,11,12,,,0,6,63,24,38.1,2.14,0.81,0.1,0.25,0,0
ESP-La Liga,2425,Athletic Club,Iñigo Lekue,ESP,DF,31,1993,16,8,773,8.6,0,0,0,0,0,0,1,0,0.0,0.0,0.0,0.0,0.0,8.6,0,5,2,0,16,9,13,,,0,0,2,0,0.0,0.23,0.0,0.0,,0,0
ESP-La Liga,2425,Athletic Club,Iñigo Ruiz de Galarreta,ESP,MF,30,1993,26,18,1477,16.4,0,4,4,0,0,0,5,0,0.0,0.24,0.24,0.0,0.24,16.4,0,43,17,1,28,14,22,,,0,0,11,1,9.1,0.67,0.06,0.0,0.0,0,0
ESP-La Liga,2425,Athletic Club,Javi Martón,ESP,FW,25,1999,3,0,53,0.6,0,0,0,0,0,0,1,0,0.0,0.0,0.0,0.0,0.0,0.6,0,1,0,1,0,0,0,,,0,0,0,0,,0.0,0.0,,,0,0
ESP-La Liga,2425,Athletic Club,Julen Agirrezabala,ESP,GK,23,2000,14,14,1206,13.4,0,0,0,0,0,0,1,1,0.0,0.0,0.0,0.0,0.0,13.4,0,3,1,0,0,0,0,,,0,0,0,0,,0.0,0.0,,,0,0
ESP-La Liga,2425,Athletic Club,Maroan Sannadi,MAR,FW,23,2001,16,7,754,8.4,1,1,2,1,0,0,0,0,0.12,0.12,0.24,0.12,0.24,8.4,0,20,30,7,6,1,0,,,0,1,19,7,36.8,2.27,0.84,0.05,0.14,0,0
ESP-La Liga,2425,Athletic Club,Mikel Jauregizar,ESP,MF,20,2003,34,25,2244,24.9,2,1,3,2,0,0,4,1,0.08,0.04,0.12,0.08,0.12,24.9,0,46,42,0,27,28,48,,,0,2,21,8,38.1,0.84,0.32,0.1,0.25,0,0
ESP-La Liga,2425,Athletic Club,Mikel Vesga,ESP,MF,31,1993,25,10,988,11.0,0,0,0,0,0,1,1,0,0.0,0.0,0.0,0.0,0.0,11.0,0,14,4,0,8,16,17,,,0,0,6,3,50.0,0.55,0.27,0.0,0.0,0,1
ESP-La Liga,2425,Athletic Club,Nico Williams,ESP,MF,22,2002,29,22,1996,22.2,5,5,10,5,0,0,1,0,0.23,0.23,0.45,0.23,0.45,22.2,0,17,35,10,109,7,19,,,0,5,54,19,35.2,2.43,0.86,0.09,0.26,0,0
ESP-La Liga,2425,Athletic Club,Nicolás Serrano,ESP,MF,21,2003,4,1,112,1.2,0,0,0,0,0,0,0,0,0.0,0.0,0.0,0.0,0.0,1.2,0,2,2,0,13,1,1,,,0,0,5,1,20.0,4.02,0.8,0.0,0.0,0,0
ESP-La Liga,2425,Athletic Club,Oihan Sancet,ESP,MF,24,2000,29,19,1620,18.0,15,1,16,12,3,3,2,0,0.83,0.06,0.89,0.67,0.72,18.0,0,16,24,5,17,5,8,,,0,15,50,20,40.0,2.78,1.11,0.24,0.6,3,3
ESP-La Liga,2425,Athletic Club,Peio Canales,ESP,MF,19,2005,8,2,259,2.9,0,0,0,0,0,0,0,0,0.0,0.0,0.0,0.0,0.0,2.9,0,1,2,1,16,1,2,,,0,0,3,0,0.0,1.04,0.0,0.0,,0,0
ESP-La Liga,2425,Athletic Club,Unai Gómez,ESP,"MF,FW",21,2003,32,14,1284,14.3,1,3,4,1,0,0,1,0,0.07,0.21,0.28,0.07,0.28,14.3,0,11,18,0,23,2,8,,,0,1,19,4,21.1,1.33,0.28,0.05,0.25,0,0
ESP-La Liga,2425,Athletic Club,Unai Núñez,ESP,DF,27,1997,10,7,645,7.2,0,0,0,0,0,0,4,0,0.0,0.0,0.0,0.0,0.0,7.2,0,10,5,1,0,16,6,,,0,0,1,0,0.0,0.14,0.0,0.0,,0,0
ESP-La Liga,2425,Athletic Club,Unai Simón,ESP,GK,27,1997,21,21,1890,21.0,0,0,0,0,0,0,0,0,0.0,0.0,0.0,0.0,0.0,21.0,0,0,3,0,0,1,0,,,0,0,0,0,,0.0,0.0,,,0,0
ESP-La Liga,2425,Athletic Club,Yeray Álvarez,ESP,DF,29,1995,21,20,1781,19.8,1,0,1,1,0,0,4,0,0.05,0.0,0.05,0.05,0.05,19.8,0,15,15,0,3,35,13,,,0,1,9,2,22.2,0.45,0.1,0.11,0.5,0,0
ESP-La Liga,2425,Athletic Club,Yuri Berchiche,ESP,DF,34,1990,30,22,2044,22.7,0,2,2,0,0,0,5,0,0.0,0.09,0.09,0.0,0.09,22.7,0,18,19,4,42,28,22,,,0,0,16,4,25.0,0.7,0.18,0.0,0.0,0,0
ESP-La Liga,2425,Athletic Club,Álex Berenguer,ESP,"MF,FW",29,1995,36,28,2339,26.0,6,7,13,6,0,1,5,0,0.23,0.27,0.5,0.23,0.5,26.0,0,29,30,5,178,10,13,,,0,6,52,19,36.5,2.0,0.73,0.12,0.32,0,1
ESP-La Liga,2425,Athletic Club,Álvaro djaló,GNB,"MF,FW",24,1999,17,7,659,7.3,1,0,1,1,0,0,2,0,0.14,0.0,0.14,0.14,0.14,7.3,0,18,14,5,14,2,5,,,0,1,15,3,20.0,2.05,0.41,0.07,0.33,0,0
ESP-La Liga,2425,Athletic Club,Óscar de Marcos,ESP,DF,35,1989,26,17,1564,17.4,0,4,4,0,0,0,0,0,0.0,0.23,0.23,0.0,0.23,17.4,0,16,5,1,54,16,17,,,0,0,8,2,25.0,0.46,0.12,0.0,0.0,0,0
ESP-La Liga,2425,Atlético Madrid,Adrian Niño,ESP,FW,20,2004,1,0,12,0.1,0,0,0,0,0,0,0,0,0.0,0.0,0.0,0.0,0.0,0.1,0,0,0,0,0,0,0,,,0,0,2,0,0.0,15.0,0.0,0.0,,0,0
ESP-La Liga,2425,Atlético Madrid,Alexander Sørloth,NOR,FW,28,1995,35,15,1566,17.4,20,2,22,19,1,1,4,0,1.15,0.11,1.26,1.09,1.21,17.4,0,26,13,8,5,1,5,,,0,20,79,42,53.2,4.54,2.41,0.24,0.45,1,1
ESP-La Liga,2425,Atlético Madrid,Antoine Griezmann,FRA,"FW,MF",33,1991,38,29,2469,27.4,8,7,15,7,1,2,2,0,0.29,0.26,0.55,0.26,0.51,27.4,0,11,26,14,140,6,18,,,0,8,50,18,36.0,1.82,0.66,0.14,0.39,1,2
ESP-La Liga,2425,Atlético Madrid,Axel Witsel,BEL,DF,35,1989,14,9,852,9.5,0,1,1,0,0,0,1,0,0.0,0.11,0.11,0.0,0.11,9.5,0,4,5,1,0,11,12,,,0,0,1,0,0.0,0.11,0.0,0.0,,0,0
ESP-La Liga,2425,Atlético Madrid,Clément Lenglet,FRA,DF,29,1995,23,23,1972,21.9,2,1,3,2,0,0,9,0,0.09,0.05,0.14,0.09,0.14,21.9,0,29,19,2,4,24,17,,,0,2,10,4,40.0,0.46,0.18,0.2,0.5,0,0
ESP-La Liga,2425,Atlético Madrid,Conor Gallagher,ENG,MF,24,2000,32,19,1633,18.1,3,3,6,3,0,0,2,0,0.17,0.17,0.33,0.17,0.33,18.1,0,32,39,1,13,20,32,,,0,3,22,4,18.2,1.21,0.22,0.14,0.75,0,0
ESP-La Liga,2425,Atlético Madrid,César Azpilicueta,ESP,DF,34,1989,14,10,875,9.7,1,0,1,1,0,0,1,0,0.1,0.0,0.1,0.1,0.1,9.7,0,8,6,3,5,6,14,,,0,1,5,2,40.0,0.51,0.21,0.2,0.5,0,0
ESP-La Liga,2425,Atlético Madrid,Giuliano Simeone,ARG,MF,21,2002,33,26,1926,21.4,2,6,8,2,0,0,4,0,0.09,0.28,0.37,0.09,0.37,21.4,0,23,42,7,51,15,13,,,0,2,22,7,31.8,1.03,0.33,0.09,0.29,0,0
ESP-La Liga,2425,Atlético Madrid,Jan Oblak,SVN,GK,31,1993,36,36,3240,36.0,0,0,0,0,0,0,0,0,0.0,0.0,0.0,0.0,0.0,36.0,0,0,2,0,0,0,0,,,0,0,0,0,,0.0,0.0,,,0,0
ESP-La Liga,2425,Atlético Madrid,Javi Galán,ESP,DF,29,1994,25,21,1784,19.8,0,3,3,0,0,0,8,0,0.0,0.15,0.15,0.0,0.15,19.8,0,38,35,4,57,11,32,,,0,0,9,0,0.0,0.45,0.0,0.0,,0,0
ESP-La Liga,2425,Atlético Madrid,José María Giménez,URU,DF,29,1995,27,20,1999,22.2,0,1,1,0,0,0,5,0,0.0,0.05,0.05,0.0,0.05,22.2,0,13,12,0,0,28,16,,,1,0,5,1,20.0,0.23,0.05,0.0,0.0,0,0
ESP-La Liga,2425,Atlético Madrid,Juan Musso,ARG,GK,30,1994,2,2,180,2.0,0,0,0,0,0,0,0,0,0.0,0.0,0.0,0.0,0.0,2.0,0,0,1,0,0,0,0,,,0,0,0,0,,0.0,0.0,,,0,0
ESP-La Liga,2425,Atlético Madrid,Julián Álvarez,ARG,FW,24,2000,37,30,2509,27.9,17,4,21,13,4,4,5,0,0.61,0.14,0.75,0.47,0.61,27.9,0,26,9,9,69,2,17,,,0,17,73,40,54.8,2.62,1.43,0.18,0.33,4,4
ESP-La Liga,2425,Atlético Madrid,Koke,ESP,MF,32,1992,32,20,1926,21.4,1,1,2,1,0,0,4,0,0.05,0.05,0.09,0.05,0.09,21.4,0,23,16,0,23,21,26,,,1,1,11,4,36.4,0.51,0.19,0.09,0.25,0,0
ESP-La Liga,2425,Atlético Madrid,Marcos Llorente,ESP,"DF,MF",29,1995,33,28,2513,27.9,2,4,6,2,0,0,0,1,0.07,0.14,0.21,0.07,0.21,27.9,0,23,25,4,62,27,52,,,0,2,16,5,31.3,0.57,0.18,0.13,0.4,0,0
ESP-La Liga,2425,Atlético Madrid,Nahuel Molina,ARG,DF,26,1998,30,17,1590,17.7,0,3,3,0,0,0,1,0,0.0,0.17,0.17,0.0,0.17,17.7,0,13,8,4,55,14,19,,,0,0,9,1,11.1,0.51,0.06,0.0,0.0,0,0
ESP-La Liga,2425,Atlético Madrid,Pablo Barrios,ESP,MF,21,2003,31,28,2330,25.9,1,4,5,1,0,0,4,1,0.04,0.15,0.19,0.04,0.19,25.9,0,28,27,0,26,33,26,,,0,1,29,8,27.6,1.12,0.31,0.03,0.13,0,0
ESP-La Liga,2425,Atlético Madrid,Reinildo Mandava,MOZ,"DF,MF",30,1994,19,10,941,10.5,0,0,0,0,0,0,4,0,0.0,0.0,0.0,0.0,0.0,10.5,0,19,18,1,8,16,10,,,0,0,1,1,100.0,0.1,0.1,0.0,0.0,0,0
ESP-La Liga,2425,Atlético Madrid,Robin Le Normand,ESP,DF,27,1996,27,24,2151,23.9,1,0,1,1,0,0,8,0,0.04,0.0,0.04,0.04,0.04,23.9,0,35,24,3,0,11,17,,,0,1,11,3,27.3,0.46,0.13,0.09,0.33,0,0
ESP-La Liga,2425,Atlético Madrid,Rodrigo De Paul,ARG,MF,30,1994,34,23,2106,23.4,3,5,8,3,0,0,7,0,0.13,0.21,0.34,0.13,0.34,23.4,0,19,49,0,57,6,24,,,0,3,19,4,21.1,0.81,0.17,0.16,0.75,0,0
ESP-La Liga,2425,Atlético Madrid,Rodrigo Riquelme,ESP,"MF,DF",24,2000,16,4,516,5.7,0,1,1,0,0,0,0,0,0.0,0.17,0.17,0.0,0.17,5.7,0,8,8,4,35,2,5,,,0,0,14,4,28.6,2.44,0.7,0.0,0.0,0,0
ESP-La Liga,2425,Atlético Madrid,Samuel Lino,BRA,MF,24,1999,31,21,1552,17.2,3,4,7,3,0,0,3,0,0.17,0.23,0.41,0.17,0.41,17.2,0,15,30,3,41,9,18,,,0,3,45,18,40.0,2.61,1.04,0.07,0.17,0,0
ESP-La Liga,2425,Atlético Madrid,Thomas Lemar,FRA,MF,28,1995,5,0,85,0.9,0,0,0,0,0,0,0,0,0.0,0.0,0.0,0.0,0.0,0.9,0,1,2,0,3,0,1,,,0,0,2,1,50.0,2.12,1.06,0.0,0.0,0,0
ESP-La Liga,2425,Atlético Madrid,Ángel Correa,ARG,FW,29,1995,31,3,805,8.9,4,1,5,4,0,0,3,1,0.45,0.11,0.56,0.45,0.56,8.9,0,18,11,4,24,5,3,,,0,4,34,14,41.2,3.8,1.57,0.12,0.29,0,0
ESP-La Liga,2425,Barcelona,Alejandro Balde,ESP,DF,20,2003,32,26,2284,25.4,0,4,4,0,0,0,2,0,0.0,0.16,0.16,0.0,0.16,25.4,0,16,37,0,68,7,10,,,0,0,12,3,25.0,0.47,0.12,0.0,0.0,0,0
ESP-La Liga,2425,Barcelona,Andreas Christensen,DEN,DF,28,1996,5,2,254,2.8,0,0,0,0,0,0,3,0,0.0,0.0,0.0,0.0,0.0,2.8,0,5,0,0,0,4,3,,,0,0,1,0,0.0,0.35,0.0,0.0,,0,0
ESP-La Liga,2425,Barcelona,Ansu Fati,ESP,MF,21,2002,6,3,233,2.6,0,0,0,0,0,0,1,0,0.0,0.0,0.0,0.0,0.0,2.6,0,2,2,2,0,1,1,,,0,0,12,5,41.7,4.64,1.93,0.0,0.0,0,0
ESP-La Liga,2425,Barcelona,Dani Olmo,ESP,MF,26,1998,25,13,1212,13.5,10,3,13,8,2,2,1,0,0.74,0.22,0.97,0.59,0.82,13.5,0,21,26,1,21,5,11,,,0,10,42,17,40.5,3.12,1.26,0.19,0.47,2,2
ESP-La Liga,2425,Barcelona,Daniel Rodriguez,ESP,MF,18,2005,1,1,37,0.4,0,0,0,0,0,0,0,0,0.0,0.0,0.0,0.0,0.0,0.4,0,0,0,0,3,0,0,,,0,0,2,0,0.0,4.86,0.0,0.0,,0,0
ESP-La Liga,2425,Barcelona,Eric García,ESP,"DF,MF",23,2001,29,14,1566,17.4,2,3,5,2,0,0,4,0,0.11,0.17,0.29,0.11,0.29,17.4,0,20,8,0,6,18,21,,,0,2,14,8,57.1,0.8,0.46,0.14,0.25,0,0
ESP-La Liga,2425,Barcelona,Fermin López,ESP,MF,21,2003,28,12,1252,13.9,6,5,11,6,0,0,4,1,0.43,0.36,0.79,0.43,0.79,13.9,0,27,21,5,47,4,14,,,0,6,41,16,39.0,2.95,1.15,0.15,0.38,0,0
ESP-La Liga,2425,Barcelona,Ferrán Torres,ESP,"FW,MF",24,2000,27,12,1106,12.3,10,6,16,10,0,0,1,1,0.81,0.49,1.3,0.81,1.3,12.3,0,5,16,6,17,4,5,,,0,10,48,22,45.8,3.91,1.79,0.21,0.45,0,0
ESP-La Liga,2425,Barcelona,Frenkie de Jong,NED,MF,27,1997,26,9,1143,12.7,2,2,4,2,0,0,3,0,0.16,0.16,0.31,0.16,0.31,12.7,0,14,18,0,5,14,12,,,0,2,5,3,60.0,0.39,0.24,0.4,0.67,0,0
ESP-La Liga,2425,Barcelona,Gavi,ESP,MF,19,2004,26,14,1085,12.1,1,1,2,1,0,0,4,0,0.08,0.08,0.17,0.08,0.17,12.1,0,38,27,1,8,10,23,,,0,1,11,1,9.1,0.91,0.08,0.09,1.0,0,0
ESP-La Liga,2425,Barcelona,Gerard Martín,ESP,DF,22,2002,28,11,1038,11.5,1,3,4,1,0,0,2,0,0.09,0.26,0.35,0.09,0.35,11.5,0,14,9,0,35,15,10,,,0,1,7,2,28.6,0.61,0.17,0.14,0.5,0,0
ESP-La Liga,2425,Barcelona,Héctor Fort,ESP,DF,17,2006,17,5,585,6.5,0,0,0,0,0,0,2,0,0.0,0.0,0.0,0.0,0.0,6.5,0,8,1,0,12,9,8,,,0,0,6,1,16.7,0.92,0.15,0.0,0.0,0,0
ESP-La Liga,2425,Barcelona,Iñaki Peña,ESP,GK,25,1999,16,15,1396,15.5,0,0,0,0,0,0,1,0,0.0,0.0,0.0,0.0,0.0,15.5,0,0,0,0,0,0,0,,,0,0,0,0,,0.0,0.0,,,0,0
ESP-La Liga,2425,Barcelona,Iñigo Martínez,ESP,DF,33,1991,28,28,2490,27.7,0,4,4,0,0,0,5,0,0.0,0.14,0.14,0.0,0.14,27.7,0,18,28,0,8,20,14,,,0,0,13,2,15.4,0.47,0.07,0.0,0.0,0,0
ESP-La Liga,2425,Barcelona,Jules Koundé,FRA,DF,25,1998,32,29,2605,28.9,2,3,5,2,0,0,4,0,0.07,0.1,0.17,0.07,0.17,28.9,0,22,19,7,62,19,42,,,0,2,18,6,33.3,0.62,0.21,0.11,0.33,0,0
ESP-La Liga,2425,Barcelona,Lamine Yamal,ESP,"MF,FW",17,2007,35,31,2856,31.7,9,13,22,9,0,0,3,0,0.28,0.41,0.69,0.28,0.69,31.7,0,30,60,13,104,15,29,,,0,9,144,47,32.6,4.54,1.48,0.06,0.19,0,0
ESP-La Liga,2425,Barcelona,Marc Bernal,ESP,MF,17,2007,3,3,242,2.7,0,0,0,0,0,0,2,0,0.0,0.0,0.0,0.0,0.0,2.7,0,4,3,0,0,1,6,,,0,0,2,1,50.0,0.74,0.37,0.0,0.0,0,0
ESP-La Liga,2425,Barcelona,Marc Casado,ESP,MF,20,2003,23,20,1611,17.9,1,3,4,1,0,0,4,1,0.06,0.17,0.22,0.06,0.22,17.9,1,26,36,0,9,24,24,,,0,1,14,1,7.1,0.78,0.06,0.07,1.0,0,0
ESP-La Liga,2425,Barcelona,Marc-André ter Stegen,GER,GK,32,1992,8,8,674,7.5,0,0,0,0,0,0,0,0,0.0,0.0,0.0,0.0,0.0,7.5,0,0,2,0,0,0,0,,,0,0,0,0,,0.0,0.0,,,0,0
ESP-La Liga,2425,Barcelona,Pablo Torre,ESP,MF,21,2003,10,4,310,3.4,3,1,4,3,0,0,0,0,0.87,0.29,1.16,0.87,1.16,3.4,0,4,8,1,13,3,4,,,0,3,6,4,66.7,1.74,1.16,0.5,0.75,0,0
ESP-La Liga,2425,Barcelona,Pau Cubarsí,ESP,DF,17,2007,35,29,2618,29.1,0,3,3,0,0,0,3,0,0.0,0.1,0.1,0.0,0.1,29.1,0,24,9,0,2,18,24,,,0,0,8,0,0.0,0.28,0.0,0.0,,0,0
ESP-La Liga,2425,Barcelona,Pau Victor,ESP,FW,22,2001,21,2,319,3.5,2,1,3,2,0,0,2,0,0.56,0.28,0.85,0.56,0.85,3.5,0,7,3,0,3,2,1,,,0,2,14,8,57.1,3.95,2.26,0.14,0.25,0,0
ESP-La Liga,2425,Barcelona,Pedri,ESP,MF,21,2002,37,35,2879,32.0,4,5,9,4,0,0,3,0,0.13,0.16,0.28,0.13,0.28,32.0,0,10,51,2,57,29,32,,,0,4,24,11,45.8,0.75,0.34,0.17,0.36,0,0
ESP-La Liga,2425,Barcelona,Raphinha,BRA,"MF,FW",27,1996,36,32,2839,31.5,18,9,27,16,2,2,4,0,0.57,0.29,0.86,0.51,0.79,31.5,0,11,37,10,216,10,23,,,0,18,114,43,37.7,3.61,1.36,0.14,0.37,2,2
ESP-La Liga,2425,Barcelona,Robert Lewandowski,POL,FW,35,1988,34,32,2667,29.6,27,2,29,24,3,4,1,0,0.91,0.07,0.98,0.81,0.88,29.6,0,30,39,17,5,4,5,,,0,27,115,48,41.7,3.88,1.62,0.21,0.5,3,4
ESP-La Liga,2425,Barcelona,Ronald Araújo,URU,DF,25,1999,12,11,754,8.4,1,1,2,1,0,0,3,0,0.12,0.12,0.24,0.12,0.24,8.4,0,9,4,0,0,9,9,,,0,1,4,2,50.0,0.48,0.24,0.25,0.5,0,0
ESP-La Liga,2425,Barcelona,Sergi Dominguez,ESP,DF,19,2005,3,2,172,1.9,0,0,0,0,0,0,1,0,0.0,0.0,0.0,0.0,0.0,1.9,0,2,0,0,0,4,1,,,0,0,0,0,,0.0,0.0,,,0,0
ESP-La Liga,2425,Barcelona,Wojciech Szczęsny,POL,GK,34,1990,15,15,1350,15.0,0,0,0,0,0,0,0,0,0.0,0.0,0.0,0.0,0.0,15.0,0,1,1,0,0,0,1,,,0,0,0,0,,0.0,0.0,,,0,0
ESP-La Liga,2425,Celta Vigo,Alfon,ESP,"FW,MF",25,1999,26,14,1371,15.2,5,2,7,5,0,0,1,1,0.33,0.13,0.46,0.33,0.46,15.2,0,15,31,6,39,4,3,,,0,5,45,21,46.7,2.95,1.38,0.11,0.24,0,0
ESP-La Liga,2425,Celta Vigo,Anastasios Douvikas,GRE,FW,24,1999,20,6,700,7.8,3,1,4,3,0,0,2,0,0.39,0.13,0.51,0.39,0.51,7.8,0,10,27,9,1,3,4,,,0,3,17,9,52.9,2.19,1.16,0.18,0.33,0,0
ESP-La Liga,2425,Celta Vigo,Borja Iglesias,ESP,FW,31,1993,37,24,1952,21.7,11,3,14,11,0,0,2,0,0.51,0.14,0.65,0.51,0.65,21.7,0,40,34,14,6,7,7,,,0,11,46,28,60.9,2.12,1.29,0.24,0.39,0,0
ESP-La Liga,2425,Celta Vigo,Carl Starfelt,SWE,DF,29,1995,28,26,2270,25.2,1,0,1,1,0,0,5,0,0.04,0.0,0.04,0.04,0.04,25.2,0,21,11,0,0,28,21,,,0,1,5,1,20.0,0.2,0.04,0.2,1.0,0,0
ESP-La Liga,2425,Celta Vigo,Carlos Dominguez,ESP,DF,23,2001,19,13,1181,13.1,0,0,0,0,0,0,1,0,0.0,0.0,0.0,0.0,0.0,13.1,0,8,10,0,0,12,12,,,1,0,3,1,33.3,0.23,0.08,0.0,0.0,0,0
ESP-La Liga,2425,Celta Vigo,Damián Rodríguez,ESP,MF,21,2003,17,10,927,10.3,0,0,0,0,0,0,3,0,0.0,0.0,0.0,0.0,0.0,10.3,0,13,9,0,30,6,9,,,0,0,4,0,0.0,0.39,0.0,0.0,,0,0
ESP-La Liga,2425,Celta Vigo,Fer López,ESP,"FW,MF",20,2004,17,7,671,7.5,2,0,2,2,0,0,2,0,0.27,0.0,0.27,0.27,0.27,7.5,0,13,7,2,2,2,5,,,0,2,20,6,30.0,2.68,0.8,0.1,0.33,0,0
ESP-La Liga,2425,Celta Vigo,Fran Beltrán,ESP,MF,25,1999,34,29,2421,26.9,2,1,3,2,0,0,3,0,0.07,0.04,0.11,0.07,0.11,26.9,0,35,12,0,5,22,36,,,0,2,23,4,17.4,0.86,0.15,0.09,0.5,0,0
ESP-La Liga,2425,Celta Vigo,Franco Cervi,ARG,"MF,FW",30,1994,7,4,273,3.0,0,0,0,0,0,0,1,0,0.0,0.0,0.0,0.0,0.0,3.0,0,4,1,0,6,8,3,,,0,0,0,0,,0.0,0.0,,,0,0
ESP-La Liga,2425,Celta Vigo,Hugo Sotelo,ESP,MF,20,2003,24,15,1254,13.9,0,0,0,0,0,0,5,0,0.0,0.0,0.0,0.0,0.0,13.9,0,19,9,1,50,5,16,,,0,0,4,0,0.0,0.29,0.0,0.0,,0,0
ESP-La Liga,2425,Celta Vigo,Hugo Álvarez,ESP,MF,21,2003,26,16,1572,17.5,4,3,7,4,0,0,6,0,0.23,0.17,0.4,0.23,0.4,17.5,0,25,16,3,30,9,10,,,0,4,25,9,36.0,1.43,0.52,0.16,0.44,0,0
ESP-La Liga,2425,Celta Vigo,Iago Aspas,ESP,"FW,MF",36,1987,30,19,1745,19.4,10,5,15,5,5,6,6,1,0.52,0.26,0.77,0.26,0.52,19.4,1,16,34,5,16,8,7,,,0,10,52,24,46.2,2.68,1.24,0.1,0.21,5,6
ESP-La Liga,2425,Celta Vigo,Iker Losada,ESP,"MF,FW",22,2001,12,4,358,4.0,1,0,1,1,0,0,2,0,0.25,0.0,0.25,0.25,0.25,4.0,0,3,0,0,5,1,4,,,0,1,3,2,66.7,0.75,0.5,0.33,0.5,0,0
ESP-La Liga,2425,Celta Vigo,Ilaix Moriba,GUI,MF,21,2003,33,22,2132,23.7,1,1,2,1,0,0,9,1,0.04,0.04,0.08,0.04,0.08,23.7,1,32,58,2,6,12,39,,,0,1,34,12,35.3,1.44,0.51,0.03,0.08,0,0
ESP-La Liga,2425,Celta Vigo,Iván Villar,ESP,GK,27,1997,4,4,360,4.0,0,0,0,0,0,0,0,0,0.0,0.0,0.0,0.0,0.0,4.0,0,0,0,0,0,0,0,,,0,0,0,0,,0.0,0.0,,,0,0
ESP-La Liga,2425,Celta Vigo,Jailson Siqueira,BRA,DF,28,1995,13,6,614,6.8,0,0,0,0,0,0,2,0,0.0,0.0,0.0,0.0,0.0,6.8,0,4,4,0,1,8,11,,,1,0,4,2,50.0,0.59,0.29,0.0,0.0,0,0
ESP-La Liga,2425,Celta Vigo,Javi Rodríguez,ESP,DF,21,2003,36,26,2514,27.9,3,2,5,3,0,0,7,0,0.11,0.07,0.18,0.11,0.18,27.9,0,37,22,0,4,32,38,,,0,3,12,5,41.7,0.43,0.18,0.25,0.6,0,0
ESP-La Liga,2425,Celta Vigo,Javier Manquillo,ESP,DF,30,1994,10,7,515,5.7,0,0,0,0,0,0,1,0,0.0,0.0,0.0,0.0,0.0,5.7,0,9,1,0,3,5,6,,,0,0,0,0,,0.0,0.0,,,0,0
ESP-La Liga,2425,Celta Vigo,Jonathan Bamba,CIV,"MF,FW",28,1996,12,10,811,9.0,0,1,1,0,0,0,1,0,0.0,0.11,0.11,0.0,0.11,9.0,0,7,17,4,25,4,7,,,0,0,13,6,46.2,1.44,0.67,0.0,0.0,0,0
ESP-La Liga,2425,Celta Vigo,Joseph Aidoo,GHA,DF,28,1995,1,0,2,0.0,0,0,0,0,0,0,0,0,0.0,0.0,0.0,0.0,0.0,0.0,0,0,0,0,0,0,0,,,0,0,0,0,,0.0,0.0,,,0,0
ESP-La Liga,2425,Celta Vigo,Luca de la Torre,USA,MF,26,1998,1,0,4,0.0,0,0,0,0,0,0,0,0,0.0,0.0,0.0,0.0,0.0,0.0,0,1,0,0,0,0,0,,,0,0,0,0,,0.0,0.0,,,0,0
ESP-La Liga,2425,Celta Vigo,Marcos Alonso,ESP,DF,33,1990,31,29,2647,29.4,3,0,3,0,3,3,10,2,0.1,0.0,0.1,0.0,0.0,29.4,1,31,28,2,41,33,21,,,0,3,34,13,38.2,1.16,0.44,0.0,0.0,3,3
ESP-La Liga,2425,Celta Vigo,Mihailo Ristić,SRB,"MF,DF",28,1995,10,6,429,4.8,0,1,1,0,0,0,1,0,0.0,0.21,0.21,0.0,0.21,4.8,0,8,2,0,13,2,7,,,0,0,2,0,0.0,0.42,0.0,0.0,,0,0
ESP-La Liga,2425,Celta Vigo,Pablo Durán,ESP,"FW,MF",23,2001,27,15,1394,15.5,4,4,8,4,0,0,3,0,0.26,0.26,0.52,0.26,0.52,15.5,0,31,19,7,18,7,8,,,0,4,26,10,38.5,1.68,0.65,0.15,0.4,0,0
ESP-La Liga,2425,Celta Vigo,Sergio Carreira,ESP,MF,23,2000,23,19,1656,18.4,0,4,4,0,0,0,1,0,0.0,0.22,0.22,0.0,0.22,18.4,0,19,7,4,42,17,17,,,0,0,13,3,23.1,0.71,0.16,0.0,0.0,0,0
ESP-La Liga,2425,Celta Vigo,Tadeo Allende,ARG,"FW,MF",25,1999,1,0,2,0.0,0,0,0,0,0,0,1,0,0.0,0.0,0.0,0.0,0.0,0.0,0,0,0,0,0,0,0,,,0,0,0,0,,0.0,0.0,,,0,0
ESP-La Liga,2425,Celta Vigo,Vicente Guaita,ESP,GK,37,1987,34,34,3060,34.0,0,0,0,0,0,0,0,0,0.0,0.0,0.0,0.0,0.0,34.0,0,0,5,0,0,0,0,,,0,0,0,0,,0.0,0.0,,,0,0
ESP-La Liga,2425,Celta Vigo,Williot Swedberg,SWE,"FW,MF",20,2004,32,15,1348,15.0,4,5,9,4,0,0,1,0,0.27,0.33,0.6,0.27,0.6,15.0,0,21,32,7,19,3,16,,,0,4,32,15,46.9,2.14,1.0,0.13,0.27,0,0
ESP-La Liga,2425,Celta Vigo,Yoel Lago,ESP,DF,20,2004,8,7,583,6.5,0,1,1,0,0,0,2,0,0.0,0.15,0.15,0.0,0.15,6.5,0,16,9,0,0,5,8,,,0,0,0,0,,0.0,0.0,,,0,0
ESP-La Liga,2425,Celta Vigo,Óscar Mingueza,ESP,"MF,DF",25,1999,34,31,2729,30.3,4,6,10,4,0,0,6,1,0.13,0.2,0.33,0.13,0.33,30.3,0,24,31,2,135,23,27,,,0,4,33,10,30.3,1.09,0.33,0.12,0.4,0,0
ESP-La Liga,2425,Espanyol,Alejo Véliz,ARG,FW,20,2003,27,10,1127,12.5,1,0,1,1,0,0,3,0,0.08,0.0,0.08,0.08,0.08,12.5,0,20,33,5,0,4,2,,,0,1,19,6,31.6,1.52,0.48,0.05,0.17,0,0
ESP-La Liga,2425,Espanyol,Alex Král,CZE,MF,26,1998,37,29,2714,30.2,0,1,1,0,0,0,1,0,0.0,0.03,0.03,0.0,0.03,30.2,0,31,23,0,38,26,37,,,0,0,21,2,9.5,0.7,0.07,0.0,0.0,0,0
ESP-La Liga,2425,Espanyol,Antoniu,ESP,MF,21,2002,26,13,1022,11.4,0,1,1,0,0,0,3,0,0.0,0.09,0.09,0.0,0.09,11.4,0,19,23,4,21,8,9,,,0,0,10,4,40.0,0.88,0.35,0.0,0.0,0,0
ESP-La Liga,2425,Espanyol,Brian Oliván,ESP,DF,30,1994,17,12,1017,11.3,0,1,1,0,0,0,2,0,0.0,0.09,0.09,0.0,0.09,11.3,0,13,6,3,56,10,10,,,0,0,6,1,16.7,0.53,0.09,0.0,0.0,0,0
ESP-La Liga,2425,Espanyol,Carlos Romero,ESP,"DF,MF",22,2001,34,28,2554,28.4,2,1,3,2,0,0,7,0,0.07,0.04,0.11,0.07,0.11,28.4,0,34,21,1,90,28,47,,,0,2,29,6,20.7,1.02,0.21,0.07,0.33,0,0
ESP-La Liga,2425,Espanyol,Edu Expósito,ESP,MF,27,1996,19,12,1045,11.6,0,2,2,0,0,0,3,0,0.0,0.17,0.17,0.0,0.17,11.6,0,14,22,2,66,16,13,,,0,0,18,6,33.3,1.55,0.52,0.0,0.0,0,0
ESP-La Liga,2425,Espanyol,Fernando Calero,ESP,DF,28,1995,21,6,715,7.9,1,0,1,1,0,0,1,0,0.13,0.0,0.13,0.13,0.13,7.9,0,6,8,0,2,15,9,,,0,1,2,1,50.0,0.25,0.13,0.5,1.0,0,0
ESP-La Liga,2425,Espanyol,Irvin Cardona,MLT,"FW,MF",26,1997,16,5,606,6.7,1,1,2,1,0,0,1,0,0.15,0.15,0.3,0.15,0.3,6.7,0,8,8,5,13,5,6,,,0,1,10,3,30.0,1.49,0.45,0.1,0.33,0,0
ESP-La Liga,2425,Espanyol,Javi Puado,ESP,"MF,FW",26,1998,35,35,2974,33.0,12,4,16,7,5,5,8,0,0.36,0.12,0.48,0.21,0.33,33.0,0,22,27,6,28,5,17,,,0,12,71,24,33.8,2.15,0.73,0.1,0.29,5,5
ESP-La Liga,2425,Espanyol,Joan García,ESP,GK,23,2001,38,38,3420,38.0,0,0,0,0,0,0,2,0,0.0,0.0,0.0,0.0,0.0,38.0,0,0,7,0,0,0,1,,,0,0,1,1,100.0,0.03,0.03,0.0,0.0,0,0
ESP-La Liga,2425,Espanyol,Jofre,ESP,MF,23,2001,37,26,2165,24.1,3,3,6,3,0,0,5,0,0.12,0.12,0.25,0.12,0.25,24.1,0,28,59,3,55,14,16,,,0,3,40,11,27.5,1.66,0.46,0.08,0.27,0,0
ESP-La Liga,2425,Espanyol,José Gragera,ESP,MF,23,2000,10,7,569,6.3,0,0,0,0,0,0,0,0,0.0,0.0,0.0,0.0,0.0,6.3,0,18,8,0,0,5,15,,,0,0,2,0,0.0,0.32,0.0,0.0,,0,0
ESP-La Liga,2425,Espanyol,Justin Smith,CAN,MF,21,2003,5,3,209,2.3,0,0,0,0,0,0,0,0,0.0,0.0,0.0,0.0,0.0,2.3,0,5,2,0,1,4,3,,,0,0,0,0,,0.0,0.0,,,0,0
ESP-La Liga,2425,Espanyol,Leandro Cabrera,URU,DF,33,1991,33,32,2869,31.9,4,2,6,4,0,0,4,1,0.13,0.06,0.19,0.13,0.19,31.9,0,24,8,0,18,29,22,,,0,4,19,6,31.6,0.6,0.19,0.21,0.67,0,0
ESP-La Liga,2425,Espanyol,Marash Kumbulla,ALB,DF,24,2000,35,34,2972,33.0,3,0,3,3,0,0,9,0,0.09,0.0,0.09,0.09,0.09,33.0,0,37,29,0,6,32,25,,,1,3,16,5,31.3,0.48,0.15,0.19,0.6,0,0
ESP-La Liga,2425,Espanyol,Naci Ünüvar,NED,"FW,MF",21,2003,2,0,31,0.3,0,0,0,0,0,0,0,0,0.0,0.0,0.0,0.0,0.0,0.3,0,0,1,1,2,0,2,,,0,0,1,0,0.0,2.9,0.0,0.0,,0,0
ESP-La Liga,2425,Espanyol,Omar El Hilali,MAR,DF,20,2003,36,36,3153,35.0,0,2,2,0,0,0,11,0,0.0,0.06,0.06,0.0,0.06,35.0,0,52,30,7,57,45,78,,,0,0,2,0,0.0,0.06,0.0,0.0,,0,0
ESP-La Liga,2425,Espanyol,Pere Milla,ESP,MF,31,1992,20,1,456,5.1,3,0,3,3,0,0,3,0,0.59,0.0,0.59,0.59,0.59,5.1,0,5,12,2,14,3,2,,,0,3,11,5,45.5,2.17,0.99,0.27,0.6,0,0
ESP-La Liga,2425,Espanyol,Pol Lozano,ESP,MF,24,1999,30,27,1943,21.6,0,1,1,0,0,0,12,0,0.0,0.05,0.05,0.0,0.05,21.6,0,56,14,0,19,22,33,,,0,0,8,2,25.0,0.37,0.09,0.0,0.0,0,0
ESP-La Liga,2425,Espanyol,Rafael Bauza,ESP,MF,19,2005,5,2,183,2.0,0,0,0,0,0,0,1,0,0.0,0.0,0.0,0.0,0.0,2.0,0,8,0,0,0,0,3,,,0,0,3,0,0.0,1.48,0.0,0.0,,0,0
ESP-La Liga,2425,Espanyol,Roberto Férnandez,ESP,FW,22,2002,19,18,1497,16.6,6,0,6,6,0,0,1,0,0.36,0.0,0.36,0.36,0.36,16.6,0,28,25,9,2,3,4,,,0,6,21,9,42.9,1.26,0.54,0.29,0.67,0,0
ESP-La Liga,2425,Espanyol,Roger Hinojo,ESP,DF,19,2005,1,0,9,0.1,0,0,0,0,0,0,0,0,0.0,0.0,0.0,0.0,0.0,0.1,0,0,0,0,2,0,0,,,0,0,0,0,,0.0,0.0,,,0,0
ESP-La Liga,2425,Espanyol,Sergi Gómez,ESP,DF,32,1992,12,6,664,7.4,0,0,0,0,0,0,1,0,0.0,0.0,0.0,0.0,0.0,7.4,0,6,1,0,1,7,5,,,0,0,2,1,50.0,0.27,0.14,0.0,0.0,0,0
ESP-La Liga,2425,Espanyol,Urko González,ESP,MF,23,2001,17,16,1374,15.3,0,2,2,0,0,0,2,0,0.0,0.13,0.13,0.0,0.13,15.3,0,15,11,1,3,8,26,,,0,0,4,2,50.0,0.26,0.13,0.0,0.0,0,0
ESP-La Liga,2425,Espanyol,Walid Cheddira,MAR,FW,26,1998,22,5,640,7.1,1,1,2,1,0,0,3,0,0.14,0.14,0.28,0.14,0.28,7.1,0,30,27,11,2,1,0,,,0,1,13,4,30.8,1.83,0.56,0.08,0.25,0,0
ESP-La Liga,2425,Espanyol,Álvaro Aguado,ESP,MF,28,1996,16,4,443,4.9,0,1,1,0,0,0,3,0,0.0,0.2,0.2,0.0,0.2,4.9,0,5,8,0,12,4,2,,,0,0,10,1,10.0,2.03,0.2,0.0,0.0,0,0
ESP-La Liga,2425,Espanyol,Álvaro Tejero,ESP,"MF,DF",28,1996,28,13,1238,13.8,1,4,5,1,0,0,2,0,0.07,0.29,0.36,0.07,0.36,13.8,0,14,19,1,111,12,3,,,0,1,17,4,23.5,1.24,0.29,0.06,0.25,0,0
ESP-La Liga,2425,Getafe,Abdoulaye Keita,ESP,MF,21,2002,3,1,95,1.1,0,0,0,0,0,0,0,0,0.0,0.0,0.0,0.0,0.0,1.1,0,6,0,0,1,0,2,,,0,0,2,0,0.0,1.89,0.0,0.0,,0,0
ESP-La Liga,2425,Getafe,Alberto Risco,ESP,MF,18,2005,5,0,69,0.8,0,0,0,0,0,0,0,0,0.0,0.0,0.0,0.0,0.0,0.8,0,1,2,0,4,0,4,,,0,0,4,1,25.0,5.22,1.3,0.0,0.0,0,0
ESP-La Liga,2425,Getafe,Alex Sola,ESP,MF,25,1999,19,13,1029,11.4,0,1,1,0,0,0,4,0,0.0,0.09,0.09,0.0,0.09,11.4,0,24,26,7,18,6,12,,,0,0,14,1,7.1,1.22,0.09,0.0,0.0,0,0
ESP-La Liga,2425,Getafe,Allan Nyom,CMR,"MF,DF",36,1988,20,10,887,9.9,1,2,3,1,0,0,4,0,0.1,0.2,0.3,0.1,0.3,9.9,0,18,9,0,15,5,12,,,0,1,9,4,44.4,0.91,0.41,0.11,0.25,0,0
ESP-La Liga,2425,Getafe,Bertuğ Yıldırım,TUR,FW,22,2002,22,14,1083,12.0,1,0,1,1,0,0,7,0,0.08,0.0,0.08,0.08,0.08,12.0,0,33,18,14,7,1,5,,,0,1,19,7,36.8,1.58,0.58,0.05,0.14,0,0
ESP-La Liga,2425,Getafe,Borja Mayoral,ESP,FW,27,1997,24,7,1114,12.4,5,1,6,4,1,1,0,0,0.4,0.08,0.48,0.32,0.4,12.4,0,9,15,12,9,2,4,,,0,5,20,9,45.0,1.62,0.73,0.2,0.44,1,1
ESP-La Liga,2425,Getafe,Carles Aleñá,ESP,MF,26,1998,10,5,452,5.0,0,0,0,0,0,0,1,0,0.0,0.0,0.0,0.0,0.0,5.0,0,8,11,2,6,0,3,,,0,0,5,1,20.0,1.0,0.2,0.0,0.0,0,0
ESP-La Liga,2425,Getafe,Carles Pérez,ESP,MF,26,1998,27,15,1431,15.9,3,0,3,3,0,0,2,0,0.19,0.0,0.19,0.19,0.19,15.9,0,44,11,1,41,7,23,,,0,3,34,9,26.5,2.14,0.57,0.09,0.33,0,0
ESP-La Liga,2425,Getafe,Christantus Uche,NGA,"FW,MF",21,2003,33,30,2486,27.6,4,6,10,4,0,0,8,2,0.14,0.22,0.36,0.14,0.36,27.6,1,55,68,19,21,9,21,,,0,4,50,14,28.0,1.81,0.51,0.08,0.29,0,0
ESP-La Liga,2425,Getafe,Coba da Costa,ESP,MF,22,2002,19,12,1006,11.2,1,1,2,1,0,0,4,0,0.09,0.09,0.18,0.09,0.18,11.2,0,10,10,0,41,10,13,,,0,1,23,8,34.8,2.06,0.72,0.04,0.13,0,0
ESP-La Liga,2425,Getafe,David Argüelles,ESP,DF,22,2002,1,0,7,0.1,0,0,0,0,0,0,0,0,0.0,0.0,0.0,0.0,0.0,0.1,0,0,0,0,0,0,0,,,0,0,0,0,,0.0,0.0,,,0,0
ESP-La Liga,2425,Getafe,David Soria,ESP,GK,31,1993,38,38,3420,38.0,0,0,0,0,0,0,2,0,0.0,0.0,0.0,0.0,0.0,38.0,0,0,2,0,0,0,4,,,0,0,0,0,,0.0,0.0,,,0,0
ESP-La Liga,2425,Getafe,Diego Rico,ESP,DF,31,1993,33,32,2819,31.3,0,3,3,0,0,0,9,1,0.0,0.1,0.1,0.0,0.1,31.3,0,38,56,3,150,32,50,,,0,0,16,3,18.8,0.51,0.1,0.0,0.0,0,0
ESP-La Liga,2425,Getafe,Djené,TOG,"DF,MF",32,1991,31,31,2548,28.3,0,0,0,0,0,0,10,1,0.0,0.0,0.0,0.0,0.0,28.3,0,40,26,1,32,21,13,,,0,0,6,0,0.0,0.21,0.0,0.0,,0,0
ESP-La Liga,2425,Getafe,Domingos Duarte,POR,DF,29,1995,22,21,1859,20.7,1,0,1,1,0,0,4,2,0.05,0.0,0.05,0.05,0.05,20.7,1,24,13,0,0,17,15,,,0,1,3,1,33.3,0.15,0.05,0.33,1.0,0,0
ESP-La Liga,2425,Getafe,Gorka Rivera Alonso,ESP,DF,19,2004,1,0,20,0.2,0,0,0,0,0,0,0,0,0.0,0.0,0.0,0.0,0.0,0.2,0,1,1,0,0,0,0,,,0,0,0,0,,0.0,0.0,,,0,0
ESP-La Liga,2425,Getafe,Iglesias,ESP,"DF,MF",26,1998,37,32,2888,32.1,0,1,1,0,0,0,4,0,0.0,0.03,0.03,0.0,0.03,32.1,0,45,41,1,84,46,49,,,0,0,21,3,14.3,0.65,0.09,0.0,0.0,0,0
ESP-La Liga,2425,Getafe,Ismael Bekhoucha,MAR,DF,19,2004,5,0,69,0.8,0,0,0,0,0,0,2,0,0.0,0.0,0.0,0.0,0.0,0.8,0,3,3,0,1,2,1,,,0,0,0,0,,0.0,0.0,,,0,0
ESP-La Liga,2425,Getafe,John Joe,IRL,MF,20,2003,4,0,48,0.5,0,0,0,0,0,0,1,0,0.0,0.0,0.0,0.0,0.0,0.5,0,1,2,0,0,0,0,,,0,0,2,0,0.0,3.75,0.0,0.0,,0,0
ESP-La Liga,2425,Getafe,Juan Bernat,ESP,MF,31,1993,14,9,699,7.8,0,1,1,0,0,0,0,0,0.0,0.13,0.13,0.0,0.13,7.8,0,11,6,1,12,2,12,,,0,0,4,0,0.0,0.52,0.0,0.0,,0,0
ESP-La Liga,2425,Getafe,Juan Berrocal,ESP,DF,25,1999,19,11,1063,11.8,0,0,0,0,0,0,8,1,0.0,0.0,0.0,0.0,0.0,11.8,1,17,1,0,0,15,6,,,0,0,4,0,0.0,0.34,0.0,0.0,,0,0
ESP-La Liga,2425,Getafe,Juanmi,ESP,FW,31,1993,13,8,696,7.7,0,0,0,0,0,0,2,0,0.0,0.0,0.0,0.0,0.0,7.7,0,19,10,6,0,3,11,,,0,0,13,7,53.8,1.68,0.91,0.0,0.0,0,0
ESP-La Liga,2425,Getafe,Luis Milla,ESP,MF,29,1994,33,32,2875,31.9,1,4,5,0,1,1,6,0,0.03,0.13,0.16,0.0,0.13,31.9,0,38,48,0,200,22,39,,,0,1,32,8,25.0,1.0,0.25,0.0,0.0,1,1
ESP-La Liga,2425,Getafe,Mauro Arambarri,URU,MF,28,1995,35,31,2661,29.6,10,0,10,7,3,3,10,0,0.34,0.0,0.34,0.24,0.24,29.6,0,51,52,3,14,16,33,,,0,10,56,19,33.9,1.89,0.64,0.13,0.37,3,3
ESP-La Liga,2425,Getafe,Nabil Aberdin,FRA,MF,21,2002,7,4,263,2.9,0,0,0,0,0,0,1,0,0.0,0.0,0.0,0.0,0.0,2.9,0,7,5,0,0,1,5,,,0,0,2,0,0.0,0.68,0.0,0.0,,0,0
ESP-La Liga,2425,Getafe,Omar Alderete,PAR,DF,27,1996,34,34,2971,33.0,1,0,1,1,0,0,8,0,0.03,0.0,0.03,0.03,0.03,33.0,0,33,12,8,6,37,27,,,0,1,38,10,26.3,1.15,0.3,0.03,0.1,0,0
ESP-La Liga,2425,Getafe,Peter González,DOM,MF,22,2002,17,2,477,5.3,0,0,0,0,0,0,1,0,0.0,0.0,0.0,0.0,0.0,5.3,0,9,10,2,14,3,6,,,0,0,12,4,33.3,2.26,0.75,0.0,0.0,0,0
ESP-La Liga,2425,Getafe,Ramón Terrats,ESP,"MF,FW",23,2000,15,15,1219,13.5,4,1,5,4,0,0,1,0,0.3,0.07,0.37,0.3,0.37,13.5,0,13,22,3,34,8,10,,,0,4,19,9,47.4,1.4,0.66,0.21,0.44,0,0
ESP-La Liga,2425,Getafe,Yellu Santiago,ESP,MF,20,2004,19,4,372,4.1,0,0,0,0,0,0,5,0,0.0,0.0,0.0,0.0,0.0,4.1,0,14,6,0,3,2,8,,,0,0,1,0,0.0,0.24,0.0,0.0,,0,0
ESP-La Liga,2425,Getafe,Álvaro Rodríguez,URU,FW,20,2004,22,7,852,9.5,2,0,2,2,0,0,6,0,0.21,0.0,0.21,0.21,0.21,9.5,0,30,20,7,4,3,7,,,0,2,25,10,40.0,2.64,1.06,0.08,0.2,0,0
ESP-La Liga,2425,Girona,Abel Ruiz,ESP,FW,24,2000,23,17,1346,15.0,4,0,4,3,1,2,3,0,0.27,0.0,0.27,0.2,0.2,15.0,0,7,12,5,4,4,2,,,0,4,23,9,39.1,1.54,0.6,0.13,0.33,1,2
ESP-La Liga,2425,Girona,Alejandro Francés,ESP,DF,21,2002,18,13,1173,13.0,0,0,0,0,0,0,2,0,0.0,0.0,0.0,0.0,0.0,13.0,0,20,14,1,26,18,24,,,0,0,6,0,0.0,0.46,0.0,0.0,,0,0
ESP-La Liga,2425,Girona,Arnau Martinez,ESP,"DF,MF",21,2003,32,30,2624,29.2,2,2,4,2,0,0,3,0,0.07,0.07,0.14,0.07,0.14,29.2,0,20,37,2,58,31,30,,,0,2,19,6,31.6,0.65,0.21,0.11,0.33,0,0
ESP-La Liga,2425,Girona,Arnaut Danjuma,NED,"MF,FW",27,1997,25,15,1335,14.8,2,0,2,2,0,0,2,0,0.13,0.0,0.13,0.13,0.13,14.8,0,17,16,14,76,3,6,,,0,2,30,14,46.7,2.02,0.94,0.07,0.14,0,0
ESP-La Liga,2425,Girona,Arthur Melo,BRA,MF,27,1996,15,10,941,10.5,0,0,0,0,0,0,2,0,0.0,0.0,0.0,0.0,0.0,10.5,0,16,27,0,6,10,12,,,0,0,6,1,16.7,0.57,0.1,0.0,0.0,0,0
ESP-La Liga,2425,Girona,Bojan Miovski,MKD,FW,25,1999,17,12,869,9.7,2,1,3,2,0,0,0,0,0.21,0.1,0.31,0.21,0.31,9.7,0,13,11,8,3,2,5,,,0,2,14,4,28.6,1.45,0.41,0.14,0.5,0,0
ESP-La Liga,2425,Girona,Bryan Gil,ESP,"MF,FW",23,2001,25,21,1721,19.1,3,3,6,3,0,0,4,0,0.16,0.16,0.31,0.16,0.31,19.1,0,22,40,4,78,12,20,,,0,3,32,15,46.9,1.67,0.78,0.09,0.2,0,0
ESP-La Liga,2425,Girona,Cristhian Stuani,URU,FW,37,1986,32,6,1078,12.0,11,2,13,8,3,3,4,0,0.92,0.17,1.09,0.67,0.83,12.0,0,35,7,11,2,8,7,,,0,11,34,19,55.9,2.84,1.59,0.24,0.42,3,3
ESP-La Liga,2425,Girona,Daley Blind,NED,DF,34,1990,34,31,2780,30.9,0,2,2,0,0,0,2,0,0.0,0.06,0.06,0.0,0.06,30.9,0,19,16,1,42,33,28,,,0,0,10,4,40.0,0.32,0.13,0.0,0.0,0,0
ESP-La Liga,2425,Girona,David López,ESP,DF,34,1989,29,27,2429,27.0,1,1,2,1,0,0,4,0,0.04,0.04,0.07,0.04,0.07,27.0,0,12,15,1,3,14,23,,,0,1,12,3,25.0,0.44,0.11,0.08,0.33,0,0
ESP-La Liga,2425,Girona,Donny van de Beek,NED,MF,27,1997,26,16,1421,15.8,2,2,4,2,0,0,5,0,0.13,0.13,0.25,0.13,0.25,15.8,0,22,8,3,11,11,19,,,0,2,18,5,27.8,1.14,0.32,0.11,0.4,0,0
ESP-La Liga,2425,Girona,Ferrán Ruiz,ESP,DF,21,2003,1,0,18,0.2,0,0,0,0,0,0,0,0,0.0,0.0,0.0,0.0,0.0,0.2,0,0,0,0,0,1,0,,,0,0,0,0,,0.0,0.0,,,0,0
ESP-La Liga,2425,Girona,Gabriel Osei Misehouy,NED,FW,19,2005,9,1,257,2.9,1,0,1,1,0,0,0,0,0.35,0.0,0.35,0.35,0.35,2.9,0,1,5,2,6,0,1,,,0,1,6,2,33.3,2.1,0.7,0.17,0.5,0,0
ESP-La Liga,2425,Girona,Iker Almena,ESP,MF,20,2004,2,0,48,0.5,0,1,1,0,0,0,0,0,0.0,1.87,1.87,0.0,1.87,0.5,0,0,1,0,4,0,0,,,0,0,1,0,0.0,1.87,0.0,0.0,,0,0
ESP-La Liga,2425,Girona,Iván Martín,ESP,MF,25,1999,32,24,2039,22.7,1,1,2,1,0,0,1,0,0.04,0.04,0.09,0.04,0.09,22.7,0,21,15,4,21,12,19,,,0,1,11,3,27.3,0.49,0.13,0.09,0.33,0,0
ESP-La Liga,2425,Girona,Jhon Solis,COL,MF,19,2004,19,3,535,5.9,1,0,1,1,0,0,3,0,0.17,0.0,0.17,0.17,0.17,5.9,0,9,6,0,3,5,6,,,0,1,4,1,25.0,0.67,0.17,0.25,1.0,0,0
ESP-La Liga,2425,Girona,Juanpe,ESP,DF,33,1991,12,8,727,8.1,0,0,0,0,0,0,2,0,0.0,0.0,0.0,0.0,0.0,8.1,0,4,2,0,1,8,5,,,0,0,2,0,0.0,0.25,0.0,0.0,,0,0
ESP-La Liga,2425,Girona,Kim Minsu,KOR,FW,18,2006,3,0,22,0.2,0,0,0,0,0,0,0,0,0.0,0.0,0.0,0.0,0.0,0.2,0,0,1,0,0,0,0,,,0,0,0,0,,0.0,0.0,,,0,0
ESP-La Liga,2425,Girona,Ladislav Krejčí,CZE,DF,25,1999,28,27,2440,27.1,2,0,2,2,0,0,9,0,0.07,0.0,0.07,0.07,0.07,27.1,0,24,17,0,11,34,16,,,1,2,18,5,27.8,0.66,0.18,0.11,0.4,0,0
ESP-La Liga,2425,Girona,Miguel Gutiérrez,ESP,"DF,MF",23,2001,29,29,2458,27.3,1,5,6,1,0,0,4,0,0.04,0.18,0.22,0.04,0.22,27.3,0,29,34,6,153,17,24,,,0,1,28,9,32.1,1.03,0.33,0.04,0.11,0,0
ESP-La Liga,2425,Girona,Oriol Romeu,ESP,MF,32,1991,25,17,1356,15.1,0,0,0,0,0,0,5,0,0.0,0.0,0.0,0.0,0.0,15.1,0,28,18,0,7,14,24,,,0,0,5,1,20.0,0.33,0.07,0.0,0.0,0,0
ESP-La Liga,2425,Girona,Papa Ba,ESP,FW,19,2004,1,0,48,0.5,0,0,0,0,0,0,0,0,0.0,0.0,0.0,0.0,0.0,0.5,0,1,4,0,1,0,1,,,0,0,1,0,0.0,1.87,0.0,0.0,,0,0
ESP-La Liga,2425,Girona,Pau López,ESP,GK,29,1994,1,0,45,0.5,0,0,0,0,0,0,0,0,0.0,0.0,0.0,0.0,0.0,0.5,0,0,1,0,0,0,0,,,0,0,0,0,,0.0,0.0,,,0,0
ESP-La Liga,2425,Girona,Paulo Gazzaniga,ARG,GK,32,1992,36,36,3195,35.5,0,0,0,0,0,0,4,0,0.0,0.0,0.0,0.0,0.0,35.5,0,1,3,0,0,0,1,,,0,0,0,0,,0.0,0.0,,,0,0
ESP-La Liga,2425,Girona,Portu,ESP,"FW,MF",32,1992,27,6,779,8.7,1,2,3,1,0,0,4,0,0.12,0.23,0.35,0.12,0.35,8.7,0,14,10,7,26,0,8,,,0,1,8,4,50.0,0.92,0.46,0.13,0.25,0,0
ESP-La Liga,2425,Girona,Silvi Clúa,ESP,MF,19,2005,4,2,163,1.8,0,0,0,0,0,0,0,0,0.0,0.0,0.0,0.0,0.0,1.8,0,5,0,0,0,2,6,,,0,0,2,1,50.0,1.1,0.55,0.0,0.0,0,0
ESP-La Liga,2425,Girona,Viktor Tsyhankov,UKR,"MF,FW",26,1997,27,23,1913,21.3,2,5,7,2,0,0,1,0,0.09,0.24,0.33,0.09,0.33,21.3,0,14,28,4,123,16,13,,,0,2,35,10,28.6,1.65,0.47,0.06,0.2,0,0
ESP-La Liga,2425,Girona,Vladyslav Krapyvtsov,UKR,GK,19,2005,2,2,180,2.0,0,0,0,0,0,0,0,0,0.0,0.0,0.0,0.0,0.0,2.0,0,0,0,0,0,0,0,,,0,0,0,0,,0.0,0.0,,,0,0
ESP-La Liga,2425,Girona,Yangel Herrera,VEN,MF,26,1998,29,27,2257,25.1,4,3,7,4,0,0,10,1,0.16,0.12,0.28,0.16,0.28,25.1,0,71,68,5,45,29,42,,,0,4,39,14,35.9,1.56,0.56,0.1,0.29,0,0
ESP-La Liga,2425,Girona,Yaser Asprilla,COL,"MF,FW",20,2003,27,15,1405,15.6,3,1,4,3,0,0,2,0,0.19,0.06,0.26,0.19,0.26,15.6,0,12,23,1,93,7,12,,,0,3,38,11,28.9,2.43,0.7,0.08,0.27,0,0
ESP-La Liga,2425,Las Palmas,Aboubacar Bassinga,BFA,MF,19,2005,1,0,4,0.0,0,0,0,0,0,0,0,0,0.0,0.0,0.0,0.0,0.0,0.0,0,1,0,0,0,0,0,,,0,0,0,0,,0.0,0.0,,,0,0
ESP-La Liga,2425,Las Palmas,Adnan Januzaj,BEL,"MF,FW",29,1995,18,5,598,6.6,2,1,3,2,0,0,5,0,0.3,0.15,0.45,0.3,0.45,6.6,0,5,22,0,64,2,6,,,0,2,16,5,31.3,2.41,0.75,0.13,0.4,0,0
ESP-La Liga,2425,Las Palmas,Alberto Moleiro,ESP,MF,20,2003,35,32,2714,30.2,6,1,7,6,0,0,5,0,0.2,0.03,0.23,0.2,0.23,30.2,0,31,40,2,32,16,13,,,0,6,68,24,35.3,2.25,0.8,0.09,0.25,0,0
ESP-La Liga,2425,Las Palmas,Andy Pelmard,MAD,DF,24,2000,4,2,205,2.3,0,0,0,0,0,0,1,0,0.0,0.0,0.0,0.0,0.0,2.3,0,2,3,0,2,2,0,,,0,0,1,0,0.0,0.44,0.0,0.0,,0,0
ESP-La Liga,2425,Las Palmas,Arturo Rodríguez,ESP,FW,17,2006,1,0,21,0.2,0,0,0,0,0,0,0,0,0.0,0.0,0.0,0.0,0.0,0.2,0,0,0,0,2,0,0,,,0,0,0,0,,0.0,0.0,,,0,0
ESP-La Liga,2425,Las Palmas,Benito Ramírez,ESP,"MF,DF",29,1995,19,2,478,5.3,0,0,0,0,0,0,2,1,0.0,0.0,0.0,0.0,0.0,5.3,0,5,8,0,40,1,6,,,0,0,10,1,10.0,1.88,0.19,0.0,0.0,0,0
ESP-La Liga,2425,Las Palmas,Daley Sinkgraven,NED,DF,29,1995,2,1,91,1.0,0,0,0,0,0,0,0,0,0.0,0.0,0.0,0.0,0.0,1.0,0,2,2,0,4,1,1,,,0,0,0,0,,0.0,0.0,,,0,0
ESP-La Liga,2425,Las Palmas,Dario Essugo,POR,MF,19,2005,27,25,1938,21.5,1,0,1,1,0,0,11,2,0.05,0.0,0.05,0.05,0.05,21.5,2,37,30,0,1,42,44,,,0,1,23,4,17.4,1.07,0.19,0.04,0.25,0,0
ESP-La Liga,2425,Las Palmas,Diego Martín,ESP,FW,20,2003,2,0,40,0.4,0,0,0,0,0,0,0,0,0.0,0.0,0.0,0.0,0.0,0.4,0,0,1,0,4,0,1,,,0,0,1,0,0.0,2.25,0.0,0.0,,0,0
ESP-La Liga,2425,Las Palmas,Dinko Horkaš,CRO,GK,25,1999,13,11,1085,12.1,0,0,0,0,0,0,1,0,0.0,0.0,0.0,0.0,0.0,12.1,0,1,1,0,0,0,0,,,0,0,0,0,,0.0,0.0,,,0,0
ESP-La Liga,2425,Las Palmas,Enzo Loiodice,FRA,MF,23,2000,17,7,684,7.6,0,0,0,0,0,0,3,0,0.0,0.0,0.0,0.0,0.0,7.6,0,10,6,1,11,10,7,,,0,0,7,4,57.1,0.92,0.53,0.0,0.0,0,0
ESP-La Liga,2425,Las Palmas,Fabio González,ESP,MF,27,1997,2,0,53,0.6,0,0,0,0,0,0,0,0,0.0,0.0,0.0,0.0,0.0,0.6,0,1,0,0,1,0,0,,,0,0,2,0,0.0,3.4,0.0,0.0,,0,0
ESP-La Liga,2425,Las Palmas,Fábio Silva,POR,FW,22,2002,24,22,1866,20.7,10,3,13,8,2,3,7,0,0.48,0.14,0.63,0.39,0.53,20.7,0,39,43,20,19,5,9,,,0,10,49,24,49.0,2.36,1.16,0.16,0.33,2,3
ESP-La Liga,2425,Las Palmas,Jaime Mata,ESP,"MF,FW",35,1988,30,4,656,7.3,0,0,0,0,0,0,9,0,0.0,0.0,0.0,0.0,0.0,7.3,0,20,14,12,9,3,2,,,0,0,17,6,35.3,2.33,0.82,0.0,0.0,0,0
ESP-La Liga,2425,Las Palmas,Jasper Cillessen,NED,GK,35,1989,27,27,2335,25.9,0,0,0,0,0,0,1,0,0.0,0.0,0.0,0.0,0.0,25.9,0,0,5,0,0,0,0,,,0,0,0,0,,0.0,0.0,,,0,0
ESP-La Liga,2425,Las Palmas,Javier Muñoz,ESP,"MF,DF",29,1995,35,28,2588,28.8,1,3,4,1,0,0,5,0,0.03,0.1,0.14,0.03,0.14,28.8,0,30,26,2,51,28,34,,,0,1,25,6,24.0,0.87,0.21,0.04,0.17,0,0
ESP-La Liga,2425,Las Palmas,José Campaña,ESP,MF,31,1993,25,15,1189,13.2,0,3,3,0,0,0,5,0,0.0,0.23,0.23,0.0,0.23,13.2,0,7,20,0,34,20,15,,,0,0,5,3,60.0,0.38,0.23,0.0,0.0,0,0
ESP-La Liga,2425,Las Palmas,José Carlos González,ESP,MF,18,2006,1,0,11,0.1,0,0,0,0,0,0,0,0,0.0,0.0,0.0,0.0,0.0,0.1,0,0,0,0,0,0,0,,,0,0,0,0,,0.0,0.0,,,0,0
ESP-La Liga,2425,Las Palmas,Juanma Herzog,ESP,DF,20,2004,19,15,1315,14.6,0,0,0,0,0,0,1,0,0.0,0.0,0.0,0.0,0.0,14.6,0,6,7,0,0,21,11,,,0,0,11,2,18.2,0.75,0.14,0.0,0.0,0,0
ESP-La Liga,2425,Las Palmas,Kirian Rodríguez,ESP,MF,28,1996,21,21,1758,19.5,0,3,3,0,0,0,2,0,0.0,0.15,0.15,0.0,0.15,19.5,0,9,18,0,17,10,18,,,0,0,21,9,42.9,1.08,0.46,0.0,0.0,0,0
ESP-La Liga,2425,Las Palmas,Manuel Fuster,ESP,"MF,FW",26,1997,28,8,1003,11.1,2,1,3,2,0,0,2,0,0.18,0.09,0.27,0.18,0.27,11.1,0,12,37,1,66,4,11,,,0,2,18,7,38.9,1.62,0.63,0.11,0.29,0,0
ESP-La Liga,2425,Las Palmas,Marc Cardona,ESP,FW,29,1995,11,0,132,1.5,0,0,0,0,0,0,2,0,0.0,0.0,0.0,0.0,0.0,1.5,0,2,3,0,1,0,2,,,0,0,4,0,0.0,2.73,0.0,0.0,,0,0
ESP-La Liga,2425,Las Palmas,Marvin,ESP,"DF,MF",24,2000,23,9,1038,11.5,0,0,0,0,0,0,4,0,0.0,0.0,0.0,0.0,0.0,11.5,0,20,17,0,52,14,14,,,0,0,5,0,0.0,0.43,0.0,0.0,,0,0
ESP-La Liga,2425,Las Palmas,Mika Mármol,ESP,DF,23,2001,30,27,2399,26.7,0,1,1,0,0,0,5,0,0.0,0.04,0.04,0.0,0.04,26.7,0,33,8,3,59,36,34,,,0,0,10,0,0.0,0.38,0.0,0.0,,0,0
ESP-La Liga,2425,Las Palmas,Oliver McBurnie,SCO,FW,28,1996,34,20,1837,20.4,3,6,9,3,0,0,3,0,0.15,0.29,0.44,0.15,0.44,20.4,0,32,19,9,2,6,8,,,0,3,32,13,40.6,1.57,0.64,0.09,0.23,0,0
ESP-La Liga,2425,Las Palmas,Pejiño,ESP,MF,28,1996,1,0,16,0.2,0,0,0,0,0,0,0,0,0.0,0.0,0.0,0.0,0.0,0.2,0,1,0,0,1,0,1,,,0,0,1,0,0.0,5.63,0.0,0.0,,0,0
ESP-La Liga,2425,Las Palmas,Sandro Ramírez,ESP,"MF,FW",29,1995,31,25,2034,22.6,9,3,12,8,1,1,6,0,0.4,0.13,0.53,0.35,0.49,22.6,0,26,43,5,122,18,17,,,0,9,52,21,40.4,2.3,0.93,0.15,0.38,1,1
ESP-La Liga,2425,Las Palmas,Scott McKenna,SCO,DF,27,1996,29,28,2466,27.4,0,0,0,0,0,0,5,1,0.0,0.0,0.0,0.0,0.0,27.4,0,13,8,1,2,8,13,,,1,0,10,0,0.0,0.36,0.0,0.0,,0,0
ESP-La Liga,2425,Las Palmas,Sergio Viera,ESP,MF,19,2005,2,1,96,1.1,0,0,0,0,0,0,1,0,0.0,0.0,0.0,0.0,0.0,1.1,0,1,1,0,0,1,1,,,0,0,1,0,0.0,0.94,0.0,0.0,,0,0
ESP-La Liga,2425,Las Palmas,Stefan Bajcetic,ESP,"MF,DF",19,2004,14,12,969,10.8,1,0,1,1,0,0,4,0,0.09,0.0,0.09,0.09,0.09,10.8,0,21,14,0,4,15,14,,,0,1,5,2,40.0,0.46,0.19,0.2,0.5,0,0
ESP-La Liga,2425,Las Palmas,Valentín Pezzolesi,ESP,DF,17,2007,1,0,6,0.1,0,0,0,0,0,0,0,0,0.0,0.0,0.0,0.0,0.0,0.1,0,0,0,0,0,0,0,,,0,0,0,0,,0.0,0.0,,,0,0
ESP-La Liga,2425,Las Palmas,Viti,ESP,DF,26,1997,29,23,1982,22.0,0,2,2,0,0,0,5,0,0.0,0.09,0.09,0.0,0.09,22.0,0,28,31,0,46,25,47,,,0,0,3,2,66.7,0.14,0.09,0.0,0.0,0,0
ESP-La Liga,2425,Las Palmas,Álex Muñoz,ESP,DF,30,1994,21,18,1415,15.7,3,0,3,3,0,0,3,0,0.19,0.0,0.19,0.19,0.19,15.7,0,30,14,2,27,16,28,,,0,3,9,5,55.6,0.57,0.32,0.33,0.6,0,0
ESP-La Liga,2425,Las Palmas,Álex Suárez,ESP,DF,31,1993,30,30,2460,27.3,0,0,0,0,0,0,12,0,0.0,0.0,0.0,0.0,0.0,27.3,0,27,21,1,1,15,25,,,2,0,6,3,50.0,0.22,0.11,0.0,0.0,0,0
ESP-La Liga,2425,Leganés,Adrià Altimira,ESP,"DF,MF",23,2001,22,19,1630,18.1,0,0,0,0,0,0,6,0,0.0,0.0,0.0,0.0,0.0,18.1,0,27,28,3,27,16,24,,,0,0,7,2,28.6,0.39,0.11,0.0,0.0,0,0
ESP-La Liga,2425,Leganés,Aritz Arambarri,ESP,DF,26,1998,2,2,177,2.0,0,0,0,0,0,0,0,0,0.0,0.0,0.0,0.0,0.0,2.0,0,0,0,0,0,3,1,,,0,0,1,0,0.0,0.51,0.0,0.0,,0,0
ESP-La Liga,2425,Leganés,Borna Barišić,CRO,DF,31,1992,1,1,9,0.1,0,0,0,0,0,0,0,0,0.0,0.0,0.0,0.0,0.0,0.1,0,0,0,0,0,0,0,,,0,0,0,0,,0.0,0.0,,,0,0
ESP-La Liga,2425,Leganés,Dani Raba,ESP,"MF,FW",28,1995,29,24,1879,20.9,8,6,14,4,4,5,6,0,0.38,0.29,0.67,0.19,0.48,20.9,0,40,56,9,87,13,23,,,0,8,44,17,38.6,2.11,0.81,0.09,0.24,4,5
ESP-La Liga,2425,Leganés,Darko Brašanac,SRB,MF,32,1992,30,15,1617,18.0,1,2,3,1,0,0,4,0,0.06,0.11,0.17,0.06,0.17,18.0,0,38,13,4,11,17,14,,,0,1,12,3,25.0,0.67,0.17,0.08,0.33,0,0
ESP-La Liga,2425,Leganés,Diego,ESP,"FW,MF",24,2000,28,13,1195,13.3,3,0,3,3,0,0,2,0,0.23,0.0,0.23,0.23,0.23,13.3,0,22,23,7,5,3,1,,,0,3,29,9,31.0,2.18,0.68,0.1,0.33,0,0
ESP-La Liga,2425,Leganés,Duk,CPV,MF,24,2000,10,1,179,2.0,0,0,0,0,0,0,1,0,0.0,0.0,0.0,0.0,0.0,2.0,0,5,13,0,8,1,4,,,0,0,2,1,50.0,1.01,0.5,0.0,0.0,0,0
ESP-La Liga,2425,Leganés,Enric Franquesa,ESP,"MF,DF",27,1997,12,7,616,6.8,1,0,1,1,0,0,1,0,0.15,0.0,0.15,0.15,0.15,6.8,0,8,6,0,16,4,9,,,0,1,3,1,33.3,0.44,0.15,0.33,1.0,0,0
ESP-La Liga,2425,Leganés,Javi Hernández,ESP,DF,26,1998,31,27,2389,26.5,2,1,3,2,0,0,6,0,0.08,0.04,0.11,0.08,0.11,26.5,0,49,16,5,52,22,15,,,0,2,17,6,35.3,0.64,0.23,0.12,0.33,0,0
ESP-La Liga,2425,Leganés,Jorge Sáenz,ESP,DF,27,1996,23,19,1690,18.8,1,0,1,1,0,0,4,1,0.05,0.0,0.05,0.05,0.05,18.8,0,30,15,1,0,23,23,,,1,1,8,3,37.5,0.43,0.16,0.13,0.33,0,0
ESP-La Liga,2425,Leganés,Juan Cruz,ESP,"MF,DF",24,2000,34,26,2257,25.1,5,4,9,5,0,0,2,0,0.2,0.16,0.36,0.2,0.36,25.1,0,14,23,7,91,13,16,,,0,5,33,14,42.4,1.32,0.56,0.15,0.36,0,0
ESP-La Liga,2425,Leganés,Juan Soriano,ESP,GK,26,1997,6,6,540,6.0,0,0,0,0,0,0,1,1,0.0,0.0,0.0,0.0,0.0,6.0,0,0,3,0,0,0,1,,,1,0,0,0,,0.0,0.0,,,0,0
ESP-La Liga,2425,Leganés,Julián Chicco,ARG,"MF,DF",26,1998,14,2,302,3.4,0,1,1,0,0,0,0,0,0.0,0.3,0.3,0.0,0.3,3.4,0,1,3,0,3,4,7,,,0,0,3,1,33.3,0.89,0.3,0.0,0.0,0,0
ESP-La Liga,2425,Leganés,Marko Dmitrović,SRB,GK,32,1992,32,32,2880,32.0,0,0,0,0,0,0,0,0,0.0,0.0,0.0,0.0,0.0,32.0,0,1,6,0,0,0,1,,,0,0,0,0,,0.0,0.0,,,0,0
ESP-La Liga,2425,Leganés,Matija Nastasić,SRB,DF,31,1993,26,24,2110,23.4,1,0,1,1,0,0,3,0,0.04,0.0,0.04,0.04,0.04,23.4,0,15,8,2,0,21,12,,,0,1,2,1,50.0,0.09,0.04,0.5,1.0,0,0
ESP-La Liga,2425,Leganés,Miguel,ESP,FW,24,1999,34,17,1724,19.2,1,3,4,0,1,2,3,0,0.05,0.16,0.21,0.0,0.16,19.2,0,23,30,12,10,3,7,,,0,1,35,16,45.7,1.83,0.84,0.0,0.0,1,2
ESP-La Liga,2425,Leganés,Munir El Haddadi,MAR,"MF,FW",28,1995,25,10,862,9.6,4,0,4,4,0,0,1,1,0.42,0.0,0.42,0.42,0.42,9.6,0,14,39,7,13,1,9,,,0,4,21,9,42.9,2.19,0.94,0.19,0.44,0,0
ESP-La Liga,2425,Leganés,Renato Tapia,PER,"MF,DF",29,1995,34,28,2424,26.9,1,0,1,1,0,0,8,0,0.04,0.0,0.04,0.04,0.04,26.9,0,38,34,0,12,30,36,,,0,1,14,6,42.9,0.52,0.22,0.07,0.17,0,0
ESP-La Liga,2425,Leganés,Roberto López,ESP,MF,24,2000,13,3,396,4.4,0,1,1,0,0,0,0,0,0.0,0.23,0.23,0.0,0.23,4.4,0,1,3,0,23,1,5,,,0,0,6,1,16.7,1.36,0.23,0.0,0.0,0,0
ESP-La Liga,2425,Leganés,Sergi,ESP,DF,32,1992,36,33,2957,32.9,2,0,2,2,0,0,2,1,0.06,0.0,0.06,0.06,0.06,32.9,0,30,12,7,1,38,29,,,1,2,13,5,38.5,0.4,0.15,0.15,0.4,0,0
ESP-La Liga,2425,Leganés,Seydouba Cissé,GUI,MF,23,2001,34,31,2435,27.1,3,1,4,3,0,0,3,1,0.11,0.04,0.15,0.11,0.15,27.1,0,39,25,2,10,14,36,,,0,3,24,5,20.8,0.89,0.18,0.13,0.6,0,0
ESP-La Liga,2425,Leganés,Sébastien Haller,CIV,FW,30,1994,8,5,404,4.5,0,0,0,0,0,0,0,0,0.0,0.0,0.0,0.0,0.0,4.5,0,4,5,7,0,0,0,,,0,0,4,1,25.0,0.89,0.22,0.0,0.0,0,0
ESP-La Liga,2425,Leganés,Valentin Rosier,FRA,DF,27,1996,32,28,2595,28.8,1,2,3,1,0,0,8,0,0.03,0.07,0.1,0.03,0.1,28.8,0,44,18,8,39,50,54,,,0,1,14,4,28.6,0.49,0.14,0.07,0.25,0,0
ESP-La Liga,2425,Leganés,Yan Diomandé,CIV,MF,17,2006,10,6,545,6.1,2,1,3,2,0,0,1,0,0.33,0.17,0.5,0.33,0.5,6.1,0,8,16,2,12,8,9,,,0,2,11,3,27.3,1.82,0.5,0.18,0.67,0,0
ESP-La Liga,2425,Leganés,Yvan Neyou,CMR,MF,27,1997,30,27,2312,25.7,1,1,2,1,0,0,14,0,0.04,0.04,0.08,0.04,0.08,25.7,0,33,50,0,15,27,34,,,0,1,16,3,18.8,0.62,0.12,0.06,0.33,0,0
ESP-La Liga,2425,Leganés,Óscar Rodríguez Arnaiz,ESP,MF,26,1998,29,12,1330,14.8,1,4,5,1,0,0,6,1,0.07,0.27,0.34,0.07,0.34,14.8,0,19,25,1,55,21,17,,,0,1,33,6,18.2,2.23,0.41,0.03,0.17,0,0
ESP-La Liga,2425,Mallorca,Abdón Prats,ESP,"FW,MF",31,1992,24,3,456,5.1,2,0,2,1,1,1,4,0,0.39,0.0,0.39,0.2,0.2,5.1,0,6,19,2,0,2,1,,,0,2,14,6,42.9,2.76,1.18,0.07,0.17,1,1
ESP-La Liga,2425,Mallorca,Antonio Raillo,ESP,DF,32,1991,36,36,3207,35.6,2,0,2,2,0,0,7,1,0.06,0.0,0.06,0.06,0.06,35.6,0,50,9,2,2,27,15,,,0,2,35,8,22.9,0.98,0.22,0.06,0.25,0,0
ESP-La Liga,2425,Mallorca,Antonio Sánchez,ESP,"MF,DF",27,1997,33,12,1395,15.5,0,0,0,0,0,0,3,0,0.0,0.0,0.0,0.0,0.0,15.5,0,23,11,4,33,18,17,,,0,0,17,2,11.8,1.1,0.13,0.0,0.0,0,0
ESP-La Liga,2425,Mallorca,Chiquinho,POR,MF,24,2000,8,1,146,1.6,0,0,0,0,0,0,2,0,0.0,0.0,0.0,0.0,0.0,1.6,0,6,7,0,9,1,0,,,0,0,4,2,50.0,2.47,1.23,0.0,0.0,0,0
ESP-La Liga,2425,Mallorca,Copete,ESP,DF,24,1999,25,16,1528,17.0,0,0,0,0,0,0,6,0,0.0,0.0,0.0,0.0,0.0,17.0,0,27,13,0,7,18,18,,,0,0,6,2,33.3,0.35,0.12,0.0,0.0,0,0
ESP-La Liga,2425,Mallorca,Cyle Larin,CAN,FW,29,1995,32,21,1764,19.6,7,2,9,6,1,1,4,0,0.36,0.1,0.46,0.31,0.41,19.6,0,32,32,24,6,2,5,,,0,7,39,15,38.5,1.99,0.77,0.15,0.4,1,1
ESP-La Liga,2425,Mallorca,Dani Rodríguez,ESP,"MF,FW",36,1988,37,26,2162,24.0,4,7,11,4,0,0,5,0,0.17,0.29,0.46,0.17,0.46,24.0,0,51,40,8,116,12,28,,,0,4,31,10,32.3,1.29,0.42,0.13,0.4,0,0
ESP-La Liga,2425,Mallorca,Daniel Luna,COL,MF,21,2003,2,0,20,0.2,0,0,0,0,0,0,0,0,0.0,0.0,0.0,0.0,0.0,0.2,0,0,1,0,3,0,0,,,0,0,0,0,,0.0,0.0,,,0,0
ESP-La Liga,2425,Mallorca,David López,ESP,DF,21,2003,2,2,169,1.9,0,0,0,0,0,0,0,0,0.0,0.0,0.0,0.0,0.0,1.9,0,0,0,0,0,2,2,,,0,0,0,0,,0.0,0.0,,,0,0
ESP-La Liga,2425,Mallorca,Dominik Greif,SVK,GK,27,1997,31,31,2790,31.0,0,0,0,0,0,0,1,0,0.0,0.0,0.0,0.0,0.0,31.0,0,0,3,0,0,0,0,,,0,0,0,0,,0.0,0.0,,,0,0
ESP-La Liga,2425,Mallorca,Jan Salas,ESP,MF,18,2005,4,0,43,0.5,0,0,0,0,0,0,0,0,0.0,0.0,0.0,0.0,0.0,0.5,0,0,3,0,1,0,1,,,0,0,2,0,0.0,4.19,0.0,0.0,,0,0
ESP-La Liga,2425,Mallorca,Javier Llabrés,ESP,MF,21,2002,1,1,57,0.6,0,0,0,0,0,0,0,0,0.0,0.0,0.0,0.0,0.0,0.6,0,0,1,1,4,0,0,,,0,0,1,0,0.0,1.58,0.0,0.0,,0,0
ESP-La Liga,2425,Mallorca,Johan Mojica,COL,DF,31,1992,36,30,2755,30.6,1,2,3,1,0,0,5,0,0.03,0.07,0.1,0.03,0.1,30.6,0,18,24,0,143,28,23,,,0,1,17,3,17.6,0.56,0.1,0.06,0.33,0,0
ESP-La Liga,2425,Mallorca,Leo Román,ESP,GK,24,2000,7,7,630,7.0,0,0,0,0,0,0,0,0,0.0,0.0,0.0,0.0,0.0,7.0,0,0,1,0,0,0,0,,,0,0,0,0,,0.0,0.0,,,0,0
ESP-La Liga,2425,Mallorca,Manu Morlanes,ESP,MF,25,1999,23,15,1338,14.9,0,0,0,0,0,0,7,0,0.0,0.0,0.0,0.0,0.0,14.9,0,15,13,0,8,23,30,,,0,0,11,1,9.1,0.74,0.07,0.0,0.0,0,0
ESP-La Liga,2425,Mallorca,Marc Domenech,ESP,"FW,MF",18,2006,10,3,303,3.4,0,0,0,0,0,0,0,0,0.0,0.0,0.0,0.0,0.0,3.4,0,5,1,0,4,0,4,,,0,0,8,2,25.0,2.38,0.59,0.0,0.0,0,0
ESP-La Liga,2425,Mallorca,Martin Valjent,SVK,DF,28,1995,31,31,2763,30.7,3,0,3,3,0,0,4,0,0.1,0.0,0.1,0.1,0.1,30.7,0,15,13,0,11,18,21,,,0,3,12,5,41.7,0.39,0.16,0.25,0.6,0,0
ESP-La Liga,2425,Mallorca,Mateu Morey,ESP,DF,24,2000,16,8,741,8.2,0,0,0,0,0,0,1,0,0.0,0.0,0.0,0.0,0.0,8.2,0,17,10,1,16,17,18,,,0,0,3,1,33.3,0.36,0.12,0.0,0.0,0,0
ESP-La Liga,2425,Mallorca,Omar Mascarell,EQG,MF,31,1993,32,21,1992,22.1,1,0,1,1,0,0,5,1,0.05,0.0,0.05,0.05,0.05,22.1,0,30,13,0,5,51,12,,,0,1,9,2,22.2,0.41,0.09,0.11,0.5,0,0
ESP-La Liga,2425,Mallorca,Pablo Maffeo,ESP,DF,27,1997,30,28,2368,26.3,0,2,2,0,0,0,7,0,0.0,0.08,0.08,0.0,0.08,26.3,0,23,37,1,96,27,41,,,0,0,7,1,14.3,0.27,0.04,0.0,0.0,0,0
ESP-La Liga,2425,Mallorca,Roberto Navarro,ESP,MF,22,2002,23,15,1278,14.2,1,0,1,1,0,0,3,0,0.07,0.0,0.07,0.07,0.07,14.2,0,14,21,2,30,19,22,,,0,1,18,6,33.3,1.27,0.42,0.06,0.17,0,0
ESP-La Liga,2425,Mallorca,Samu Costa,POR,MF,23,2000,32,31,2649,29.4,0,2,2,0,0,0,10,1,0.0,0.07,0.07,0.0,0.07,29.4,1,62,63,2,21,32,42,,,0,0,30,8,26.7,1.02,0.27,0.0,0.0,0,0
ESP-La Liga,2425,Mallorca,Sergi Darder,ESP,MF,30,1993,38,34,2744,30.5,2,6,8,2,0,0,4,0,0.07,0.2,0.26,0.07,0.26,30.5,0,21,37,3,159,15,26,,,0,2,36,9,25.0,1.18,0.3,0.06,0.22,0,0
ESP-La Liga,2425,Mallorca,Siebe Van Der Heyden,BEL,DF,26,1998,2,1,97,1.1,0,0,0,0,0,0,0,0,0.0,0.0,0.0,0.0,0.0,1.1,0,2,0,0,2,2,1,,,0,0,1,0,0.0,0.93,0.0,0.0,,0,0
ESP-La Liga,2425,Mallorca,Takuma Asano,JPN,"MF,FW",29,1994,21,13,1054,11.7,2,1,3,2,0,0,0,0,0.17,0.09,0.26,0.17,0.26,11.7,0,5,15,6,20,8,9,,,0,2,28,8,28.6,2.39,0.68,0.07,0.25,0,0
ESP-La Liga,2425,Mallorca,Toni Lato,ESP,DF,26,1997,14,7,621,6.9,0,0,0,0,0,0,1,1,0.0,0.0,0.0,0.0,0.0,6.9,0,12,3,2,24,5,12,,,0,0,0,0,,0.0,0.0,,,0,0
ESP-La Liga,2425,Mallorca,Valery Fernández,ESP,MF,24,1999,18,1,309,3.4,2,0,2,2,0,0,1,0,0.58,0.0,0.58,0.58,0.58,3.4,0,3,1,1,4,0,7,,,0,2,3,3,100.0,0.87,0.87,0.67,0.67,0,0
ESP-La Liga,2425,Mallorca,Vedat Muriqi,KVX,FW,30,1994,29,24,2058,22.9,7,2,9,5,2,3,1,2,0.31,0.09,0.39,0.22,0.31,22.9,0,29,41,19,10,7,4,,,1,7,54,19,35.2,2.36,0.83,0.09,0.26,2,3
ESP-La Liga,2425,Osasuna,Abel Bretones,ESP,"DF,MF",23,2000,35,20,2074,23.0,2,0,2,2,0,0,3,0,0.09,0.0,0.09,0.09,0.09,23.0,0,25,32,3,84,19,37,,,0,2,12,4,33.3,0.52,0.17,0.17,0.5,0,0
ESP-La Liga,2425,Osasuna,Aimar Oroz,ESP,MF,22,2001,37,35,2966,33.0,5,4,9,4,1,1,8,0,0.15,0.12,0.27,0.12,0.24,33.0,0,28,64,5,32,22,20,,,0,5,48,16,33.3,1.46,0.49,0.08,0.25,1,1
ESP-La Liga,2425,Osasuna,Aitor Fernández,ESP,GK,33,1991,1,1,90,1.0,0,0,0,0,0,0,0,0,0.0,0.0,0.0,0.0,0.0,1.0,0,0,0,0,0,0,0,,,0,0,0,0,,0.0,0.0,,,0,0
ESP-La Liga,2425,Osasuna,Ante Budimir,CRO,FW,33,1991,38,34,2952,32.8,21,4,25,13,8,8,4,0,0.64,0.12,0.76,0.4,0.52,32.8,0,47,35,15,6,1,9,,,0,21,99,37,37.4,3.02,1.13,0.13,0.35,8,8
ESP-La Liga,2425,Osasuna,Bryan Zaragoza,ESP,"MF,FW",22,2001,27,22,1836,20.4,1,6,7,1,0,0,4,0,0.05,0.29,0.34,0.05,0.34,20.4,0,19,39,9,103,5,11,,,0,1,42,13,31.0,2.06,0.64,0.02,0.08,0,0
ESP-La Liga,2425,Osasuna,Catena,ESP,DF,29,1994,35,35,3074,34.2,1,3,4,1,0,0,11,0,0.03,0.09,0.12,0.03,0.12,34.2,0,36,14,1,2,31,28,,,0,1,20,5,25.0,0.59,0.15,0.05,0.2,0,0
ESP-La Liga,2425,Osasuna,Enzo Boyomo,CMR,DF,22,2001,34,33,2987,33.2,2,0,2,2,0,0,5,0,0.06,0.0,0.06,0.06,0.06,33.2,0,43,8,0,2,41,44,,,0,2,12,3,25.0,0.36,0.09,0.17,0.67,0,0
ESP-La Liga,2425,Osasuna,Iker Benito,ESP,"FW,MF",21,2002,2,0,37,0.4,0,0,0,0,0,0,0,0,0.0,0.0,0.0,0.0,0.0,0.4,0,1,1,0,2,1,0,,,0,0,0,0,,0.0,0.0,,,0,0
ESP-La Liga,2425,Osasuna,Iker Muñoz,ESP,MF,21,2002,23,4,610,6.8,0,1,1,0,0,0,2,0,0.0,0.15,0.15,0.0,0.15,6.8,0,12,14,0,7,5,2,,,0,0,11,0,0.0,1.62,0.0,0.0,,0,0
ESP-La Liga,2425,Osasuna,Javi Martínez,ESP,MF,24,1999,1,0,6,0.1,0,0,0,0,0,0,0,0,0.0,0.0,0.0,0.0,0.0,0.1,0,0,0,0,0,0,0,,,0,0,0,0,,0.0,0.0,,,0,0
ESP-La Liga,2425,Osasuna,Jesús Areso,ESP,DF,25,1999,36,35,3079,34.2,0,3,3,0,0,0,9,0,0.0,0.09,0.09,0.0,0.09,34.2,0,31,20,8,170,8,41,,,0,0,8,0,0.0,0.23,0.0,0.0,,0,0
ESP-La Liga,2425,Osasuna,Jon Moncayola,ESP,MF,26,1998,32,26,2099,23.3,0,0,0,0,0,0,8,0,0.0,0.0,0.0,0.0,0.0,23.3,0,34,9,0,109,11,39,,,0,0,21,9,42.9,0.9,0.39,0.0,0.0,0,0
ESP-La Liga,2425,Osasuna,Jorge Herrando,ESP,DF,23,2001,18,15,1366,15.2,1,0,1,1,0,0,3,0,0.07,0.0,0.07,0.07,0.07,15.2,0,25,2,0,1,12,10,,,0,1,12,3,25.0,0.79,0.2,0.08,0.33,0,0
ESP-La Liga,2425,Osasuna,José Arnaiz,ESP,MF,29,1995,15,1,133,1.5,0,0,0,0,0,0,0,0,0.0,0.0,0.0,0.0,0.0,1.5,0,0,5,4,17,4,5,,,0,0,6,3,50.0,4.06,2.03,0.0,0.0,0,0
ESP-La Liga,2425,Osasuna,Juan Cruz Armada,ESP,DF,32,1992,25,19,1492,16.6,0,0,0,0,0,0,4,0,0.0,0.0,0.0,0.0,0.0,16.6,0,16,2,2,10,9,15,,,0,0,4,0,0.0,0.24,0.0,0.0,,0,0
ESP-La Liga,2425,Osasuna,Kike Barja,ESP,"FW,MF",27,1997,15,3,315,3.5,0,1,1,0,0,0,3,0,0.0,0.29,0.29,0.0,0.29,3.5,0,9,4,1,37,3,4,,,0,0,4,1,25.0,1.14,0.29,0.0,0.0,0,0
ESP-La Liga,2425,Osasuna,Lucas Torró,ESP,MF,30,1994,35,35,2957,32.9,3,0,3,3,0,0,10,0,0.09,0.0,0.09,0.09,0.09,32.9,0,75,37,1,1,45,43,,,0,3,31,7,22.6,0.94,0.21,0.1,0.43,0,0
ESP-La Liga,2425,Osasuna,Moi Gómez,ESP,"MF,FW",30,1994,26,6,796,8.8,0,0,0,0,0,0,1,0,0.0,0.0,0.0,0.0,0.0,8.8,0,14,6,1,26,7,9,,,1,0,6,1,16.7,0.68,0.11,0.0,0.0,0,0
ESP-La Liga,2425,Osasuna,Nacho Vidal,ESP,DF,29,1995,5,1,124,1.4,0,0,0,0,0,0,0,0,0.0,0.0,0.0,0.0,0.0,1.4,0,2,1,0,2,0,0,,,0,0,0,0,,0.0,0.0,,,0,0
ESP-La Liga,2425,Osasuna,Pablo Ibáñez,ESP,MF,25,1998,28,13,1294,14.4,1,1,2,1,0,0,4,0,0.07,0.07,0.14,0.07,0.14,14.4,0,28,29,0,13,18,11,,,0,1,20,5,25.0,1.39,0.35,0.05,0.2,0,0
ESP-La Liga,2425,Osasuna,Raúl,ESP,FW,23,2000,32,5,750,8.3,4,0,4,4,0,0,1,0,0.48,0.0,0.48,0.48,0.48,8.3,0,11,12,6,6,1,7,,,0,4,25,12,48.0,3.0,1.44,0.16,0.33,0,0
ESP-La Liga,2425,Osasuna,Rubén García,ESP,"FW,MF",31,1993,36,30,2413,26.8,5,5,10,5,0,0,2,0,0.19,0.19,0.37,0.19,0.37,26.8,0,36,31,10,135,17,31,,,0,5,27,10,37.0,1.01,0.37,0.19,0.5,0,0
ESP-La Liga,2425,Osasuna,Rubén Peña,ESP,"FW,DF",33,1991,25,7,775,8.6,0,0,0,0,0,0,1,0,0.0,0.0,0.0,0.0,0.0,8.6,0,12,7,0,52,7,5,,,0,0,10,3,30.0,1.16,0.35,0.0,0.0,0,0
ESP-La Liga,2425,Osasuna,Sergio Herrera,ESP,GK,31,1993,37,37,3330,37.0,0,0,0,0,0,0,5,0,0.0,0.0,0.0,0.0,0.0,37.0,0,1,4,0,0,0,2,,,0,0,0,0,,0.0,0.0,,,0,0
ESP-La Liga,2425,Osasuna,Unai García,ESP,DF,32,1992,3,1,65,0.7,0,0,0,0,0,0,0,0,0.0,0.0,0.0,0.0,0.0,0.7,0,3,3,0,0,0,0,,,0,0,0,0,,0.0,0.0,,,0,0
ESP-La Liga,2425,Rayo Vallecano,Abdul Mumin,GHA,DF,26,1998,24,24,2017,22.4,2,1,3,2,0,0,6,1,0.09,0.04,0.13,0.09,0.13,22.4,0,22,12,0,6,22,25,,,0,2,10,4,40.0,0.45,0.18,0.2,0.5,0,0
ESP-La Liga,2425,Rayo Vallecano,Adri Embarba,ESP,"MF,FW",32,1992,35,18,1607,17.9,1,1,2,1,0,0,4,0,0.06,0.06,0.11,0.06,0.11,17.9,0,25,21,14,114,14,21,,,0,1,37,12,32.4,2.07,0.67,0.03,0.08,0,0
ESP-La Liga,2425,Rayo Vallecano,Alfonso Espino,URU,DF,32,1992,16,9,833,9.3,0,1,1,0,0,0,4,0,0.0,0.11,0.11,0.0,0.11,9.3,0,18,15,0,25,12,24,,,0,0,10,2,20.0,1.08,0.22,0.0,0.0,0,0
ESP-La Liga,2425,Rayo Vallecano,Andrei Ratiu,ROU,"DF,MF",26,1998,35,34,3065,34.1,2,3,5,2,0,0,5,0,0.06,0.09,0.15,0.06,0.15,34.1,0,25,21,5,79,26,46,,,0,2,31,8,25.8,0.91,0.23,0.06,0.25,0,0
ESP-La Liga,2425,Rayo Vallecano,Aridane Hernández,ESP,DF,35,1989,14,11,1025,11.4,0,0,0,0,0,0,1,0,0.0,0.0,0.0,0.0,0.0,11.4,0,5,10,0,0,6,11,,,1,0,8,2,25.0,0.7,0.18,0.0,0.0,0,0
ESP-La Liga,2425,Rayo Vallecano,Augusto Batalla,ARG,GK,28,1996,32,32,2880,32.0,0,0,0,0,0,0,6,0,0.0,0.0,0.0,0.0,0.0,32.0,0,1,6,0,0,0,3,,,0,0,0,0,,0.0,0.0,,,0,0
ESP-La Liga,2425,Rayo Vallecano,Dani Cárdenas,ESP,GK,27,1997,6,6,540,6.0,0,0,0,0,0,0,0,0,0.0,0.0,0.0,0.0,0.0,6.0,0,0,1,0,0,0,0,,,0,0,0,0,,0.0,0.0,,,0,0
ESP-La Liga,2425,Rayo Vallecano,Etienne Eto'o,CMR,FW,21,2002,2,0,40,0.4,0,0,0,0,0,0,0,0,0.0,0.0,0.0,0.0,0.0,0.4,0,0,0,1,0,0,0,,,0,0,0,0,,0.0,0.0,,,0,0
ESP-La Liga,2425,Rayo Vallecano,Florian Lejeune,FRA,DF,33,1991,37,37,3325,36.9,2,3,5,2,0,0,8,0,0.05,0.08,0.14,0.05,0.14,36.9,0,50,19,0,8,42,28,,,0,2,58,17,29.3,1.57,0.46,0.03,0.12,0,0
ESP-La Liga,2425,Rayo Vallecano,Gerard Gumbau,ESP,MF,29,1994,22,7,849,9.4,0,1,1,0,0,0,4,0,0.0,0.11,0.11,0.0,0.11,9.4,0,21,11,1,38,5,12,,,0,0,14,5,35.7,1.48,0.53,0.0,0.0,0,0
ESP-La Liga,2425,Rayo Vallecano,Isaac Palazón Camacho,ESP,"MF,FW",29,1994,35,25,2162,24.0,4,4,8,4,0,0,5,0,0.17,0.17,0.33,0.17,0.33,24.0,0,39,53,3,109,8,18,,,0,4,61,18,29.5,2.54,0.75,0.07,0.22,0,0
ESP-La Liga,2425,Rayo Vallecano,Iván Balliu,ALB,DF,32,1992,25,12,1200,13.3,0,0,0,0,0,0,3,0,0.0,0.0,0.0,0.0,0.0,13.3,0,19,15,1,20,12,15,,,0,0,1,0,0.0,0.07,0.0,0.0,,0,0
ESP-La Liga,2425,Rayo Vallecano,James Rodríguez,COL,MF,33,1991,6,1,140,1.6,0,0,0,0,0,0,1,0,0.0,0.0,0.0,0.0,0.0,1.6,0,2,1,3,13,1,3,,,0,0,4,2,50.0,2.57,1.29,0.0,0.0,0,0
ESP-La Liga,2425,Rayo Vallecano,Jorge de Frutos,ESP,"MF,FW",27,1997,36,30,2495,27.7,6,3,9,6,0,0,3,1,0.22,0.11,0.32,0.22,0.32,27.7,0,41,33,9,68,18,20,,,0,6,52,19,36.5,1.88,0.69,0.12,0.32,0,0
ESP-La Liga,2425,Rayo Vallecano,Pathé Ciss,SEN,"MF,DF",30,1994,33,25,2140,23.8,4,1,5,4,0,0,12,0,0.17,0.04,0.21,0.17,0.21,23.8,0,45,25,0,5,36,25,,,0,4,21,6,28.6,0.88,0.25,0.19,0.67,0,0
ESP-La Liga,2425,Rayo Vallecano,Pedro Díaz,ESP,MF,26,1998,26,12,1211,13.5,3,0,3,3,0,1,2,0,0.22,0.0,0.22,0.22,0.22,13.5,0,7,6,0,41,7,15,,,0,3,32,8,25.0,2.38,0.59,0.09,0.38,0,1
ESP-La Liga,2425,Rayo Vallecano,Pelayo Fernandez,ESP,DF,21,2003,2,1,98,1.1,0,0,0,0,0,0,1,0,0.0,0.0,0.0,0.0,0.0,1.1,0,2,0,0,0,2,0,,,0,0,0,0,,0.0,0.0,,,0,0
ESP-La Liga,2425,Rayo Vallecano,Pep Chavarría,ESP,DF,26,1998,34,28,2585,28.7,0,1,1,0,0,0,3,0,0.0,0.03,0.03,0.0,0.03,28.7,0,30,25,3,80,30,36,,,0,0,11,3,27.3,0.38,0.1,0.0,0.0,0,0
ESP-La Liga,2425,Rayo Vallecano,Randy Nteka,ANG,FW,26,1997,24,16,1129,12.5,3,0,3,3,0,0,6,0,0.24,0.0,0.24,0.24,0.24,12.5,0,39,15,16,4,4,5,,,0,3,16,8,50.0,1.28,0.64,0.19,0.38,0,0
ESP-La Liga,2425,Rayo Vallecano,Raúl de Tomás,ESP,FW,29,1994,2,0,22,0.2,0,0,0,0,0,0,0,0,0.0,0.0,0.0,0.0,0.0,0.2,0,1,2,0,0,0,2,,,0,0,0,0,,0.0,0.0,,,0,0
ESP-La Liga,2425,Rayo Vallecano,Sergi Guardiola,ESP,FW,33,1991,16,1,362,4.0,0,0,0,0,0,0,1,0,0.0,0.0,0.0,0.0,0.0,4.0,0,9,7,2,4,1,4,,,0,0,11,3,27.3,2.73,0.75,0.0,0.0,0,0
ESP-La Liga,2425,Rayo Vallecano,Sergio Camello,ESP,FW,23,2001,23,14,1134,12.6,3,2,5,3,0,0,2,0,0.24,0.16,0.4,0.24,0.4,12.6,0,11,10,2,6,4,4,,,0,3,32,9,28.1,2.54,0.71,0.09,0.33,0,0
ESP-La Liga,2425,Rayo Vallecano,Unai López,ESP,MF,28,1995,32,23,1707,19.0,3,1,4,3,0,0,9,1,0.16,0.05,0.21,0.16,0.21,19.0,0,18,21,1,33,21,21,,,0,3,26,11,42.3,1.37,0.58,0.12,0.27,0,0
ESP-La Liga,2425,Rayo Vallecano,Álvaro García,ESP,"MF,FW",31,1992,36,28,2559,28.4,4,5,9,4,0,0,4,0,0.14,0.18,0.32,0.14,0.32,28.4,0,18,19,16,108,35,23,,,0,4,71,26,36.6,2.5,0.91,0.06,0.15,0,0
ESP-La Liga,2425,Rayo Vallecano,Óscar Trejo,ARG,MF,36,1988,19,6,496,5.5,1,0,1,1,0,0,1,0,0.18,0.0,0.18,0.18,0.18,5.5,0,17,12,1,7,4,5,,,0,1,5,2,40.0,0.91,0.36,0.2,0.5,0,0
ESP-La Liga,2425,Rayo Vallecano,Óscar Valentín,ESP,MF,29,1994,34,18,1835,20.4,0,0,0,0,0,0,5,0,0.0,0.0,0.0,0.0,0.0,20.4,0,57,31,0,3,22,39,,,0,0,5,1,20.0,0.25,0.05,0.0,0.0,0,0
ESP-La Liga,2425,Real Betis,Abde Ezzalzouli,MAR,MF,22,2001,32,23,1984,22.0,2,2,4,2,0,1,2,0,0.09,0.09,0.18,0.09,0.18,22.0,0,23,38,4,49,9,23,,,0,2,62,26,41.9,2.81,1.18,0.03,0.08,0,1
ESP-La Liga,2425,Real Betis,Adrián,ESP,GK,37,1987,19,19,1710,19.0,0,0,0,0,0,0,3,0,0.0,0.0,0.0,0.0,0.0,19.0,0,0,4,0,0,0,0,,,0,0,0,0,,0.0,0.0,,,0,0
ESP-La Liga,2425,Real Betis,Aitor Ruibal,ESP,"DF,FW",28,1996,29,13,1313,14.6,1,3,4,1,0,0,5,0,0.07,0.21,0.27,0.07,0.27,14.6,0,10,18,2,32,14,24,,,0,1,16,4,25.0,1.1,0.27,0.06,0.25,0,0
ESP-La Liga,2425,Real Betis,Antony,BRA,MF,24,2000,17,15,1362,15.1,5,2,7,5,0,0,2,1,0.33,0.13,0.46,0.33,0.46,15.1,0,15,27,1,41,9,10,,,0,5,43,17,39.5,2.84,1.12,0.12,0.29,0,0
ESP-La Liga,2425,Real Betis,Assane Diao,SEN,FW,18,2005,10,2,277,3.1,1,2,3,1,0,0,0,0,0.32,0.65,0.97,0.32,0.97,3.1,0,4,4,2,4,0,3,,,0,1,7,1,14.3,2.27,0.32,0.14,1.0,0,0
ESP-La Liga,2425,Real Betis,Carlos Guirao,ESP,MF,21,2003,2,2,110,1.2,0,0,0,0,0,0,0,0,0.0,0.0,0.0,0.0,0.0,1.2,0,4,0,0,0,3,4,,,0,0,0,0,,0.0,0.0,,,0,0
ESP-La Liga,2425,Real Betis,Cucho,COL,FW,25,1999,15,14,1139,12.7,5,1,6,5,0,0,0,0,0.4,0.08,0.47,0.4,0.47,12.7,0,10,9,5,12,7,10,,,0,5,43,11,25.6,3.4,0.87,0.12,0.45,0,0
ESP-La Liga,2425,Real Betis,Cédric Bakambu,COD,FW,33,1991,25,6,710,7.9,2,2,4,2,0,0,4,0,0.25,0.25,0.51,0.25,0.51,7.9,0,23,7,12,3,0,3,,,0,2,24,11,45.8,3.04,1.39,0.08,0.18,0,0
ESP-La Liga,2425,Real Betis,Diego Llorente,ESP,DF,30,1993,30,29,2519,28.0,2,0,2,2,0,0,4,0,0.07,0.0,0.07,0.07,0.07,28.0,0,20,23,0,1,44,20,,,1,2,11,5,45.5,0.39,0.18,0.18,0.4,0,0
ESP-La Liga,2425,Real Betis,Ezequiel Ávila,ARG,"MF,FW",30,1994,19,6,677,7.5,2,0,2,2,0,0,5,1,0.27,0.0,0.27,0.27,0.27,7.5,0,13,18,5,29,3,5,,,0,2,20,10,50.0,2.66,1.33,0.1,0.2,0,0
ESP-La Liga,2425,Real Betis,Fran Vieites,ESP,GK,25,1999,4,4,360,4.0,0,0,0,0,0,0,0,0,0.0,0.0,0.0,0.0,0.0,4.0,0,0,2,0,0,0,0,,,0,0,1,1,100.0,0.25,0.25,0.0,0.0,0,0
ESP-La Liga,2425,Real Betis,Giovani Lo Celso,ARG,MF,28,1996,25,15,1457,16.2,8,3,11,6,2,3,4,0,0.49,0.19,0.68,0.37,0.56,16.2,0,13,63,0,93,5,21,,,0,8,34,19,55.9,2.1,1.17,0.18,0.32,2,3
ESP-La Liga,2425,Real Betis,Héctor Bellerín,ESP,DF,29,1995,9,6,580,6.4,0,2,2,0,0,0,1,0,0.0,0.31,0.31,0.0,0.31,6.4,0,6,0,0,10,6,7,,,0,0,1,1,100.0,0.16,0.16,0.0,0.0,0,0
ESP-La Liga,2425,Real Betis,Iker Losada,ESP,MF,22,2001,10,3,336,3.7,0,0,0,0,0,0,0,0,0.0,0.0,0.0,0.0,0.0,3.7,0,1,2,0,4,3,7,,,0,0,5,1,20.0,1.34,0.27,0.0,0.0,0,0
ESP-La Liga,2425,Real Betis,Isco,ESP,MF,32,1992,22,17,1547,17.2,9,8,17,4,5,6,5,0,0.52,0.47,0.99,0.23,0.7,17.2,0,23,44,4,94,11,15,,,0,9,44,15,34.1,2.56,0.87,0.09,0.27,5,6
ESP-La Liga,2425,Real Betis,Jesus Rodríguez,ESP,MF,18,2005,21,15,1111,12.3,2,0,2,2,0,0,0,0,0.16,0.0,0.16,0.16,0.16,12.3,0,17,38,2,19,8,13,,,0,2,23,8,34.8,1.86,0.65,0.09,0.25,0,0
ESP-La Liga,2425,Real Betis,Johnny Cardoso,USA,MF,22,2001,28,24,2144,23.8,3,1,4,3,0,0,4,0,0.13,0.04,0.17,0.13,0.17,23.8,0,38,27,0,3,50,31,,,0,3,19,7,36.8,0.8,0.29,0.16,0.43,0,0
ESP-La Liga,2425,Real Betis,Juanmi,ESP,MF,31,1993,11,2,244,2.7,0,0,0,0,0,0,2,0,0.0,0.0,0.0,0.0,0.0,2.7,0,6,7,1,2,1,4,,,0,0,6,1,16.7,2.21,0.37,0.0,0.0,0,0
ESP-La Liga,2425,Real Betis,Marc Bartra,ESP,DF,33,1991,25,23,2099,23.3,2,1,3,2,0,0,2,0,0.09,0.04,0.13,0.09,0.13,23.3,0,15,14,2,1,35,19,,,0,2,18,5,27.8,0.77,0.21,0.11,0.4,0,0
ESP-La Liga,2425,Real Betis,Marc Roca,ESP,MF,27,1996,14,11,906,10.1,2,2,4,2,0,0,4,0,0.2,0.2,0.4,0.2,0.4,10.1,0,16,5,0,10,14,14,,,0,2,12,4,33.3,1.19,0.4,0.17,0.5,0,0
ESP-La Liga,2425,Real Betis,Mateo Flores,ESP,MF,20,2004,6,1,153,1.7,0,0,0,0,0,0,1,0,0.0,0.0,0.0,0.0,0.0,1.7,0,4,1,0,1,2,2,,,0,0,0,0,,0.0,0.0,,,0,0
ESP-La Liga,2425,Real Betis,Nabil Fekir,FRA,MF,31,1993,2,2,180,2.0,0,1,1,0,0,0,0,0,0.0,0.5,0.5,0.0,0.5,2.0,0,3,7,0,9,0,2,,,0,0,7,1,14.3,3.5,0.5,0.0,0.0,0,0
ESP-La Liga,2425,Real Betis,Natan,BRA,DF,23,2001,31,23,2175,24.2,1,1,2,1,0,0,5,1,0.04,0.04,0.08,0.04,0.08,24.2,0,19,13,0,2,28,25,,,0,1,9,4,44.4,0.37,0.17,0.11,0.25,0,0
ESP-La Liga,2425,Real Betis,Nobel Mendy,SEN,DF,19,2004,2,1,108,1.2,0,0,0,0,0,0,1,0,0.0,0.0,0.0,0.0,0.0,1.2,0,1,1,0,0,4,0,,,0,0,0,0,,0.0,0.0,,,0,0
ESP-La Liga,2425,Real Betis,Pablo Fornals,ESP,MF,28,1996,26,22,1827,20.3,2,0,2,2,0,0,2,0,0.1,0.0,0.1,0.1,0.1,20.3,0,12,14,3,56,25,13,,,0,2,23,4,17.4,1.13,0.2,0.09,0.5,0,0
ESP-La Liga,2425,Real Betis,Pablo Garcia,ESP,FW,18,2006,3,0,38,0.4,0,0,0,0,0,0,0,0,0.0,0.0,0.0,0.0,0.0,0.4,0,0,0,1,2,0,0,,,0,0,0,0,,0.0,0.0,,,0,0
ESP-La Liga,2425,Real Betis,Ricardo Rodríguez,SUI,DF,31,1992,18,15,1274,14.2,0,1,1,0,0,0,0,0,0.0,0.07,0.07,0.0,0.07,14.2,0,12,6,0,14,8,15,,,0,0,5,1,20.0,0.35,0.07,0.0,0.0,0,0
ESP-La Liga,2425,Real Betis,Rodri,ESP,MF,24,2000,3,1,118,1.3,0,0,0,0,0,0,0,0,0.0,0.0,0.0,0.0,0.0,1.3,0,2,2,1,6,1,1,,,0,0,2,2,100.0,1.53,1.53,0.0,0.0,0,0
ESP-La Liga,2425,Real Betis,Romain Perraud,FRA,DF,26,1997,28,22,2002,22.2,2,2,4,2,0,0,8,1,0.09,0.09,0.18,0.09,0.18,22.2,0,26,44,5,72,22,21,,,0,2,20,5,25.0,0.9,0.22,0.1,0.4,0,0
ESP-La Liga,2425,Real Betis,Rui Silva,POR,GK,30,1994,15,15,1350,15.0,0,0,0,0,0,0,1,0,0.0,0.0,0.0,0.0,0.0,15.0,0,1,2,0,0,0,0,,,0,0,0,0,,0.0,0.0,,,0,0
ESP-La Liga,2425,Real Betis,Sergi Altimira,ESP,MF,22,2001,32,22,1972,21.9,0,1,1,0,0,0,4,0,0.0,0.05,0.05,0.0,0.05,21.9,0,35,33,0,5,22,37,,,0,0,21,4,19.0,0.96,0.18,0.0,0.0,0,0
ESP-La Liga,2425,Real Betis,Sergio Arribas,ESP,DF,21,2003,1,1,90,1.0,0,0,0,0,0,0,0,0,0.0,0.0,0.0,0.0,0.0,1.0,0,0,0,0,0,3,4,,,0,0,0,0,,0.0,0.0,,,0,0
ESP-La Liga,2425,Real Betis,Vitor Roque,BRA,FW,19,2005,22,14,1235,13.7,4,0,4,4,0,0,4,0,0.29,0.0,0.29,0.29,0.29,13.7,0,30,30,5,7,7,6,,,0,4,41,19,46.3,2.99,1.38,0.1,0.21,0,0
ESP-La Liga,2425,Real Betis,William Carvalho,POR,MF,32,1992,14,6,484,5.4,0,0,0,0,0,0,1,0,0.0,0.0,0.0,0.0,0.0,5.4,0,7,3,0,2,3,7,,,0,0,4,1,25.0,0.74,0.19,0.0,0.0,0,0
ESP-La Liga,2425,Real Betis,Youssouf Sabaly,SEN,DF,31,1993,22,20,1581,17.6,0,1,1,0,0,0,1,0,0.0,0.06,0.06,0.0,0.06,17.6,0,18,12,1,30,13,26,,,0,0,5,0,0.0,0.28,0.0,0.0,,0,0
ESP-La Liga,2425,Real Betis,Ángel Ortíz,ESP,DF,20,2004,5,4,353,3.9,0,1,1,0,0,0,0,0,0.0,0.25,0.25,0.0,0.25,3.9,0,6,6,0,19,5,8,,,0,0,2,0,0.0,0.51,0.0,0.0,,0,0
ESP-La Liga,2425,Real Madrid,Andriy Lunin,UKR,GK,25,1999,7,7,630,7.0,0,1,1,0,0,0,0,0,0.0,0.14,0.14,0.0,0.14,7.0,0,0,1,0,0,0,0,,,0,0,0,0,,0.0,0.0,,,0,0
ESP-La Liga,2425,Real Madrid,Antonio Rüdiger,GER,DF,31,1993,29,26,2291,25.5,0,0,0,0,0,0,3,0,0.0,0.0,0.0,0.0,0.0,25.5,0,15,15,2,4,9,13,,,0,0,24,4,16.7,0.94,0.16,0.0,0.0,0,0
ESP-La Liga,2425,Real Madrid,Arda Güler,TUR,"MF,FW",19,2005,28,14,1250,13.9,3,4,7,3,0,0,1,0,0.22,0.29,0.5,0.22,0.5,13.9,0,15,31,4,57,7,16,,,0,3,39,17,43.6,2.81,1.22,0.08,0.18,0,0
ESP-La Liga,2425,Real Madrid,Aurélien Tchouaméni,FRA,"DF,MF",24,2000,32,31,2689,29.9,0,0,0,0,0,0,5,0,0.0,0.0,0.0,0.0,0.0,29.9,0,26,24,0,12,45,24,,,0,0,19,3,15.8,0.64,0.1,0.0,0.0,0,0
ESP-La Liga,2425,Real Madrid,Brahim Díaz,MAR,"MF,FW",24,1999,31,16,1385,15.4,4,2,6,4,0,0,0,0,0.26,0.13,0.39,0.26,0.39,15.4,0,14,34,1,8,5,18,,,0,4,28,17,60.7,1.82,1.1,0.14,0.24,0,0
ESP-La Liga,2425,Real Madrid,Chema,ESP,MF,19,2005,2,0,12,0.1,0,0,0,0,0,0,0,0,0.0,0.0,0.0,0.0,0.0,0.1,0,1,0,0,0,0,0,,,0,0,0,0,,0.0,0.0,,,0,0
ESP-La Liga,2425,Real Madrid,Dani Carvajal,ESP,DF,32,1992,8,7,609,6.8,1,0,1,1,0,0,1,0,0.15,0.0,0.15,0.15,0.15,6.8,0,3,6,0,14,10,8,,,0,1,3,1,33.3,0.44,0.15,0.33,1.0,0,0
ESP-La Liga,2425,Real Madrid,Dani Ceballos,ESP,MF,27,1996,23,15,1215,13.5,0,0,0,0,0,0,4,0,0.0,0.0,0.0,0.0,0.0,13.5,0,13,30,0,14,16,21,,,0,0,7,3,42.9,0.52,0.22,0.0,0.0,0,0
ESP-La Liga,2425,Real Madrid,Daniel Yáñez,ESP,MF,17,2007,1,0,2,0.0,0,0,0,0,0,0,0,0,0.0,0.0,0.0,0.0,0.0,0.0,0,0,1,0,0,0,0,,,0,0,0,0,,0.0,0.0,,,0,0
ESP-La Liga,2425,Real Madrid,David Alaba,AUT,DF,32,1992,7,4,317,3.5,0,0,0,0,0,0,1,0,0.0,0.0,0.0,0.0,0.0,3.5,0,2,0,0,3,6,0,,,0,0,0,0,,0.0,0.0,,,0,0
ESP-La Liga,2425,Real Madrid,Eduardo Camavinga,FRA,"MF,DF",21,2002,19,11,1102,12.2,1,2,3,1,0,0,2,0,0.08,0.16,0.25,0.08,0.25,12.2,0,21,31,1,2,19,26,,,0,1,8,2,25.0,0.65,0.16,0.13,0.5,0,0
ESP-La Liga,2425,Real Madrid,Endrick,BRA,FW,18,2006,22,3,363,4.0,1,0,1,1,0,0,1,0,0.25,0.0,0.25,0.25,0.25,4.0,0,10,9,2,2,4,2,,,0,1,23,7,30.4,5.7,1.74,0.04,0.14,0,0
ESP-La Liga,2425,Real Madrid,Federico Valverde,URU,"MF,DF",26,1998,36,34,3032,33.7,6,4,10,6,0,0,4,0,0.18,0.12,0.3,0.18,0.3,33.7,0,12,15,1,26,54,33,,,0,6,57,22,38.6,1.69,0.65,0.11,0.27,0,0
ESP-La Liga,2425,Real Madrid,Ferland Mendy,FRA,DF,29,1995,14,12,1005,11.2,0,1,1,0,0,0,1,1,0.0,0.09,0.09,0.0,0.09,11.2,0,5,7,0,1,9,14,,,0,0,0,0,,0.0,0.0,,,0,0
ESP-La Liga,2425,Real Madrid,Fran,ESP,GK,19,2005,1,1,90,1.0,0,0,0,0,0,0,0,0,0.0,0.0,0.0,0.0,0.0,1.0,0,0,0,0,0,0,0,,,0,0,0,0,,0.0,0.0,,,0,0
ESP-La Liga,2425,Real Madrid,Fran Garcia,ESP,DF,24,1999,31,24,2171,24.1,0,2,2,0,0,0,0,0,0.0,0.08,0.08,0.0,0.08,24.1,0,13,22,4,66,29,36,,,0,0,14,3,21.4,0.58,0.12,0.0,0.0,0,0
ESP-La Liga,2425,Real Madrid,Gonzalo García,ESP,FW,20,2004,3,0,56,0.6,0,1,1,0,0,0,0,0,0.0,1.61,1.61,0.0,1.61,0.6,0,0,0,0,0,0,0,,,0,0,1,0,0.0,1.61,0.0,0.0,,0,0
ESP-La Liga,2425,Real Madrid,Jacobo Ramón,ESP,DF,19,2005,3,2,204,2.3,1,0,1,1,0,0,1,0,0.44,0.0,0.44,0.44,0.44,2.3,0,2,1,0,0,3,3,,,0,1,2,1,50.0,0.88,0.44,0.5,1.0,0,0
ESP-La Liga,2425,Real Madrid,Jesús Vallejo,ESP,DF,27,1997,4,1,138,1.5,0,1,1,0,0,0,0,0,0.0,0.65,0.65,0.0,0.65,1.5,0,0,0,0,0,2,0,,,0,0,0,0,,0.0,0.0,,,0,0
ESP-La Liga,2425,Real Madrid,Jude Bellingham,ENG,MF,21,2003,31,29,2488,27.6,9,8,17,8,1,2,5,1,0.33,0.29,0.61,0.29,0.58,27.6,0,33,64,9,18,27,35,,,0,9,62,23,37.1,2.24,0.83,0.13,0.35,1,2
ESP-La Liga,2425,Real Madrid,Kylian Mbappé,FRA,FW,25,1998,34,34,2907,32.3,31,3,34,24,7,9,3,1,0.96,0.09,1.05,0.74,0.84,32.3,0,25,40,44,34,1,5,,,0,31,161,85,52.8,4.98,2.63,0.15,0.28,7,9
ESP-La Liga,2425,Real Madrid,Lorenzo Aguado,ESP,DF,21,2002,2,0,5,0.1,0,0,0,0,0,0,0,0,0.0,0.0,0.0,0.0,0.0,0.1,0,0,0,0,0,0,0,,,0,0,0,0,,0.0,0.0,,,0,0
ESP-La Liga,2425,Real Madrid,Lucas Vázquez,ESP,DF,33,1991,32,25,2189,24.3,1,5,6,1,0,0,4,0,0.04,0.21,0.25,0.04,0.25,24.3,0,29,32,3,64,17,36,,,0,1,15,3,20.0,0.62,0.12,0.07,0.33,0,0
ESP-La Liga,2425,Real Madrid,Luka Modrić,CRO,MF,38,1985,35,17,1827,20.3,2,6,8,2,0,0,7,0,0.1,0.3,0.39,0.1,0.39,20.3,0,23,19,2,113,27,20,,,0,2,22,6,27.3,1.08,0.3,0.09,0.33,0,0
ESP-La Liga,2425,Real Madrid,Raúl Asencio,ESP,DF,21,2003,23,18,1670,18.6,0,1,1,0,0,0,3,0,0.0,0.05,0.05,0.0,0.05,18.6,0,12,19,1,0,16,17,,,0,0,3,1,33.3,0.16,0.05,0.0,0.0,0,0
ESP-La Liga,2425,Real Madrid,Rodrygo,BRA,"MF,FW",23,2001,30,22,1928,21.4,6,5,11,6,0,0,0,0,0.28,0.23,0.51,0.28,0.51,21.4,0,8,37,1,79,11,13,,,0,6,54,20,37.0,2.52,0.93,0.11,0.3,0,0
ESP-La Liga,2425,Real Madrid,Thibaut Courtois,BEL,GK,32,1992,30,30,2700,30.0,0,0,0,0,0,0,1,0,0.0,0.0,0.0,0.0,0.0,30.0,0,0,2,0,0,1,0,,,1,0,0,0,,0.0,0.0,,,0,0
ESP-La Liga,2425,Real Madrid,Vinicius Júnior,BRA,"FW,MF",24,2000,30,24,2253,25.0,11,8,19,9,2,3,8,1,0.44,0.32,0.76,0.36,0.68,25.0,0,30,70,10,56,3,12,,,0,11,81,28,34.6,3.24,1.12,0.11,0.32,2,3
ESP-La Liga,2425,Real Madrid,Víctor Muñoz,ESP,MF,21,2003,2,0,36,0.4,0,0,0,0,0,0,0,0,0.0,0.0,0.0,0.0,0.0,0.4,0,2,0,0,2,0,0,,,0,0,1,0,0.0,2.5,0.0,0.0,,0,0
ESP-La Liga,2425,Real Madrid,Éder Militão,BRA,DF,26,1998,12,11,938,10.4,1,1,2,1,0,0,2,0,0.1,0.1,0.19,0.1,0.19,10.4,0,18,8,0,2,11,17,,,0,1,10,3,30.0,0.96,0.29,0.1,0.33,0,0
ESP-La Liga,2425,Real Sociedad,Aihen Muñoz,ESP,DF,26,1997,21,13,1098,12.2,0,0,0,0,0,0,5,0,0.0,0.0,0.0,0.0,0.0,12.2,0,15,12,0,35,13,12,,,0,0,6,0,0.0,0.49,0.0,0.0,,0,0
ESP-La Liga,2425,Real Sociedad,Ander Barrenetxea,ESP,MF,22,2001,30,14,1263,14.0,1,3,4,1,0,0,6,0,0.07,0.21,0.29,0.07,0.29,14.0,0,33,13,6,52,11,19,,,0,1,25,8,32.0,1.78,0.57,0.04,0.13,0,0
ESP-La Liga,2425,Real Sociedad,Aritz Elustondo,ESP,DF,30,1994,22,16,1457,16.2,0,0,0,0,0,0,2,1,0.0,0.0,0.0,0.0,0.0,16.2,0,25,18,1,4,12,11,,,0,0,4,0,0.0,0.25,0.0,0.0,,0,0
ESP-La Liga,2425,Real Sociedad,Arkaitz Mariezkurrena,ESP,FW,19,2005,9,1,241,2.7,2,0,2,2,0,0,1,0,0.75,0.0,0.75,0.75,0.75,2.7,0,13,1,0,5,1,0,,,0,2,10,5,50.0,3.73,1.87,0.2,0.4,0,0
ESP-La Liga,2425,Real Sociedad,Arsen Zakharyan,RUS,MF,21,2003,3,1,73,0.8,1,0,1,1,0,0,0,0,1.23,0.0,1.23,1.23,1.23,0.8,0,1,0,0,1,1,1,,,0,1,4,2,50.0,4.93,2.47,0.25,0.5,0,0
ESP-La Liga,2425,Real Sociedad,Beñat Turrientes,ESP,MF,22,2002,21,11,942,10.5,0,0,0,0,0,0,4,0,0.0,0.0,0.0,0.0,0.0,10.5,0,13,23,0,19,7,6,,,0,0,7,2,28.6,0.67,0.19,0.0,0.0,0,0
ESP-La Liga,2425,Real Sociedad,Brais Méndez,ESP,"MF,FW",27,1997,27,19,1531,17.0,3,2,5,3,0,0,4,0,0.18,0.12,0.29,0.18,0.29,17.0,0,41,45,9,50,7,14,,,0,3,28,9,32.1,1.65,0.53,0.11,0.33,0,0
ESP-La Liga,2425,Real Sociedad,Daniel Díaz,ESP,FW,18,2006,1,0,10,0.1,0,0,0,0,0,0,0,0,0.0,0.0,0.0,0.0,0.0,0.1,0,1,0,0,0,0,1,,,0,0,0,0,,0.0,0.0,,,0,0
ESP-La Liga,2425,Real Sociedad,Hamari Traoré,MLI,DF,32,1992,11,9,700,7.8,0,1,1,0,0,0,2,0,0.0,0.13,0.13,0.0,0.13,7.8,0,12,3,0,9,11,12,,,0,0,1,0,0.0,0.13,0.0,0.0,,0,0
ESP-La Liga,2425,Real Sociedad,Igor Zubeldia,ESP,DF,27,1997,28,27,2269,25.2,0,0,0,0,0,0,6,1,0.0,0.0,0.0,0.0,0.0,25.2,0,38,11,0,1,34,22,,,0,0,12,4,33.3,0.48,0.16,0.0,0.0,0,0
ESP-La Liga,2425,Real Sociedad,Javi López,ESP,DF,22,2002,29,21,1936,21.5,0,0,0,0,0,0,4,0,0.0,0.0,0.0,0.0,0.0,21.5,0,30,27,1,60,10,23,,,0,0,5,1,20.0,0.23,0.05,0.0,0.0,0,0
ESP-La Liga,2425,Real Sociedad,Jon Aramburu,VEN,DF,22,2002,35,28,2460,27.3,1,1,2,1,0,0,8,0,0.04,0.04,0.07,0.04,0.07,27.3,0,50,42,3,46,28,68,,,0,1,11,3,27.3,0.4,0.11,0.09,0.33,0,0
ESP-La Liga,2425,Real Sociedad,Jon Magunazelaia,ESP,MF,23,2001,2,0,7,0.1,0,0,0,0,0,0,0,0,0.0,0.0,0.0,0.0,0.0,0.1,0,1,1,0,0,0,1,,,0,0,0,0,,0.0,0.0,,,0,0
ESP-La Liga,2425,Real Sociedad,Jon Martin,ESP,DF,18,2006,13,6,904,10.0,0,1,1,0,0,0,2,0,0.0,0.1,0.1,0.0,0.1,10.0,0,20,0,0,0,7,9,,,0,0,9,2,22.2,0.9,0.2,0.0,0.0,0,0
ESP-La Liga,2425,Real Sociedad,Jon Pacheco,ESP,DF,23,2001,14,9,854,9.5,0,0,0,0,0,0,3,0,0.0,0.0,0.0,0.0,0.0,9.5,0,18,5,0,0,9,9,,,0,0,1,0,0.0,0.11,0.0,0.0,,0,0
ESP-La Liga,2425,Real Sociedad,Luka Sučić,CRO,MF,21,2002,29,21,1792,19.9,1,1,2,1,0,0,4,0,0.05,0.05,0.1,0.05,0.1,19.9,0,11,15,3,18,15,18,,,0,1,43,11,25.6,2.16,0.55,0.02,0.09,0,0
ESP-La Liga,2425,Real Sociedad,Luken Beitia,ESP,DF,20,2004,1,0,8,0.1,0,0,0,0,0,0,0,0,0.0,0.0,0.0,0.0,0.0,0.1,0,0,0,0,0,0,1,,,0,0,0,0,,0.0,0.0,,,0,0
ESP-La Liga,2425,Real Sociedad,Martín Zubimendi,ESP,MF,25,1999,36,33,2962,32.9,2,1,3,2,0,0,6,0,0.06,0.03,0.09,0.06,0.09,32.9,0,44,19,0,12,42,41,,,0,2,24,8,33.3,0.73,0.24,0.08,0.25,0,0
ESP-La Liga,2425,Real Sociedad,Mikel Oyarzabal,ESP,FW,27,1997,35,28,2250,25.0,9,3,12,5,4,4,4,1,0.36,0.12,0.48,0.2,0.32,25.0,0,14,22,18,10,4,16,,,0,9,43,18,41.9,1.72,0.72,0.12,0.28,4,4
ESP-La Liga,2425,Real Sociedad,Nayef Aguerd,MAR,DF,28,1996,21,21,1760,19.6,0,0,0,0,0,0,5,0,0.0,0.0,0.0,0.0,0.0,19.6,0,11,19,0,2,12,26,,,0,0,15,5,33.3,0.77,0.26,0.0,0.0,0,0
ESP-La Liga,2425,Real Sociedad,Olasagasti,ESP,MF,23,2000,22,7,857,9.5,1,1,2,1,0,0,2,0,0.11,0.11,0.21,0.11,0.21,9.5,0,15,7,0,9,15,10,,,0,1,13,2,15.4,1.37,0.21,0.08,0.5,0,0
ESP-La Liga,2425,Real Sociedad,Orri Steinn Óskarsson,ISL,FW,19,2004,23,9,944,10.5,3,0,3,3,0,0,1,0,0.29,0.0,0.29,0.29,0.29,10.5,0,7,6,10,7,2,6,,,0,3,19,7,36.8,1.81,0.67,0.16,0.43,0,0
ESP-La Liga,2425,Real Sociedad,Pablo Marín,ESP,MF,21,2003,23,14,1239,13.8,1,2,3,1,0,0,3,0,0.07,0.15,0.22,0.07,0.22,13.8,0,19,16,0,12,5,17,,,0,1,21,7,33.3,1.53,0.51,0.05,0.14,0,0
ESP-La Liga,2425,Real Sociedad,Sergio Gómez,ESP,MF,23,2000,37,31,2738,30.4,2,5,7,2,0,0,4,0,0.07,0.16,0.23,0.07,0.23,30.4,0,29,16,9,230,19,39,,,0,2,18,10,55.6,0.59,0.33,0.11,0.2,0,0
ESP-La Liga,2425,Real Sociedad,Sheraldo Becker,SUR,"MF,FW",29,1995,22,11,995,11.1,2,1,3,2,0,0,1,1,0.18,0.09,0.27,0.18,0.27,11.1,0,8,15,9,65,2,2,,,0,2,22,13,59.1,1.99,1.18,0.09,0.15,0,0
ESP-La Liga,2425,Real Sociedad,Takefusa Kubo,JPN,"MF,FW",23,2001,36,27,2372,26.4,5,0,5,5,0,0,5,0,0.19,0.0,0.19,0.19,0.19,26.4,0,21,73,8,86,16,19,,,0,5,43,14,32.6,1.63,0.53,0.12,0.36,0,0
ESP-La Liga,2425,Real Sociedad,Umar Sadiq,NGA,FW,27,1997,7,2,227,2.5,0,0,0,0,0,0,1,0,0.0,0.0,0.0,0.0,0.0,2.5,0,8,1,5,2,2,1,,,0,0,5,0,0.0,1.98,0.0,0.0,,0,0
ESP-La Liga,2425,Real Sociedad,Unai Marrero,ESP,GK,22,2001,2,2,180,2.0,0,0,0,0,0,0,0,0,0.0,0.0,0.0,0.0,0.0,2.0,0,0,0,0,0,0,0,,,0,0,0,0,,0.0,0.0,,,0,0
ESP-La Liga,2425,Real Sociedad,Urko González,ESP,MF,23,2001,1,1,45,0.5,0,0,0,0,0,0,1,0,0.0,0.0,0.0,0.0,0.0,0.5,0,1,0,0,0,0,0,,,0,0,0,0,,0.0,0.0,,,0,0
ESP-La Liga,2425,Real Sociedad,Álex Remiro,ESP,GK,29,1995,36,36,3240,36.0,0,0,0,0,0,0,0,0,0.0,0.0,0.0,0.0,0.0,36.0,0,0,6,0,0,0,0,,,0,0,0,0,,0.0,0.0,,,0,0
ESP-La Liga,2425,Real Sociedad,Álvaro Odriozola,ESP,DF,28,1995,2,0,43,0.5,0,0,0,0,0,0,1,0,0.0,0.0,0.0,0.0,0.0,0.5,0,2,1,0,1,0,1,,,0,0,0,0,,0.0,0.0,,,0,0
ESP-La Liga,2425,Sevilla,Adrià Pedrosa,ESP,DF,26,1998,31,27,2298,25.5,1,1,2,1,0,0,7,0,0.04,0.04,0.08,0.04,0.08,25.5,0,38,19,3,95,24,32,,,0,1,24,8,33.3,0.94,0.31,0.04,0.13,0,0
ESP-La Liga,2425,Sevilla,Akor Adams,NGA,FW,24,2000,4,1,134,1.5,0,0,0,0,0,0,0,0,0.0,0.0,0.0,0.0,0.0,1.5,0,1,0,1,0,0,0,,,0,0,2,2,100.0,1.34,1.34,0.0,0.0,0,0
ESP-La Liga,2425,Sevilla,Albert Sambi Lokonga,BEL,MF,24,1999,22,16,1471,16.3,0,2,2,0,0,0,4,0,0.0,0.12,0.12,0.0,0.12,16.3,0,22,21,0,2,9,15,,,0,0,13,5,38.5,0.8,0.31,0.0,0.0,0,0
ESP-La Liga,2425,Sevilla,Carmona,ESP,DF,22,2002,35,35,2942,32.7,0,0,0,0,0,0,11,0,0.0,0.0,0.0,0.0,0.0,32.7,0,49,44,1,43,68,59,,,0,0,19,4,21.1,0.58,0.12,0.0,0.0,0,0
ESP-La Liga,2425,Sevilla,Chidera Ejuke,NGA,"MF,FW",26,1998,25,9,966,10.7,2,1,3,2,0,0,0,0,0.19,0.09,0.28,0.19,0.28,10.7,0,6,16,4,22,6,12,,,0,2,20,8,40.0,1.86,0.75,0.1,0.25,0,0
ESP-La Liga,2425,Sevilla,Darío Fuentes,ESP,DF,21,2003,1,0,5,0.1,0,0,0,0,0,0,1,0,0.0,0.0,0.0,0.0,0.0,0.1,0,0,0,0,0,0,0,,,0,0,0,0,,0.0,0.0,,,0,0
ESP-La Liga,2425,Sevilla,Diego Iturralde,ESP,MF,21,2003,1,1,37,0.4,0,0,0,0,0,0,0,0,0.0,0.0,0.0,0.0,0.0,0.4,0,1,1,0,0,1,0,,,0,0,1,0,0.0,2.43,0.0,0.0,,0,0
ESP-La Liga,2425,Sevilla,Djibril Sow,SUI,MF,27,1997,30,24,2062,22.9,2,1,3,2,0,0,5,0,0.09,0.04,0.13,0.09,0.13,22.9,0,23,40,0,9,27,14,,,0,2,22,6,27.3,0.96,0.26,0.09,0.33,0,0
ESP-La Liga,2425,Sevilla,Dodi Lukebakio,BEL,"MF,FW",26,1997,38,36,3092,34.4,11,2,13,10,1,1,3,1,0.32,0.06,0.38,0.29,0.35,34.4,0,39,55,27,127,11,14,,,0,11,94,39,41.5,2.74,1.14,0.11,0.26,1,1
ESP-La Liga,2425,Sevilla,Gonzalo Montiel,ARG,DF,27,1997,6,1,113,1.3,0,0,0,0,0,0,1,0,0.0,0.0,0.0,0.0,0.0,1.3,0,3,1,0,3,2,2,,,0,0,1,0,0.0,0.8,0.0,0.0,,0,0
ESP-La Liga,2425,Sevilla,Isaac Romero,ESP,FW,24,2000,31,26,2156,24.0,4,2,6,4,0,1,10,1,0.17,0.08,0.25,0.17,0.25,24.0,0,38,37,11,18,7,7,,,0,4,54,20,37.0,2.25,0.83,0.07,0.2,0,1
ESP-La Liga,2425,Sevilla,Israel Domínguez,ESP,MF,21,2003,1,0,18,0.2,0,0,0,0,0,0,0,0,0.0,0.0,0.0,0.0,0.0,0.2,0,0,1,1,0,0,0,,,0,0,0,0,,0.0,0.0,,,0,0
ESP-La Liga,2425,Sevilla,Jesús Navas,ESP,"MF,FW",38,1985,15,3,424,4.7,1,0,1,1,0,0,0,0,0.21,0.0,0.21,0.21,0.21,4.7,0,1,4,3,33,4,2,,,0,1,3,2,66.7,0.64,0.42,0.33,0.5,0,0
ESP-La Liga,2425,Sevilla,Juanlu Sánchez,ESP,"MF,DF",20,2003,32,18,1722,19.1,4,4,8,4,0,0,6,1,0.21,0.21,0.42,0.21,0.42,19.1,1,18,12,1,40,16,34,,,0,4,13,6,46.2,0.68,0.31,0.31,0.67,0,0
ESP-La Liga,2425,Sevilla,Kelechi Iheanacho,NGA,FW,27,1996,9,5,400,4.4,0,0,0,0,0,0,0,0,0.0,0.0,0.0,0.0,0.0,4.4,0,5,1,7,0,0,0,,,0,0,9,2,22.2,2.03,0.45,0.0,0.0,0,0
ESP-La Liga,2425,Sevilla,Kike Salas,ESP,DF,22,2002,31,25,2238,24.9,3,2,5,3,0,0,6,0,0.12,0.08,0.2,0.12,0.2,24.9,0,21,15,0,9,30,27,,,0,3,23,7,30.4,0.92,0.28,0.13,0.43,0,0
ESP-La Liga,2425,Sevilla,Leandro Antonetti,PUR,FW,21,2003,2,0,28,0.3,0,0,0,0,0,0,0,0,0.0,0.0,0.0,0.0,0.0,0.3,0,0,0,0,0,0,0,,,0,0,1,1,100.0,3.21,3.21,0.0,0.0,0,0
ESP-La Liga,2425,Sevilla,Loïc Bade,FRA,DF,24,2000,32,31,2686,29.8,1,1,2,1,0,0,7,1,0.03,0.03,0.07,0.03,0.07,29.8,0,26,10,0,8,27,27,,,0,1,13,4,30.8,0.44,0.13,0.08,0.25,0,0
ESP-La Liga,2425,Sevilla,Lucas Ocampos,ARG,"MF,FW",30,1994,2,2,175,1.9,0,1,1,0,0,0,0,0,0.0,0.51,0.51,0.0,0.51,1.9,0,3,2,0,4,0,2,,,0,0,4,2,50.0,2.06,1.03,0.0,0.0,0,0
ESP-La Liga,2425,Sevilla,Lucien Agoume,FRA,MF,22,2002,35,24,2114,23.5,1,3,4,1,0,0,5,1,0.04,0.13,0.17,0.04,0.17,23.5,0,49,6,2,17,40,32,,,0,1,10,2,20.0,0.43,0.09,0.1,0.5,0,0
ESP-La Liga,2425,Sevilla,Manu Bueno,ESP,MF,20,2004,9,1,140,1.6,1,0,1,1,0,0,0,0,0.64,0.0,0.64,0.64,0.64,1.6,0,2,3,0,1,0,3,,,0,1,4,1,25.0,2.57,0.64,0.25,1.0,0,0
ESP-La Liga,2425,Sevilla,Marcão,BRA,DF,28,1996,12,6,552,6.1,0,0,0,0,0,0,6,1,0.0,0.0,0.0,0.0,0.0,6.1,1,9,10,0,0,7,6,,,0,0,0,0,,0.0,0.0,,,0,0
ESP-La Liga,2425,Sevilla,Mateo Mejía,ESP,FW,21,2003,1,0,11,0.1,0,0,0,0,0,0,0,0,0.0,0.0,0.0,0.0,0.0,0.1,0,0,1,0,0,0,0,,,0,0,0,0,,0.0,0.0,,,0,0
ESP-La Liga,2425,Sevilla,Nemanja Gudelj,SRB,"MF,DF",32,1991,31,27,2493,27.7,1,1,2,0,1,1,6,0,0.04,0.04,0.07,0.0,0.04,27.7,0,26,14,0,31,27,26,,,0,1,23,6,26.1,0.83,0.22,0.0,0.0,1,1
ESP-La Liga,2425,Sevilla,Peque,ESP,"MF,FW",21,2002,26,14,1134,12.6,1,1,2,1,0,0,1,0,0.08,0.08,0.16,0.08,0.16,12.6,0,22,26,2,11,8,6,,,0,1,19,4,21.1,1.51,0.32,0.05,0.25,0,0
ESP-La Liga,2425,Sevilla,Ramón Martínez,ESP,DF,21,2002,5,2,261,2.9,1,0,1,1,0,0,0,0,0.34,0.0,0.34,0.34,0.34,2.9,0,1,1,0,0,2,3,,,0,1,4,3,75.0,1.38,1.03,0.25,0.33,0,0
ESP-La Liga,2425,Sevilla,Ruben Vargas,SUI,"MF,FW",25,1998,11,9,671,7.5,2,1,3,2,0,0,0,0,0.27,0.13,0.4,0.27,0.4,7.5,0,11,9,3,37,2,4,,,0,2,17,5,29.4,2.28,0.67,0.12,0.4,0,0
ESP-La Liga,2425,Sevilla,Saúl Ñíguez,ESP,MF,29,1994,24,17,1553,17.3,1,6,7,1,0,0,8,1,0.06,0.35,0.41,0.06,0.41,17.3,0,44,11,1,17,18,32,,,0,1,42,9,21.4,2.43,0.52,0.02,0.11,0,0
ESP-La Liga,2425,Sevilla,Stanis Idumbo,BEL,MF,19,2005,14,3,284,3.2,1,1,2,1,0,0,0,0,0.32,0.32,0.63,0.32,0.63,3.2,0,1,7,0,0,4,5,,,0,1,4,2,50.0,1.27,0.63,0.25,0.5,0,0
ESP-La Liga,2425,Sevilla,Suso,ESP,"MF,FW",30,1993,16,4,606,6.7,0,2,2,0,0,0,3,0,0.0,0.3,0.3,0.0,0.3,6.7,0,6,16,2,58,3,8,,,0,0,16,4,25.0,2.38,0.59,0.0,0.0,0,0
ESP-La Liga,2425,Sevilla,Tanguy Nianzou,FRA,DF,22,2002,6,6,518,5.8,0,0,0,0,0,0,3,1,0.0,0.0,0.0,0.0,0.0,5.8,1,10,5,0,0,7,5,,,1,0,2,0,0.0,0.35,0.0,0.0,,0,0
ESP-La Liga,2425,Sevilla,Valentín Barco,ARG,DF,20,2004,7,3,288,3.2,0,0,0,0,0,0,0,0,0.0,0.0,0.0,0.0,0.0,3.2,0,7,5,0,25,2,9,,,0,0,7,0,0.0,2.19,0.0,0.0,,0,0
ESP-La Liga,2425,Sevilla,Álvaro Fernández,ESP,GK,26,1998,9,8,747,8.3,0,0,0,0,0,0,2,0,0.0,0.0,0.0,0.0,0.0,8.3,0,0,2,0,0,0,0,,,0,0,0,0,,0.0,0.0,,,0,0
ESP-La Liga,2425,Sevilla,Álvaro Pascual,ESP,FW,22,2002,8,4,408,4.5,1,0,1,1,0,0,1,0,0.22,0.0,0.22,0.22,0.22,4.5,0,11,5,1,3,2,3,,,0,1,11,4,36.4,2.43,0.88,0.09,0.25,0,0
ESP-La Liga,2425,Sevilla,Ørjan Nyland,NOR,GK,33,1990,30,30,2673,29.7,0,0,0,0,0,0,2,0,0.0,0.0,0.0,0.0,0.0,29.7,0,1,2,0,0,0,2,,,0,0,0,0,,0.0,0.0,,,0,0
ESP-La Liga,2425,Valencia,Alberto Marí,ESP,FW,23,2001,1,0,7,0.1,0,0,0,0,0,0,0,0,0.0,0.0,0.0,0.0,0.0,0.1,0,1,0,0,0,0,0,,,0,0,0,0,,0.0,0.0,,,0,0
ESP-La Liga,2425,Valencia,André Almeida,POR,"MF,FW",24,2000,34,24,1977,22.0,0,4,4,0,0,0,2,0,0.0,0.18,0.18,0.0,0.18,22.0,0,28,38,2,67,7,32,,,0,0,18,5,27.8,0.82,0.23,0.0,0.0,0,0
ESP-La Liga,2425,Valencia,Cristhian Mosquera,ESP,DF,20,2004,37,37,3319,36.9,1,0,1,1,0,0,6,0,0.03,0.0,0.03,0.03,0.03,36.9,0,14,25,0,2,32,36,,,0,1,5,2,40.0,0.14,0.05,0.2,0.5,0,0
ESP-La Liga,2425,Valencia,César Tárrega,ESP,DF,22,2002,34,34,3026,33.6,2,0,2,2,0,0,7,0,0.06,0.0,0.06,0.06,0.06,33.6,0,56,15,0,1,19,37,,,2,2,20,7,35.0,0.59,0.21,0.1,0.29,0,0
ESP-La Liga,2425,Valencia,Dani Gómez,ESP,FW,26,1998,14,5,532,5.9,2,0,2,2,0,0,0,0,0.34,0.0,0.34,0.34,0.34,5.9,0,7,8,10,1,3,1,,,0,2,13,6,46.2,2.2,1.02,0.15,0.33,0,0
ESP-La Liga,2425,Valencia,David Otorbi,ESP,FW,16,2007,1,0,14,0.2,0,0,0,0,0,0,0,0,0.0,0.0,0.0,0.0,0.0,0.2,0,0,0,0,0,0,0,,,0,0,0,0,,0.0,0.0,,,0,0
ESP-La Liga,2425,Valencia,Diego López,ESP,MF,22,2002,38,35,2737,30.4,8,5,13,8,0,0,3,0,0.26,0.16,0.43,0.26,0.43,30.4,0,21,33,13,67,13,18,,,0,8,44,14,31.8,1.45,0.46,0.18,0.57,0,0
ESP-La Liga,2425,Valencia,Dimitri Foulquier,FRA,DF,31,1993,32,25,2299,25.5,0,1,1,0,0,0,6,0,0.0,0.04,0.04,0.0,0.04,25.5,0,24,31,1,57,17,31,,,0,0,13,2,15.4,0.51,0.08,0.0,0.0,0,0
ESP-La Liga,2425,Valencia,Enzo Barrenechea,ARG,MF,23,2001,30,26,2191,24.3,1,2,3,1,0,0,6,0,0.04,0.08,0.12,0.04,0.12,24.3,0,25,47,0,3,27,30,,,0,1,16,3,18.8,0.66,0.12,0.06,0.33,0,0
ESP-La Liga,2425,Valencia,Francisco Perez,ESP,MF,21,2002,26,4,570,6.3,0,0,0,0,0,0,1,0,0.0,0.0,0.0,0.0,0.0,6.3,0,6,12,0,27,3,12,,,0,0,6,1,16.7,0.95,0.16,0.0,0.0,0,0
ESP-La Liga,2425,Valencia,Germán Valera,ESP,MF,22,2002,8,1,148,1.6,0,0,0,0,0,0,0,0,0.0,0.0,0.0,0.0,0.0,1.6,0,2,4,0,6,3,1,,,0,0,3,2,66.7,1.82,1.22,0.0,0.0,0,0
ESP-La Liga,2425,Valencia,Giorgi Mamardashvili,GEO,GK,23,2000,34,34,3060,34.0,0,0,0,0,0,0,2,0,0.0,0.0,0.0,0.0,0.0,34.0,0,1,6,0,0,0,2,,,0,0,0,0,,0.0,0.0,,,0,0
ESP-La Liga,2425,Valencia,Hugo Duro,ESP,FW,24,1999,31,25,2166,24.1,11,2,13,10,1,1,5,0,0.46,0.08,0.54,0.42,0.5,24.1,0,38,50,7,7,9,9,,,1,11,48,18,37.5,1.99,0.75,0.21,0.56,1,1
ESP-La Liga,2425,Valencia,Hugo Guillamón,ESP,MF,24,2000,12,4,364,4.0,0,0,0,0,0,0,2,0,0.0,0.0,0.0,0.0,0.0,4.0,0,6,4,1,1,5,8,,,0,0,2,1,50.0,0.49,0.25,0.0,0.0,0,0
ESP-La Liga,2425,Valencia,Iker Córdoba,ESP,DF,18,2005,2,0,15,0.2,0,0,0,0,0,0,0,0,0.0,0.0,0.0,0.0,0.0,0.2,0,0,0,0,1,0,0,,,0,0,0,0,,0.0,0.0,,,0,0
ESP-La Liga,2425,Valencia,Ivan Jaime Pajuelo,ESP,MF,23,2000,9,2,297,3.3,0,0,0,0,0,0,0,0,0.0,0.0,0.0,0.0,0.0,3.3,0,8,10,1,6,3,5,,,0,0,8,3,37.5,2.42,0.91,0.0,0.0,0,0
ESP-La Liga,2425,Valencia,Javier Guerra,ESP,MF,21,2003,36,31,2581,28.7,3,3,6,3,0,0,5,0,0.1,0.1,0.21,0.1,0.21,28.7,0,34,30,1,44,22,28,,,0,3,47,10,21.3,1.64,0.35,0.06,0.3,0,0
ESP-La Liga,2425,Valencia,Jesus Vazquez,ESP,DF,21,2003,19,10,919,10.2,0,0,0,0,0,0,3,0,0.0,0.0,0.0,0.0,0.0,10.2,0,17,11,1,23,10,18,,,0,0,5,1,20.0,0.49,0.1,0.0,0.0,0,0
ESP-La Liga,2425,Valencia,José Luis García Vayá,ESP,MF,25,1998,34,18,1742,19.4,2,2,4,0,2,2,8,1,0.1,0.1,0.21,0.0,0.1,19.4,0,26,19,1,109,20,25,,,0,2,14,6,42.9,0.72,0.31,0.0,0.0,2,2
ESP-La Liga,2425,Valencia,José Luis Gayà,ESP,DF,29,1995,23,22,1803,20.0,0,1,1,0,0,0,7,0,0.0,0.05,0.05,0.0,0.05,20.0,0,28,14,3,86,24,38,,,0,0,12,4,33.3,0.6,0.2,0.0,0.0,0,0
ESP-La Liga,2425,Valencia,Luis Rioja,ESP,MF,30,1993,36,33,2831,31.5,5,3,8,3,2,2,6,0,0.16,0.1,0.25,0.1,0.19,31.5,0,18,38,11,201,21,20,,,0,5,30,14,46.7,0.95,0.45,0.1,0.21,2,2
ESP-La Liga,2425,Valencia,Martín Tejón,ESP,MF,20,2004,4,0,49,0.5,0,0,0,0,0,0,0,0,0.0,0.0,0.0,0.0,0.0,0.5,0,1,1,0,1,0,1,,,0,0,1,1,100.0,1.84,1.84,0.0,0.0,0,0
ESP-La Liga,2425,Valencia,Max Aarons,ENG,DF,24,2000,4,1,120,1.3,0,0,0,0,0,0,2,0,0.0,0.0,0.0,0.0,0.0,1.3,0,0,2,0,5,0,4,,,0,0,0,0,,0.0,0.0,,,0,0
ESP-La Liga,2425,Valencia,Maximiliano Caufriez,BEL,DF,27,1997,1,1,90,1.0,0,0,0,0,0,0,0,0,0.0,0.0,0.0,0.0,0.0,1.0,0,3,0,0,0,1,1,,,0,0,0,0,,0.0,0.0,,,0,0
ESP-La Liga,2425,Valencia,Mouctar Diakhaby,GUI,DF,27,1996,13,7,653,7.3,2,0,2,2,0,0,0,0,0.28,0.0,0.28,0.28,0.28,7.3,0,2,4,0,1,10,4,,,0,2,11,4,36.4,1.52,0.55,0.18,0.5,0,0
ESP-La Liga,2425,Valencia,Rafa Mir,ESP,"FW,MF",27,1997,20,5,753,8.4,1,2,3,1,0,0,4,0,0.12,0.24,0.36,0.12,0.36,8.4,0,13,7,5,7,5,5,,,0,1,27,8,29.6,3.23,0.96,0.04,0.13,0,0
ESP-La Liga,2425,Valencia,Rodrigo Abajas,ESP,DF,21,2003,1,1,65,0.7,0,0,0,0,0,0,1,0,0.0,0.0,0.0,0.0,0.0,0.7,0,2,0,1,1,1,2,,,0,0,1,0,0.0,1.38,0.0,0.0,,0,0
ESP-La Liga,2425,Valencia,Sergi Canós,ESP,MF,27,1997,17,2,370,4.1,0,1,1,0,0,0,3,0,0.0,0.24,0.24,0.0,0.24,4.1,0,12,6,1,18,7,7,,,0,0,11,3,27.3,2.68,0.73,0.0,0.0,0,0
ESP-La Liga,2425,Valencia,Stole Dimitrievski,MKD,GK,30,1993,4,4,360,4.0,0,0,0,0,0,0,1,0,0.0,0.0,0.0,0.0,0.0,4.0,0,0,0,0,0,0,0,,,0,0,0,0,,0.0,0.0,,,0,0
ESP-La Liga,2425,Valencia,Thierry Correia,POR,DF,25,1999,11,9,768,8.5,0,0,0,0,0,0,1,0,0.0,0.0,0.0,0.0,0.0,8.5,0,15,14,0,18,3,17,,,0,0,7,3,42.9,0.82,0.35,0.0,0.0,0,0
ESP-La Liga,2425,Valencia,Umar Sadiq,NGA,FW,27,1997,16,9,825,9.2,5,0,5,5,0,0,4,0,0.55,0.0,0.55,0.55,0.55,9.2,0,29,16,13,0,1,6,,,0,5,20,7,35.0,2.18,0.76,0.25,0.71,0,0
ESP-La Liga,2425,Valencia,Yarek Gasiorowski,ESP,DF,19,2005,15,9,947,10.5,0,0,0,0,0,0,1,0,0.0,0.0,0.0,0.0,0.0,10.5,0,5,2,0,3,26,16,,,0,0,3,0,0.0,0.29,0.0,0.0,,0,0
ESP-La Liga,2425,Valladolid,Abdulai Juma Bah,SLE,DF,18,2006,12,10,864,9.6,0,0,0,0,0,0,1,0,0.0,0.0,0.0,0.0,0.0,9.6,0,6,6,0,0,11,7,,,0,0,3,1,33.3,0.31,0.1,0.0,0.0,0,0
ESP-La Liga,2425,Valladolid,Adam Aznou,MAR,"DF,MF",18,2006,13,10,876,9.7,0,0,0,0,0,0,1,0,0.0,0.0,0.0,0.0,0.0,9.7,0,14,17,0,11,10,22,,,0,0,4,1,25.0,0.41,0.1,0.0,0.0,0,0
ESP-La Liga,2425,Valladolid,Adrian Baquerin,ESP,FW,17,2007,5,0,49,0.5,0,0,0,0,0,0,0,0,0.0,0.0,0.0,0.0,0.0,0.5,0,0,2,0,0,0,1,,,0,0,3,0,0.0,5.51,0.0,0.0,,0,0
ESP-La Liga,2425,Valladolid,Amath,SEN,"FW,MF",28,1996,13,5,375,4.2,0,1,1,0,0,0,1,0,0.0,0.24,0.24,0.0,0.24,4.2,0,4,7,2,6,2,0,,,0,0,5,1,20.0,1.2,0.24,0.0,0.0,0,0
ESP-La Liga,2425,Valladolid,André Ferreira,POR,GK,28,1996,6,6,540,6.0,0,0,0,0,0,0,0,0,0.0,0.0,0.0,0.0,0.0,6.0,0,0,0,0,0,0,0,,,0,0,0,0,,0.0,0.0,,,0,0
ESP-La Liga,2425,Valladolid,Antonio Candela,ITA,DF,24,2000,12,12,906,10.1,0,0,0,0,0,0,1,0,0.0,0.0,0.0,0.0,0.0,10.1,0,5,7,2,20,6,6,,,0,0,1,0,0.0,0.1,0.0,0.0,,0,0
ESP-La Liga,2425,Valladolid,Anuar,MAR,"MF,FW",29,1995,26,21,1720,19.1,2,0,2,2,0,0,7,0,0.1,0.0,0.1,0.1,0.1,19.1,0,30,48,10,22,17,27,,,0,2,11,6,54.5,0.58,0.31,0.18,0.33,0,0
ESP-La Liga,2425,Valladolid,Arnau Rafús,ESP,GK,21,2003,1,1,90,1.0,0,0,0,0,0,0,0,0,0.0,0.0,0.0,0.0,0.0,1.0,0,0,0,0,0,0,0,,,0,0,0,0,,0.0,0.0,,,0,0
ESP-La Liga,2425,Valladolid,Cenk Özkacar,TUR,DF,23,2000,11,8,757,8.4,0,0,0,0,0,0,1,0,0.0,0.0,0.0,0.0,0.0,8.4,0,5,1,0,0,17,6,,,0,0,2,0,0.0,0.24,0.0,0.0,,0,0
ESP-La Liga,2425,Valladolid,Chuky san jose,ESP,"MF,FW",20,2004,18,9,728,8.1,2,0,2,2,0,0,1,0,0.25,0.0,0.25,0.25,0.25,8.1,0,3,10,4,24,0,2,,,0,2,16,7,43.8,1.98,0.87,0.13,0.29,0,0
ESP-La Liga,2425,Valladolid,Darwin Machís,VEN,"MF,FW",31,1993,18,7,639,7.1,0,1,1,0,0,0,0,0,0.0,0.14,0.14,0.0,0.14,7.1,0,4,14,2,68,5,4,,,0,0,14,2,14.3,1.97,0.28,0.0,0.0,0,0
ESP-La Liga,2425,Valladolid,David Torres,ESP,DF,21,2003,18,15,1387,15.4,0,0,0,0,0,0,5,0,0.0,0.0,0.0,0.0,0.0,15.4,0,13,3,0,3,11,9,,,1,0,3,1,33.3,0.19,0.06,0.0,0.0,0,0
ESP-La Liga,2425,Valladolid,Enzo Boyomo,CMR,DF,22,2001,3,3,270,3.0,0,0,0,0,0,0,0,0,0.0,0.0,0.0,0.0,0.0,3.0,0,3,0,0,0,2,2,,,0,0,2,0,0.0,0.67,0.0,0.0,,0,0
ESP-La Liga,2425,Valladolid,Eray Cömert,SUI,"DF,MF",26,1998,25,21,1779,19.8,0,0,0,0,0,0,6,0,0.0,0.0,0.0,0.0,0.0,19.8,0,18,16,0,0,22,16,,,0,0,9,1,11.1,0.46,0.05,0.0,0.0,0,0
ESP-La Liga,2425,Valladolid,Florian Grillitsch,AUT,MF,28,1995,13,7,623,6.9,0,0,0,0,0,0,1,0,0.0,0.0,0.0,0.0,0.0,6.9,0,6,12,0,6,4,8,,,0,0,4,2,50.0,0.58,0.29,0.0,0.0,0,0
ESP-La Liga,2425,Valladolid,Henrique,BRA,DF,30,1994,5,4,352,3.9,0,0,0,0,0,0,0,0,0.0,0.0,0.0,0.0,0.0,3.9,0,5,9,0,3,3,2,,,0,0,1,0,0.0,0.26,0.0,0.0,,0,0
ESP-La Liga,2425,Valladolid,Iago Parente,ESP,DF,18,2006,1,1,71,0.8,0,0,0,0,0,0,0,0,0.0,0.0,0.0,0.0,0.0,0.8,0,0,1,0,1,0,0,,,0,0,0,0,,0.0,0.0,,,0,0
ESP-La Liga,2425,Valladolid,Ibrahim Alani,NGA,MF,18,2006,3,1,160,1.8,0,0,0,0,0,0,0,0,0.0,0.0,0.0,0.0,0.0,1.8,0,2,5,0,0,1,7,,,0,0,1,0,0.0,0.56,0.0,0.0,,0,0
ESP-La Liga,2425,Valladolid,Iván Sánchez,ESP,MF,31,1992,32,11,1404,15.6,2,1,3,2,0,0,4,0,0.13,0.06,0.19,0.13,0.19,15.6,0,15,48,3,114,13,24,,,0,2,15,6,40.0,0.96,0.38,0.13,0.33,0,0
ESP-La Liga,2425,Valladolid,Javi Sánchez,ESP,DF,27,1997,25,25,2026,22.5,2,0,2,2,0,0,6,0,0.09,0.0,0.09,0.09,0.09,22.5,0,19,3,0,0,24,16,,,0,2,11,5,45.5,0.49,0.22,0.18,0.4,0,0
ESP-La Liga,2425,Valladolid,Joseph Aidoo,GHA,DF,28,1995,8,6,583,6.5,0,0,0,0,0,0,0,0,0.0,0.0,0.0,0.0,0.0,6.5,0,4,2,0,0,6,5,,,0,0,1,0,0.0,0.15,0.0,0.0,,0,0
ESP-La Liga,2425,Valladolid,Juanmi Latasa,ESP,FW,23,2001,28,14,1398,15.5,3,0,3,3,0,0,6,1,0.19,0.0,0.19,0.19,0.19,15.5,0,40,36,7,5,0,2,,,0,3,40,13,32.5,2.58,0.84,0.08,0.23,0,0
ESP-La Liga,2425,Valladolid,Karl Jakob Hein,EST,GK,22,2002,31,31,2790,31.0,0,0,0,0,0,0,0,0,0.0,0.0,0.0,0.0,0.0,31.0,0,0,2,0,0,1,0,,,0,0,0,0,,0.0,0.0,,,0,0
ESP-La Liga,2425,Valladolid,Kenedy,BRA,"FW,MF",28,1996,2,0,9,0.1,0,0,0,0,0,0,0,0,0.0,0.0,0.0,0.0,0.0,0.1,0,0,0,0,0,0,0,,,0,0,1,0,0.0,10.0,0.0,0.0,,0,0
ESP-La Liga,2425,Valladolid,Kike Pérez,ESP,MF,27,1997,19,14,1191,13.2,2,0,2,2,0,0,6,0,0.15,0.0,0.15,0.15,0.15,13.2,0,32,21,1,33,9,25,,,0,2,20,5,25.0,1.51,0.38,0.1,0.4,0,0
ESP-La Liga,2425,Valladolid,Lucas Oliveira Rosa,BRA,DF,24,2000,21,21,1890,21.0,0,1,1,0,0,0,6,0,0.0,0.05,0.05,0.0,0.05,21.0,0,35,19,1,36,27,35,,,0,0,8,3,37.5,0.38,0.14,0.0,0.0,0,0
ESP-La Liga,2425,Valladolid,Luis Pérez,ESP,DF,29,1995,30,28,2558,28.4,0,0,0,0,0,0,2,0,0.0,0.0,0.0,0.0,0.0,28.4,0,12,25,3,105,28,30,,,0,0,5,2,40.0,0.18,0.07,0.0,0.0,0,0
ESP-La Liga,2425,Valladolid,Mamadou Sylla,SEN,"FW,MF",30,1994,29,17,1583,17.6,5,1,6,1,4,4,5,0,0.28,0.06,0.34,0.06,0.11,17.6,0,16,32,13,9,3,5,,,0,5,22,7,31.8,1.25,0.4,0.05,0.14,4,4
ESP-La Liga,2425,Valladolid,Marcos André,BRA,FW,27,1996,22,14,1188,13.2,1,2,3,1,0,0,5,0,0.08,0.15,0.23,0.08,0.23,13.2,0,12,28,5,1,3,6,,,0,1,22,2,9.1,1.67,0.15,0.05,0.5,0,0
ESP-La Liga,2425,Valladolid,Mario Maroto,ESP,MF,20,2003,2,0,64,0.7,0,1,1,0,0,0,0,0,0.0,1.41,1.41,0.0,1.41,0.7,0,2,0,0,2,2,0,,,0,0,1,0,0.0,1.41,0.0,0.0,,0,0
ESP-La Liga,2425,Valladolid,Mario Martín,ESP,MF,20,2004,30,20,1748,19.4,0,1,1,0,0,0,8,3,0.0,0.05,0.05,0.0,0.05,19.4,1,50,44,1,11,21,32,,,0,0,27,13,48.1,1.39,0.67,0.0,0.0,0,0
ESP-La Liga,2425,Valladolid,Raúl Chasco,ESP,DF,20,2003,2,1,130,1.4,0,0,0,0,0,0,0,0,0.0,0.0,0.0,0.0,0.0,1.4,0,3,0,0,3,2,1,,,0,0,0,0,,0.0,0.0,,,0,0
ESP-La Liga,2425,Valladolid,Raúl Moro,ESP,"MF,FW",21,2002,33,26,2341,26.0,4,5,9,4,0,0,2,0,0.15,0.19,0.35,0.15,0.35,26.0,0,4,16,12,146,10,13,,,0,4,45,16,35.6,1.73,0.62,0.09,0.25,0,0
ESP-La Liga,2425,Valladolid,Selim Amallah,MAR,MF,27,1996,24,18,1376,15.3,3,1,4,2,1,1,6,0,0.2,0.07,0.26,0.13,0.2,15.3,0,32,28,1,31,14,19,,,0,3,23,8,34.8,1.5,0.52,0.09,0.25,1,1
ESP-La Liga,2425,Valladolid,Stanko Jurić,CRO,MF,27,1996,26,19,1729,19.2,0,0,0,0,0,0,7,1,0.0,0.0,0.0,0.0,0.0,19.2,1,38,9,0,0,23,21,,,0,0,8,2,25.0,0.42,0.1,0.0,0.0,0,0
ESP-La Liga,2425,Valladolid,Tamás Nikitscher,HUN,"MF,DF",24,1999,13,9,858,9.5,0,0,0,0,0,0,2,0,0.0,0.0,0.0,0.0,0.0,9.5,0,18,9,0,1,11,9,,,0,0,2,1,50.0,0.21,0.1,0.0,0.0,0,0
ESP-La Liga,2425,Valladolid,Víctor Meseguer,ESP,MF,25,1999,14,2,418,4.6,0,0,0,0,0,0,1,0,0.0,0.0,0.0,0.0,0.0,4.6,0,8,5,0,3,3,7,,,0,0,6,0,0.0,1.29,0.0,0.0,,0,0
ESP-La Liga,2425,Valladolid,Xavier Moreno,ESP,FW,19,2004,1,1,45,0.5,0,0,0,0,0,0,0,0,0.0,0.0,0.0,0.0,0.0,0.5,0,0,1,0,2,0,0,,,0,0,0,0,,0.0,0.0,,,0,0
ESP-La Liga,2425,Villarreal,Alfonso Pedraza,ESP,"DF,MF",28,1996,12,4,460,5.1,0,2,2,0,0,0,0,0,0.0,0.39,0.39,0.0,0.39,5.1,0,4,2,0,25,5,3,,,0,0,5,2,40.0,0.98,0.39,0.0,0.0,0,0
ESP-La Liga,2425,Villarreal,Arnau Solà,ESP,DF,21,2003,1,0,13,0.1,0,0,0,0,0,0,0,0,0.0,0.0,0.0,0.0,0.0,0.1,0,1,0,0,0,0,0,,,0,0,0,0,,0.0,0.0,,,0,0
ESP-La Liga,2425,Villarreal,Arnaut Danjuma,NED,FW,27,1997,3,3,200,2.2,2,0,2,2,0,0,1,0,0.9,0.0,0.9,0.9,0.9,2.2,0,1,1,3,0,0,1,,,0,2,6,3,50.0,2.7,1.35,0.33,0.67,0,0
ESP-La Liga,2425,Villarreal,Ayoze Pérez,ESP,FW,31,1993,30,22,1970,21.9,19,2,21,19,0,0,4,0,0.87,0.09,0.96,0.87,0.96,21.9,0,22,39,6,14,7,14,,,0,19,75,31,41.3,3.43,1.42,0.25,0.61,0,0
ESP-La Liga,2425,Villarreal,Daniel Parejo,ESP,MF,35,1989,36,26,2273,25.3,3,3,6,2,1,2,8,0,0.12,0.12,0.24,0.08,0.2,25.3,0,20,37,1,37,25,40,,,0,3,14,4,28.6,0.55,0.16,0.14,0.5,1,2
ESP-La Liga,2425,Villarreal,Daniel Requena,ESP,MF,20,2004,1,0,10,0.1,0,0,0,0,0,0,0,0,0.0,0.0,0.0,0.0,0.0,0.1,0,1,0,0,0,0,0,,,0,0,0,0,,0.0,0.0,,,0,0
ESP-La Liga,2425,Villarreal,Denis Suárez,ESP,MF,30,1994,21,7,608,6.8,1,1,2,1,0,0,0,0,0.15,0.15,0.3,0.15,0.3,6.8,0,1,7,0,25,4,8,,,0,1,10,3,30.0,1.48,0.44,0.1,0.33,0,0
ESP-La Liga,2425,Villarreal,Diego Conde,ESP,GK,25,1998,22,22,1962,21.8,0,1,1,0,0,0,2,0,0.0,0.05,0.05,0.0,0.05,21.8,0,0,1,0,0,1,2,,,0,0,0,0,,0.0,0.0,,,0,0
ESP-La Liga,2425,Villarreal,Eric Bailly,CIV,DF,30,1994,12,8,617,6.9,0,0,0,0,0,0,2,1,0.0,0.0,0.0,0.0,0.0,6.9,0,7,1,0,0,6,4,,,0,0,4,0,0.0,0.58,0.0,0.0,,0,0
ESP-La Liga,2425,Villarreal,Gerard Moreno,ESP,FW,32,1992,17,6,721,8.0,3,2,5,0,3,3,0,0,0.37,0.25,0.62,0.0,0.25,8.0,0,10,11,1,10,2,4,,,0,3,26,12,46.2,3.25,1.5,0.0,0.0,3,3
ESP-La Liga,2425,Villarreal,Ilias Akhomach,MAR,MF,20,2004,11,7,584,6.5,1,0,1,1,0,0,1,0,0.15,0.0,0.15,0.15,0.15,6.5,0,9,21,1,19,2,8,,,0,1,17,6,35.3,2.62,0.92,0.06,0.17,0,0
ESP-La Liga,2425,Villarreal,Juan Bernat,ESP,DF,31,1993,10,1,212,2.4,0,1,1,0,0,0,0,0,0.0,0.42,0.42,0.0,0.42,2.4,0,0,2,1,8,1,7,,,0,0,2,1,50.0,0.85,0.42,0.0,0.0,0,0
ESP-La Liga,2425,Villarreal,Juan Foyth,ARG,DF,26,1998,19,17,1517,16.9,1,0,1,1,0,0,4,0,0.06,0.0,0.06,0.06,0.06,16.9,0,16,5,0,4,19,14,,,0,1,17,5,29.4,1.01,0.3,0.06,0.2,0,0
ESP-La Liga,2425,Villarreal,Karl Etta Eyong,CMR,FW,20,2003,4,0,37,0.4,1,0,1,1,0,0,0,0,2.43,0.0,2.43,2.43,2.43,0.4,0,0,1,0,0,0,0,,,0,1,2,2,100.0,4.86,4.86,0.5,0.5,0,0
ESP-La Liga,2425,Villarreal,Kiko Femenía,ESP,DF,33,1991,28,27,2227,24.7,0,1,1,0,0,0,7,0,0.0,0.04,0.04,0.0,0.04,24.7,0,21,13,1,46,40,32,,,0,0,3,0,0.0,0.12,0.0,0.0,,0,0
ESP-La Liga,2425,Villarreal,Logan Costa,CPV,DF,23,2001,32,28,2587,28.7,2,1,3,2,0,0,3,0,0.07,0.03,0.1,0.07,0.1,28.7,0,19,3,2,5,23,21,,,0,2,12,5,41.7,0.42,0.17,0.17,0.4,0,0
ESP-La Liga,2425,Villarreal,Luiz Lúcio Reis Júnior,BRA,GK,23,2001,17,16,1458,16.2,0,0,0,0,0,0,2,0,0.0,0.0,0.0,0.0,0.0,16.2,0,0,6,0,0,0,0,,,0,0,0,0,,0.0,0.0,,,0,0
ESP-La Liga,2425,Villarreal,Nicolas Pépé,CIV,"FW,MF",29,1995,28,15,1500,16.7,3,6,9,3,0,0,3,0,0.18,0.36,0.54,0.18,0.54,16.7,0,20,25,8,45,7,9,,,0,3,39,17,43.6,2.34,1.02,0.08,0.18,0,0
ESP-La Liga,2425,Villarreal,Pape Gueye,SEN,"MF,FW",25,1999,34,26,2224,24.7,4,0,4,4,0,0,6,2,0.16,0.0,0.16,0.16,0.16,24.7,1,31,62,4,21,23,28,,,0,4,54,17,31.5,2.19,0.69,0.07,0.24,0,0
ESP-La Liga,2425,Villarreal,Pau Cabanes,ESP,FW,19,2005,10,0,163,1.8,1,0,1,1,0,0,0,0,0.55,0.0,0.55,0.55,0.55,1.8,0,4,7,0,6,3,4,,,0,1,4,2,50.0,2.21,1.1,0.25,0.5,0,0
ESP-La Liga,2425,Villarreal,Pau Navarro,ESP,DF,19,2005,17,8,916,10.2,0,0,0,0,0,0,1,0,0.0,0.0,0.0,0.0,0.0,10.2,0,10,8,0,3,4,17,,,0,0,1,0,0.0,0.1,0.0,0.0,,0,0
ESP-La Liga,2425,Villarreal,Ramón Terrats,ESP,FW,23,2000,11,1,131,1.5,0,0,0,0,0,0,1,0,0.0,0.0,0.0,0.0,0.0,1.5,0,2,2,0,5,2,3,,,0,0,2,0,0.0,1.37,0.0,0.0,,0,0
ESP-La Liga,2425,Villarreal,Raúl Albiol,ESP,DF,38,1985,15,14,1188,13.2,0,0,0,0,0,0,5,0,0.0,0.0,0.0,0.0,0.0,13.2,0,11,6,0,0,5,8,,,1,0,2,0,0.0,0.15,0.0,0.0,,0,0
ESP-La Liga,2425,Villarreal,Santi Comesaña,ESP,MF,27,1996,35,30,2560,28.4,4,2,6,4,0,0,7,0,0.14,0.07,0.21,0.14,0.21,28.4,0,37,27,1,15,21,49,,,0,4,39,8,20.5,1.37,0.28,0.1,0.5,0,0
ESP-La Liga,2425,Villarreal,Sergi Cardona,ESP,DF,25,1999,35,34,2945,32.7,1,7,8,1,0,0,11,0,0.03,0.21,0.24,0.03,0.24,32.7,0,38,28,3,112,41,49,,,0,1,20,6,30.0,0.61,0.18,0.05,0.17,0,0
ESP-La Liga,2425,Villarreal,Tajon Buchanan,CAN,MF,25,1999,13,4,416,4.6,1,2,3,1,0,0,2,0,0.22,0.43,0.65,0.22,0.65,4.6,0,12,20,5,16,3,5,,,0,1,7,2,28.6,1.51,0.43,0.14,0.5,0,0
ESP-La Liga,2425,Villarreal,Thiago Ojeda,ARG,MF,21,2003,1,0,8,0.1,0,0,0,0,0,0,1,0,0.0,0.0,0.0,0.0,0.0,0.1,0,1,0,0,1,0,0,,,0,0,1,0,0.0,11.25,0.0,0.0,,0,0
ESP-La Liga,2425,Villarreal,Thierno Barry,FRA,FW,21,2002,35,25,2323,25.8,11,4,15,10,1,1,4,0,0.43,0.15,0.58,0.39,0.54,25.8,0,47,51,20,5,0,9,,,0,11,73,25,34.2,2.83,0.97,0.14,0.4,1,1
ESP-La Liga,2425,Villarreal,Willy Kambwala,FRA,DF,19,2004,19,12,1117,12.4,0,0,0,0,0,0,1,1,0.0,0.0,0.0,0.0,0.0,12.4,0,5,0,0,0,10,11,,,0,0,4,1,25.0,0.32,0.08,0.0,0.0,0,0
ESP-La Liga,2425,Villarreal,Yéremy Pino,ESP,MF,21,2002,34,25,1934,21.5,4,7,11,4,0,0,11,0,0.19,0.33,0.51,0.19,0.51,21.5,0,49,30,15,49,10,33,,,0,4,29,9,31.0,1.35,0.42,0.14,0.44,0,0
ESP-La Liga,2425,Villarreal,Álex Baena,ESP,"MF,FW",23,2001,32,30,2595,28.8,7,9,16,7,0,1,9,0,0.24,0.31,0.55,0.24,0.55,28.8,0,43,47,5,208,23,16,,,0,7,70,18,25.7,2.43,0.62,0.1,0.39,0,1
FRA-Ligue 1,2425,Angers,Abdoulaye Bamba,CIV,DF,34,1990,19,16,1510,16.8,0,0,0,0,0,0,2,0,0.0,0.0,0.0,0.0,0.0,16.8,0,10,7,0,5,20,15,,,0,0,1,0,0.0,0.06,0.0,0.0,,0,0
FRA-Ligue 1,2425,Angers,Bamba Dieng,SEN,FW,24,2000,18,5,532,5.9,3,0,3,2,1,1,1,0,0.51,0.0,0.51,0.34,0.34,5.9,0,9,13,4,5,0,1,,,0,3,15,7,46.7,2.54,1.18,0.13,0.29,1,1
FRA-Ligue 1,2425,Angers,Carlens Arcus,HAI,DF,28,1996,28,25,2047,22.7,0,1,1,0,0,0,3,0,0.0,0.04,0.04,0.0,0.04,22.7,0,37,21,1,56,26,37,,,0,0,3,0,0.0,0.13,0.0,0.0,,0,0
FRA-Ligue 1,2425,Angers,Cédric Hountondji,BEN,DF,30,1994,3,3,270,3.0,0,0,0,0,0,0,0,0,0.0,0.0,0.0,0.0,0.0,3.0,0,2,1,0,0,4,5,,,0,0,0,0,,0.0,0.0,,,0,0
FRA-Ligue 1,2425,Angers,Emmanuel Biumla,FRA,DF,19,2005,17,15,1336,14.8,1,0,1,1,0,0,2,0,0.07,0.0,0.07,0.07,0.07,14.8,0,8,10,0,0,10,13,,,0,1,4,2,50.0,0.27,0.13,0.25,0.5,0,0
FRA-Ligue 1,2425,Angers,Enzo Caumont,FRA,MF,20,2004,2,0,34,0.4,0,0,0,0,0,0,1,0,0.0,0.0,0.0,0.0,0.0,0.4,0,1,0,0,0,1,1,,,0,0,0,0,,0.0,0.0,,,0,0
FRA-Ligue 1,2425,Angers,Esteban Lepaul,FRA,FW,24,2000,28,18,1629,18.1,9,0,9,9,0,0,2,0,0.5,0.0,0.5,0.5,0.5,18.1,0,16,16,16,15,4,6,,,0,9,41,16,39.0,2.27,0.88,0.22,0.56,0,0
FRA-Ligue 1,2425,Angers,Farid El Melali,ALG,"MF,FW",27,1997,32,22,1893,21.0,2,3,5,2,0,0,1,0,0.1,0.14,0.24,0.1,0.24,21.0,0,21,46,8,87,17,17,,,0,2,46,14,30.4,2.19,0.67,0.04,0.14,0,0
FRA-Ligue 1,2425,Angers,Florent Hanin,ALG,DF,34,1990,33,31,2672,29.7,1,2,3,1,0,0,2,0,0.03,0.07,0.1,0.03,0.1,29.7,0,17,35,1,104,47,48,,,0,1,11,1,9.1,0.37,0.03,0.09,1.0,0,0
FRA-Ligue 1,2425,Angers,Haris Belkebla,ALG,MF,30,1994,22,21,1792,19.9,0,1,1,0,0,0,1,0,0.0,0.05,0.05,0.0,0.05,19.9,0,18,32,1,3,35,39,,,0,0,3,0,0.0,0.15,0.0,0.0,,0,0
FRA-Ligue 1,2425,Angers,Himad Abdelli,ALG,MF,24,1999,32,32,2842,31.6,6,1,7,3,3,4,4,0,0.19,0.03,0.22,0.1,0.13,31.6,0,47,32,3,45,27,32,,,0,6,38,12,31.6,1.2,0.38,0.08,0.25,3,4
FRA-Ligue 1,2425,Angers,Ibrahima Niane,SEN,FW,25,1999,24,8,943,10.5,3,1,4,2,1,1,0,0,0.29,0.1,0.38,0.19,0.29,10.5,0,15,30,9,2,2,3,,,0,3,30,11,36.7,2.86,1.05,0.07,0.18,1,1
FRA-Ligue 1,2425,Angers,Jacques Ekomie,GAB,"DF,MF",20,2003,18,7,697,7.7,0,0,0,0,0,0,1,0,0.0,0.0,0.0,0.0,0.0,7.7,0,11,21,1,23,5,14,,,0,0,1,0,0.0,0.13,0.0,0.0,,0,0
FRA-Ligue 1,2425,Angers,Jean-Eudes Aholou,CIV,MF,30,1994,26,26,1959,21.8,2,0,2,2,0,0,7,0,0.09,0.0,0.09,0.09,0.09,21.8,0,50,25,1,2,34,36,,,0,2,27,7,25.9,1.24,0.32,0.07,0.29,0,0
FRA-Ligue 1,2425,Angers,Jim Allevinah,GAB,MF,29,1995,28,23,1750,19.4,1,3,4,1,0,0,3,0,0.05,0.15,0.21,0.05,0.21,19.4,0,18,25,10,35,12,14,,,0,1,35,10,28.6,1.8,0.51,0.03,0.1,0,0
FRA-Ligue 1,2425,Angers,Jordan Lefort,MTN,DF,30,1993,34,34,3060,34.0,0,1,1,0,0,0,3,0,0.0,0.03,0.03,0.0,0.03,34.0,0,14,15,1,12,32,29,,,0,0,8,0,0.0,0.24,0.0,0.0,,0,0
FRA-Ligue 1,2425,Angers,Justin-Noël Kalumba,FRA,FW,19,2004,2,0,31,0.3,0,0,0,0,0,0,0,0,0.0,0.0,0.0,0.0,0.0,0.3,0,0,1,0,1,1,0,,,0,0,1,0,0.0,2.9,0.0,0.0,,0,0
FRA-Ligue 1,2425,Angers,Lanroy Machine,FRA,MF,18,2005,2,0,8,0.1,0,0,0,0,0,0,0,0,0.0,0.0,0.0,0.0,0.0,0.1,0,0,0,0,1,0,0,,,0,0,1,0,0.0,11.25,0.0,0.0,,0,0
FRA-Ligue 1,2425,Angers,Lilian Raolisoa,FRA,"DF,MF",24,2000,29,14,1318,14.6,0,3,3,0,0,0,1,2,0.0,0.2,0.2,0.0,0.2,14.6,0,16,9,3,76,16,25,,,0,0,14,1,7.1,0.96,0.07,0.0,0.0,0,0
FRA-Ligue 1,2425,Angers,Lois Diony,FRA,FW,31,1992,1,0,21,0.2,0,0,0,0,0,0,0,0,0.0,0.0,0.0,0.0,0.0,0.2,0,0,0,0,0,0,0,,,0,0,0,0,,0.0,0.0,,,0,0
FRA-Ligue 1,2425,Angers,Marius Courcoul,FRA,MF,17,2007,8,3,309,3.4,0,0,0,0,0,0,0,0,0.0,0.0,0.0,0.0,0.0,3.4,0,4,2,0,4,6,2,,,0,0,3,1,33.3,0.87,0.29,0.0,0.0,0,0
FRA-Ligue 1,2425,Angers,Melvin Zinga,FRA,GK,22,2002,1,1,90,1.0,0,0,0,0,0,0,0,0,0.0,0.0,0.0,0.0,0.0,1.0,0,1,0,0,0,0,0,,,0,0,0,0,,0.0,0.0,,,0,0
FRA-Ligue 1,2425,Angers,Ousmane Camara,MLI,DF,21,2003,3,3,252,2.8,0,0,0,0,0,0,1,0,0.0,0.0,0.0,0.0,0.0,2.8,0,1,0,0,0,0,3,,,0,0,1,0,0.0,0.36,0.0,0.0,,0,0
FRA-Ligue 1,2425,Angers,Pierrick Capelle,FRA,MF,37,1987,16,3,483,5.4,0,0,0,0,0,0,4,0,0.0,0.0,0.0,0.0,0.0,5.4,0,12,4,1,10,11,17,,,0,0,6,1,16.7,1.12,0.19,0.0,0.0,0,0
FRA-Ligue 1,2425,Angers,Prosper Peter,NGA,FW,16,2007,2,0,27,0.3,0,0,0,0,0,0,0,0,0.0,0.0,0.0,0.0,0.0,0.3,0,1,0,0,0,0,1,,,0,0,0,0,,0.0,0.0,,,0,0
FRA-Ligue 1,2425,Angers,Sidiki Cherif,FRA,FW,17,2006,7,3,324,3.6,0,0,0,0,0,0,0,0,0.0,0.0,0.0,0.0,0.0,3.6,0,4,8,5,4,0,5,,,0,0,5,3,60.0,1.39,0.83,0.0,0.0,0,0
FRA-Ligue 1,2425,Angers,Yahia Fofana,CIV,GK,23,2000,33,33,2970,33.0,0,0,0,0,0,0,4,0,0.0,0.0,0.0,0.0,0.0,33.0,0,0,11,0,0,1,0,,,0,0,0,0,,0.0,0.0,,,0,0
FRA-Ligue 1,2425,Angers,Yassin Belkhdim,FRA,MF,22,2002,29,16,1523,16.9,1,1,2,1,0,0,4,0,0.06,0.06,0.12,0.06,0.12,16.9,0,28,15,2,16,21,27,,,0,1,9,5,55.6,0.53,0.3,0.11,0.2,0,0
FRA-Ligue 1,2425,Angers,Zinedine Ferhat,ALG,MF,31,1993,24,8,849,9.4,2,0,2,2,0,0,1,0,0.21,0.0,0.21,0.21,0.21,9.4,0,11,15,2,68,10,7,,,0,2,12,5,41.7,1.27,0.53,0.17,0.4,0,0
FRA-Ligue 1,2425,Angers,Zinédine Ould Khaled,FRA,MF,24,2000,10,4,343,3.8,0,0,0,0,0,0,1,0,0.0,0.0,0.0,0.0,0.0,3.8,0,8,4,0,1,2,8,,,0,0,1,1,100.0,0.26,0.26,0.0,0.0,0,0
FRA-Ligue 1,2425,Auxerre,Ado Onaiwu,JPN,"MF,FW",28,1995,31,9,957,10.6,4,1,5,4,0,0,1,1,0.38,0.09,0.47,0.38,0.47,10.6,0,9,12,3,7,3,7,,,0,4,23,14,60.9,2.16,1.32,0.17,0.29,0,0
FRA-Ligue 1,2425,Auxerre,Aristide Zossou,CIV,MF,19,2005,3,0,16,0.2,0,0,0,0,0,0,0,0,0.0,0.0,0.0,0.0,0.0,0.2,0,2,0,0,1,0,0,,,0,0,0,0,,0.0,0.0,,,0,0
FRA-Ligue 1,2425,Auxerre,Assane Dioussé,SEN,MF,26,1997,17,7,663,7.4,0,0,0,0,0,0,1,0,0.0,0.0,0.0,0.0,0.0,7.4,0,18,11,0,1,11,8,,,0,0,3,2,66.7,0.41,0.27,0.0,0.0,0,0
FRA-Ligue 1,2425,Auxerre,Ben Viadere,FRA,FW,18,2005,1,0,5,0.1,0,0,0,0,0,0,0,0,0.0,0.0,0.0,0.0,0.0,0.1,0,0,0,0,4,0,0,,,0,0,0,0,,0.0,0.0,,,0,0
FRA-Ligue 1,2425,Auxerre,Clément Akpa,CIV,DF,22,2001,31,29,2486,27.6,0,1,1,0,0,0,7,0,0.0,0.04,0.04,0.0,0.04,27.6,0,15,35,0,26,40,33,,,0,0,6,1,16.7,0.22,0.04,0.0,0.0,0,0
FRA-Ligue 1,2425,Auxerre,Donovan Léon,GUF,GK,31,1992,32,32,2880,32.0,0,2,2,0,0,0,4,0,0.0,0.06,0.06,0.0,0.06,32.0,0,1,4,0,0,0,0,,,0,0,0,0,,0.0,0.0,,,0,0
FRA-Ligue 1,2425,Auxerre,Elisha Owusu,GHA,MF,26,1997,28,28,2344,26.0,1,3,4,1,0,0,7,0,0.04,0.12,0.15,0.04,0.15,26.0,0,48,21,0,10,39,42,,,1,1,7,3,42.9,0.27,0.12,0.14,0.33,0,0
FRA-Ligue 1,2425,Auxerre,Eros Maddy,NED,"FW,MF",23,2001,2,0,15,0.2,0,0,0,0,0,0,1,0,0.0,0.0,0.0,0.0,0.0,0.2,0,3,0,0,0,0,0,,,0,0,0,0,,0.0,0.0,,,0,0
FRA-Ligue 1,2425,Auxerre,Florian Ayé,FRA,FW,27,1997,26,4,575,6.4,2,0,2,2,0,0,0,0,0.31,0.0,0.31,0.31,0.31,6.4,0,10,6,3,2,7,1,,,0,2,12,4,33.3,1.88,0.63,0.17,0.5,0,0
FRA-Ligue 1,2425,Auxerre,Fredrik Oppegard,NOR,"MF,DF",21,2002,9,2,273,3.0,0,0,0,0,0,0,0,0,0.0,0.0,0.0,0.0,0.0,3.0,0,3,4,1,6,2,3,,,0,0,3,1,33.3,0.99,0.33,0.0,0.0,0,0
FRA-Ligue 1,2425,Auxerre,Gabriel Osho,NGA,DF,25,1998,20,20,1654,18.4,1,0,1,1,0,0,1,1,0.05,0.0,0.05,0.05,0.05,18.4,0,11,10,0,3,13,16,,,0,1,7,3,42.9,0.38,0.16,0.14,0.33,0,0
FRA-Ligue 1,2425,Auxerre,Gaëtan Perrin,FRA,MF,28,1996,34,31,2691,29.9,10,11,21,10,0,0,2,0,0.33,0.37,0.7,0.33,0.7,29.9,0,24,20,9,161,12,27,,,0,10,59,26,44.1,1.97,0.87,0.17,0.38,0,0
FRA-Ligue 1,2425,Auxerre,Gideon Mensah,GHA,"DF,MF",26,1998,29,26,2280,25.3,0,1,1,0,0,0,2,0,0.0,0.04,0.04,0.0,0.04,25.3,0,33,26,1,76,49,46,,,0,0,4,1,25.0,0.16,0.04,0.0,0.0,0,0
FRA-Ligue 1,2425,Auxerre,Hamed Junior Traorè,CIV,MF,24,2000,26,26,2093,23.3,10,2,12,10,0,0,5,0,0.43,0.09,0.52,0.43,0.52,23.3,0,30,40,7,42,7,21,,,0,10,68,29,42.6,2.92,1.25,0.15,0.34,0,0
FRA-Ligue 1,2425,Auxerre,Han-Noah Massengo,FRA,MF,23,2001,17,11,1046,11.6,0,0,0,0,0,0,5,0,0.0,0.0,0.0,0.0,0.0,11.6,0,17,21,0,9,17,11,,,0,0,6,3,50.0,0.52,0.26,0.0,0.0,0,0
FRA-Ligue 1,2425,Auxerre,Jubal,BRA,DF,30,1993,30,30,2640,29.3,6,0,6,3,3,4,7,0,0.2,0.0,0.2,0.1,0.1,29.3,0,27,21,1,0,27,40,,,1,6,30,11,36.7,1.02,0.37,0.1,0.27,3,4
FRA-Ligue 1,2425,Auxerre,Ki-Jana Hoever,NED,"DF,MF",22,2002,30,26,2124,23.6,1,2,3,1,0,0,4,1,0.04,0.08,0.13,0.04,0.13,23.6,1,22,12,0,77,20,40,,,0,1,10,5,50.0,0.42,0.21,0.1,0.2,0,0
FRA-Ligue 1,2425,Auxerre,Kévin Danois,FRA,MF,20,2004,22,16,1460,16.2,0,0,0,0,0,0,1,0,0.0,0.0,0.0,0.0,0.0,16.2,0,22,18,2,15,20,31,,,0,0,17,3,17.6,1.05,0.18,0.0,0.0,0,0
FRA-Ligue 1,2425,Auxerre,Lassine Sinayoko,MLI,"FW,MF",24,1999,34,25,2299,25.5,5,8,13,4,1,1,5,0,0.2,0.31,0.51,0.16,0.47,25.5,0,36,33,13,25,13,20,,,0,5,61,18,29.5,2.39,0.7,0.07,0.22,1,1
FRA-Ligue 1,2425,Auxerre,Lasso Coulibaly,CIV,MF,21,2002,3,0,45,0.5,1,0,1,1,0,0,0,0,2.0,0.0,2.0,2.0,2.0,0.5,0,0,1,0,2,0,1,,,0,1,3,2,66.7,6.0,4.0,0.33,0.5,0,0
FRA-Ligue 1,2425,Auxerre,Loïc N'Gatta,FRA,DF,20,2003,2,0,13,0.1,0,0,0,0,0,0,1,0,0.0,0.0,0.0,0.0,0.0,0.1,0,1,0,0,1,0,1,,,0,0,0,0,,0.0,0.0,,,0,0
FRA-Ligue 1,2425,Auxerre,Paul Joly,FRA,"DF,MF",24,2000,26,10,1009,11.2,0,1,1,0,0,0,3,1,0.0,0.09,0.09,0.0,0.09,11.2,0,10,27,0,55,26,31,,,0,0,10,5,50.0,0.89,0.45,0.0,0.0,0,0
FRA-Ligue 1,2425,Auxerre,Rayan Raveloson,MAD,"MF,DF",27,1997,13,7,724,8.0,1,0,1,1,0,0,3,0,0.12,0.0,0.12,0.12,0.12,8.0,0,10,12,0,8,5,5,,,0,1,16,5,31.3,1.99,0.62,0.06,0.2,0,0
FRA-Ligue 1,2425,Auxerre,Rudy Matondo,FRA,MF,16,2008,5,0,66,0.7,0,0,0,0,0,0,1,0,0.0,0.0,0.0,0.0,0.0,0.7,0,4,3,0,0,0,1,,,0,0,0,0,,0.0,0.0,,,0,0
FRA-Ligue 1,2425,Auxerre,Sinaly Diomande,CIV,DF,23,2001,23,22,1945,21.6,3,2,5,3,0,0,6,0,0.14,0.09,0.23,0.14,0.23,21.6,0,24,19,0,1,31,19,,,1,3,9,4,44.4,0.42,0.19,0.33,0.75,0,0
FRA-Ligue 1,2425,Auxerre,Theo Bair,CAN,FW,24,1999,29,11,939,10.4,2,1,3,2,0,0,1,0,0.19,0.1,0.29,0.19,0.29,10.4,0,20,5,8,7,3,3,,,0,2,26,14,53.8,2.49,1.34,0.08,0.14,0,0
FRA-Ligue 1,2425,Auxerre,Théo De Percin,MTQ,GK,23,2001,2,2,180,2.0,0,0,0,0,0,0,0,0,0.0,0.0,0.0,0.0,0.0,2.0,0,0,0,0,0,0,0,,,0,0,0,0,,0.0,0.0,,,0,0
FRA-Ligue 1,2425,Auxerre,Théo Pellenard,FRA,DF,30,1994,2,0,45,0.5,0,0,0,0,0,0,0,0,0.0,0.0,0.0,0.0,0.0,0.5,0,4,1,0,2,0,2,,,0,0,0,0,,0.0,0.0,,,0,0
FRA-Ligue 1,2425,Auxerre,Yoann Cissé,FRA,MF,19,2004,2,0,5,0.1,0,0,0,0,0,0,0,0,0.0,0.0,0.0,0.0,0.0,0.1,0,0,0,0,3,1,0,,,0,0,0,0,,0.0,0.0,,,0,0
FRA-Ligue 1,2425,Brest,Abdallah Sima,SEN,"FW,MF",23,2001,27,14,1238,13.8,7,2,9,7,0,0,2,0,0.51,0.15,0.65,0.51,0.65,13.8,0,16,25,4,16,1,11,,,0,7,38,17,44.7,2.76,1.24,0.18,0.41,0,0
FRA-Ligue 1,2425,Brest,Abdoulaye Ndiaye,SEN,DF,22,2002,22,19,1707,19.0,1,0,1,1,0,0,4,1,0.05,0.0,0.05,0.05,0.05,19.0,0,21,18,0,2,12,32,,,0,1,11,2,18.2,0.58,0.11,0.09,0.5,0,0
FRA-Ligue 1,2425,Brest,Axel Camblan,FRA,FW,20,2003,2,0,26,0.3,0,0,0,0,0,0,0,0,0.0,0.0,0.0,0.0,0.0,0.3,0,0,0,0,1,0,1,,,0,0,1,0,0.0,3.46,0.0,0.0,,0,0
FRA-Ligue 1,2425,Brest,Bradley Locko,FRA,DF,22,2002,2,1,97,1.1,0,0,0,0,0,0,1,0,0.0,0.0,0.0,0.0,0.0,1.1,0,1,0,0,1,0,2,,,0,0,1,0,0.0,0.93,0.0,0.0,,0,0
FRA-Ligue 1,2425,Brest,Brendan Chardonnet,FRA,DF,29,1994,27,27,2416,26.8,1,0,1,1,0,0,6,0,0.04,0.0,0.04,0.04,0.04,26.8,0,36,20,0,3,28,34,,,1,1,14,1,7.1,0.52,0.04,0.07,1.0,0,0
FRA-Ligue 1,2425,Brest,Edimilson Fernandes,SUI,"MF,DF",28,1996,19,12,1105,12.3,0,1,1,0,0,0,1,0,0.0,0.08,0.08,0.0,0.08,12.3,0,7,6,0,10,18,7,,,0,0,10,2,20.0,0.81,0.16,0.0,0.0,0,0
FRA-Ligue 1,2425,Brest,Grégoire Coudert,FRA,GK,25,1999,2,2,180,2.0,0,0,0,0,0,0,0,0,0.0,0.0,0.0,0.0,0.0,2.0,0,0,0,0,0,0,0,,,0,0,0,0,,0.0,0.0,,,0,0
FRA-Ligue 1,2425,Brest,Hamidou Makalou,MLI,MF,18,2006,4,0,32,0.4,0,0,0,0,0,0,0,0,0.0,0.0,0.0,0.0,0.0,0.4,0,0,0,0,0,0,0,,,0,0,0,0,,0.0,0.0,,,0,0
FRA-Ligue 1,2425,Brest,Hianga'a Mbock,FRA,MF,24,1999,1,0,21,0.2,0,0,0,0,0,0,0,0,0.0,0.0,0.0,0.0,0.0,0.2,0,1,0,0,0,1,0,,,0,0,1,1,100.0,4.29,4.29,0.0,0.0,0,0
FRA-Ligue 1,2425,Brest,Hugo Magnetti,FRA,MF,26,1998,32,27,2323,25.8,1,0,1,1,0,0,5,0,0.04,0.0,0.04,0.04,0.04,25.8,0,29,22,0,18,17,32,,,0,1,19,6,31.6,0.74,0.23,0.05,0.17,0,0
FRA-Ligue 1,2425,Brest,Ibrahim Salah,MAR,"MF,FW",22,2001,12,4,358,4.0,1,1,2,1,0,0,0,0,0.25,0.25,0.5,0.25,0.5,4.0,0,6,3,2,15,2,2,,,0,1,13,4,30.8,3.27,1.01,0.08,0.25,0,0
FRA-Ligue 1,2425,Brest,Jonas Martin,FRA,MF,34,1990,17,5,496,5.5,1,0,1,1,0,0,2,0,0.18,0.0,0.18,0.18,0.18,5.5,0,7,10,0,3,8,7,,,0,1,3,1,33.3,0.54,0.18,0.33,1.0,0,0
FRA-Ligue 1,2425,Brest,Jordan Amavi,FRA,DF,30,1994,11,8,790,8.8,0,0,0,0,0,0,2,0,0.0,0.0,0.0,0.0,0.0,8.8,0,15,6,0,15,7,17,,,0,0,8,3,37.5,0.91,0.34,0.0,0.0,0,0
FRA-Ligue 1,2425,Brest,Julien Le Cardinal,FRA,DF,26,1997,16,15,1378,15.3,0,1,1,0,0,0,3,0,0.0,0.07,0.07,0.0,0.07,15.3,0,12,12,0,6,34,15,,,1,0,10,4,40.0,0.65,0.26,0.0,0.0,0,0
FRA-Ligue 1,2425,Brest,Justin Bourgault,FRA,DF,18,2005,2,2,122,1.4,1,0,1,1,0,0,0,0,0.74,0.0,0.74,0.74,0.74,1.4,0,1,1,0,4,0,1,,,0,1,2,1,50.0,1.48,0.74,0.5,1.0,0,0
FRA-Ligue 1,2425,Brest,Jérémy Le Douaron,FRA,FW,26,1998,2,1,102,1.1,0,0,0,0,0,0,0,0,0.0,0.0,0.0,0.0,0.0,1.1,0,2,0,2,0,0,0,,,0,0,2,1,50.0,1.76,0.88,0.0,0.0,0,0
FRA-Ligue 1,2425,Brest,Kamory Doumbia,MLI,"MF,FW",21,2003,30,13,1322,14.7,3,2,5,3,0,0,1,0,0.2,0.14,0.34,0.2,0.34,14.7,0,17,22,1,48,27,30,,,0,3,22,10,45.5,1.5,0.68,0.14,0.3,0,0
FRA-Ligue 1,2425,Brest,Kenny Lala,MAD,DF,32,1991,30,29,2686,29.8,3,2,5,0,3,3,5,0,0.1,0.07,0.17,0.0,0.07,29.8,0,18,14,1,125,25,41,,,0,3,12,7,58.3,0.4,0.23,0.0,0.0,3,3
FRA-Ligue 1,2425,Brest,Luck Zogbé,CIV,DF,19,2005,13,7,638,7.1,0,0,0,0,0,0,2,0,0.0,0.0,0.0,0.0,0.0,7.1,0,9,11,1,14,14,19,,,0,0,8,1,12.5,1.13,0.14,0.0,0.0,0,0
FRA-Ligue 1,2425,Brest,Ludovic Ajorque,FRA,FW,30,1994,31,29,2495,27.7,13,2,15,13,0,1,5,0,0.47,0.07,0.54,0.47,0.54,27.7,0,61,26,11,7,5,18,,,0,13,54,27,50.0,1.95,0.97,0.24,0.48,0,1
FRA-Ligue 1,2425,Brest,Mahdi Camara,FRA,MF,26,1998,34,31,2659,29.5,5,3,8,5,0,0,5,0,0.17,0.1,0.27,0.17,0.27,29.5,0,41,46,3,47,30,43,,,0,5,49,20,40.8,1.66,0.68,0.1,0.25,0,0
FRA-Ligue 1,2425,Brest,Mama Samba Baldé,GNB,"FW,MF",28,1995,27,12,1149,12.8,2,3,5,2,0,0,4,0,0.16,0.23,0.39,0.16,0.39,12.8,0,18,22,14,11,6,9,,,0,2,29,9,31.0,2.27,0.7,0.07,0.22,0,0
FRA-Ligue 1,2425,Brest,Marco Bizot,NED,GK,33,1991,32,32,2880,32.0,0,0,0,0,0,0,4,0,0.0,0.0,0.0,0.0,0.0,32.0,0,1,5,0,0,0,1,,,0,0,0,0,,0.0,0.0,,,0,0
FRA-Ligue 1,2425,Brest,Massadio Haïdara,MLI,DF,31,1992,22,20,1678,18.6,0,0,0,0,0,0,3,2,0.0,0.0,0.0,0.0,0.0,18.6,1,20,45,0,49,25,17,,,0,0,10,1,10.0,0.54,0.05,0.0,0.0,0,0
FRA-Ligue 1,2425,Brest,Mathias Pereira Lage,POR,"MF,FW",27,1996,29,18,1571,17.5,2,7,9,2,0,0,4,0,0.11,0.4,0.52,0.11,0.52,17.5,0,29,28,2,99,20,24,,,0,2,36,15,41.7,2.06,0.86,0.06,0.13,0,0
FRA-Ligue 1,2425,Brest,Pierre Lees-Melou,FRA,MF,31,1993,20,17,1526,17.0,2,2,4,2,0,0,7,0,0.12,0.12,0.24,0.12,0.24,17.0,0,32,30,0,22,11,38,,,0,2,22,8,36.4,1.3,0.47,0.09,0.25,0,0
FRA-Ligue 1,2425,Brest,Romain Del Castillo,FRA,"FW,MF",28,1996,26,14,1259,14.0,6,4,10,3,3,4,0,0,0.43,0.29,0.71,0.21,0.5,14.0,0,12,17,0,105,6,21,,,0,6,21,12,57.1,1.5,0.86,0.14,0.25,3,4
FRA-Ligue 1,2425,Brest,Romain Faivre,FRA,"MF,FW",26,1998,20,10,899,10.0,3,2,5,2,1,1,2,0,0.3,0.2,0.5,0.2,0.4,10.0,0,6,23,1,26,3,11,,,0,3,19,10,52.6,1.9,1.0,0.11,0.2,1,1
FRA-Ligue 1,2425,Brest,Soumaïla Coulibaly,FRA,DF,20,2003,7,5,438,4.9,0,0,0,0,0,0,1,0,0.0,0.0,0.0,0.0,0.0,4.9,0,12,1,0,0,6,2,,,0,0,4,0,0.0,0.82,0.0,0.0,,0,0
FRA-Ligue 1,2425,Brest,Sérigné Diop,SEN,FW,19,2005,2,0,4,0.0,0,0,0,0,0,0,0,0,0.0,0.0,0.0,0.0,0.0,0.0,0,0,0,0,0,0,0,,,0,0,0,0,,0.0,0.0,,,0,0
FRA-Ligue 1,2425,Le Havre,Abdoulaye Touré,GUI,MF,30,1994,28,26,2324,25.8,10,1,11,2,8,9,5,0,0.39,0.04,0.43,0.08,0.12,25.8,0,29,44,1,11,33,34,,,0,10,47,15,31.9,1.82,0.58,0.04,0.13,8,9
FRA-Ligue 1,2425,Le Havre,Alois Confais,FRA,"DF,MF",27,1996,1,0,3,0.0,0,0,0,0,0,0,0,0,0.0,0.0,0.0,0.0,0.0,0.0,0,1,0,1,0,0,0,,,0,0,0,0,,0.0,0.0,,,0,0
FRA-Ligue 1,2425,Le Havre,André Ayew,GHA,FW,34,1989,27,15,1453,16.1,4,1,5,4,0,0,2,0,0.25,0.06,0.31,0.25,0.31,16.1,0,19,30,6,7,3,10,,,0,4,22,9,40.9,1.36,0.56,0.18,0.44,0,0
FRA-Ligue 1,2425,Le Havre,Antoine Joujou,FRA,"MF,FW",21,2003,26,9,943,10.5,0,2,2,0,0,0,1,0,0.0,0.19,0.19,0.0,0.19,10.5,0,7,7,2,36,10,12,,,0,0,11,2,18.2,1.05,0.19,0.0,0.0,0,0
FRA-Ligue 1,2425,Le Havre,Arouna Sangante,SEN,DF,22,2002,16,16,1244,13.8,3,0,3,3,0,0,4,1,0.22,0.0,0.22,0.22,0.22,13.8,0,22,16,1,2,22,16,,,0,3,7,4,57.1,0.51,0.29,0.43,0.75,0,0
FRA-Ligue 1,2425,Le Havre,Arthur Desmas,FRA,GK,30,1994,18,18,1620,18.0,0,0,0,0,0,0,2,0,0.0,0.0,0.0,0.0,0.0,18.0,0,1,6,0,0,0,0,,,0,0,0,0,,0.0,0.0,,,0,0
FRA-Ligue 1,2425,Le Havre,Christopher Opéri,CIV,"MF,DF",27,1997,13,13,1169,13.0,0,2,2,0,0,0,2,1,0.0,0.15,0.15,0.0,0.15,13.0,1,8,16,3,126,16,9,,,0,0,7,1,14.3,0.54,0.08,0.0,0.0,0,0
FRA-Ligue 1,2425,Le Havre,Daler Kuzyaev,RUS,MF,31,1993,12,6,567,6.3,1,0,1,1,0,0,1,0,0.16,0.0,0.16,0.16,0.16,6.3,0,8,3,0,6,8,8,,,0,1,4,3,75.0,0.63,0.48,0.25,0.33,0,0
FRA-Ligue 1,2425,Le Havre,Elysée Logbo,FRA,FW,20,2004,1,0,27,0.3,0,0,0,0,0,0,0,0,0.0,0.0,0.0,0.0,0.0,0.3,0,0,0,0,0,0,0,,,0,0,1,0,0.0,3.33,0.0,0.0,,0,0
FRA-Ligue 1,2425,Le Havre,Emmanuel Sabbi,USA,"MF,FW",26,1997,15,7,653,7.3,0,0,0,0,0,0,1,0,0.0,0.0,0.0,0.0,0.0,7.3,0,11,16,2,15,3,7,,,0,0,15,5,33.3,2.07,0.69,0.0,0.0,0,0
FRA-Ligue 1,2425,Le Havre,Etienne Youte Kinkoue,FRA,DF,22,2002,28,26,2320,25.8,0,0,0,0,0,0,4,1,0.0,0.0,0.0,0.0,0.0,25.8,0,14,6,0,2,29,10,,,1,0,14,2,14.3,0.54,0.08,0.0,0.0,0,0
FRA-Ligue 1,2425,Le Havre,Fodé Ballo-Touré,SEN,"DF,MF",27,1997,10,9,589,6.5,0,0,0,0,0,0,0,0,0.0,0.0,0.0,0.0,0.0,6.5,0,3,14,0,21,5,7,,,0,0,0,0,,0.0,0.0,,,0,0
FRA-Ligue 1,2425,Le Havre,Gautier Lloris,FRA,DF,29,1995,31,31,2768,30.8,2,1,3,2,0,0,5,0,0.07,0.03,0.1,0.07,0.1,30.8,0,31,7,2,3,35,44,,,0,2,11,2,18.2,0.36,0.07,0.18,1.0,0,0
FRA-Ligue 1,2425,Le Havre,Ilyes Housni,FRA,FW,19,2005,12,3,230,2.6,0,0,0,0,0,0,0,0,0.0,0.0,0.0,0.0,0.0,2.6,0,4,5,1,5,1,5,,,0,0,5,0,0.0,1.96,0.0,0.0,,0,0
FRA-Ligue 1,2425,Le Havre,Issa Soumaré,SEN,"MF,FW",23,2000,29,21,1902,21.1,5,4,9,5,0,0,0,0,0.24,0.19,0.43,0.24,0.43,21.1,0,17,61,4,43,14,14,,,0,5,43,19,44.2,2.03,0.9,0.12,0.26,0,0
FRA-Ligue 1,2425,Le Havre,Josué Casimir,HAI,"MF,FW",22,2001,27,23,1997,22.2,4,4,8,4,0,0,5,0,0.18,0.18,0.36,0.18,0.36,22.2,0,29,46,8,86,6,28,,,0,4,27,10,37.0,1.22,0.45,0.15,0.4,0,0
FRA-Ligue 1,2425,Le Havre,Junior Mwanga,FRA,MF,21,2003,11,11,952,10.6,1,2,3,1,0,0,1,1,0.09,0.19,0.28,0.09,0.28,10.6,0,19,6,0,21,7,16,,,0,1,16,4,25.0,1.51,0.38,0.06,0.25,0,0
FRA-Ligue 1,2425,Le Havre,Kandet Diawara,GUI,MF,24,2000,1,0,4,0.0,0,0,0,0,0,0,0,0,0.0,0.0,0.0,0.0,0.0,0.0,0,0,0,0,0,0,0,,,0,0,0,0,,0.0,0.0,,,0,0
FRA-Ligue 1,2425,Le Havre,Koka,EGY,FW,31,1993,16,10,851,9.5,3,1,4,2,1,1,2,0,0.32,0.11,0.42,0.21,0.32,9.5,0,14,2,1,0,4,2,,,0,3,21,9,42.9,2.22,0.95,0.1,0.22,1,1
FRA-Ligue 1,2425,Le Havre,Loïc Nego,HUN,"DF,MF",33,1991,31,28,2459,27.3,0,0,0,0,0,0,4,0,0.0,0.0,0.0,0.0,0.0,27.3,0,27,28,5,75,29,35,,,0,0,11,2,18.2,0.4,0.07,0.0,0.0,0,0
FRA-Ligue 1,2425,Le Havre,Mahamadou Diawara,FRA,MF,19,2005,15,6,582,6.5,0,1,1,0,0,0,0,0,0.0,0.15,0.15,0.0,0.15,6.5,0,15,7,0,5,13,13,,,0,0,7,1,14.3,1.08,0.15,0.0,0.0,0,0
FRA-Ligue 1,2425,Le Havre,Mathieu Gorgelin,FRA,GK,33,1990,16,16,1440,16.0,0,0,0,0,0,0,2,0,0.0,0.0,0.0,0.0,0.0,16.0,0,0,2,0,0,0,1,,,0,0,0,0,,0.0,0.0,,,0,0
FRA-Ligue 1,2425,Le Havre,Mathéo Bodmer,FRA,DF,20,2004,1,0,6,0.1,0,0,0,0,0,0,0,0,0.0,0.0,0.0,0.0,0.0,0.1,0,1,0,0,0,0,0,,,0,0,0,0,,0.0,0.0,,,0,0
FRA-Ligue 1,2425,Le Havre,Oussama Targhalline,MAR,MF,22,2002,14,12,990,11.0,0,0,0,0,0,0,0,0,0.0,0.0,0.0,0.0,0.0,11.0,0,12,10,4,17,19,13,,,0,0,5,0,0.0,0.45,0.0,0.0,,0,0
FRA-Ligue 1,2425,Le Havre,Rassoul Ndiaye,SEN,MF,22,2001,27,11,1061,11.8,1,0,1,1,0,0,2,0,0.08,0.0,0.08,0.08,0.08,11.8,0,12,10,1,32,12,25,,,0,1,18,5,27.8,1.53,0.42,0.06,0.2,0,0
FRA-Ligue 1,2425,Le Havre,Samuel Grandsir,FRA,"FW,MF",27,1996,6,0,84,0.9,0,0,0,0,0,0,0,0,0.0,0.0,0.0,0.0,0.0,0.9,0,2,0,0,5,0,5,,,0,0,0,0,,0.0,0.0,,,0,0
FRA-Ligue 1,2425,Le Havre,Steve Ngoura,FRA,FW,19,2005,8,2,289,3.2,1,0,1,1,0,0,0,0,0.31,0.0,0.31,0.31,0.31,3.2,0,5,1,2,2,0,2,,,0,1,10,3,30.0,3.11,0.93,0.1,0.33,0,0
FRA-Ligue 1,2425,Le Havre,Timothee Pembele,FRA,"DF,MF",21,2002,20,12,1113,12.4,1,0,1,1,0,0,3,0,0.08,0.0,0.08,0.08,0.08,12.4,0,9,11,1,28,12,22,,,0,1,8,3,37.5,0.65,0.24,0.13,0.33,0,0
FRA-Ligue 1,2425,Le Havre,Yanis Zouaoui,ALG,"DF,MF",26,1998,17,9,976,10.8,0,2,2,0,0,0,3,0,0.0,0.18,0.18,0.0,0.18,10.8,0,8,13,1,111,7,9,,,0,0,5,2,40.0,0.46,0.18,0.0,0.0,0,0
FRA-Ligue 1,2425,Le Havre,Yassine Kechta,MAR,"MF,FW",22,2002,31,25,2096,23.3,2,0,2,2,0,0,4,0,0.09,0.0,0.09,0.09,0.09,23.3,0,42,33,4,36,24,37,,,0,2,29,9,31.0,1.25,0.39,0.07,0.22,0,0
FRA-Ligue 1,2425,Le Havre,Yoann Salmier,GUF,DF,31,1992,13,9,797,8.9,0,0,0,0,0,0,3,0,0.0,0.0,0.0,0.0,0.0,8.9,0,9,3,0,1,9,6,,,0,0,5,3,60.0,0.56,0.34,0.0,0.0,0,0
FRA-Ligue 1,2425,Lens,Abdukodir Khusanov,UZB,DF,20,2004,13,11,975,10.8,0,0,0,0,0,0,2,1,0.0,0.0,0.0,0.0,0.0,10.8,0,13,3,0,5,26,11,,,0,0,6,5,83.3,0.55,0.46,0.0,0.0,0,0
FRA-Ligue 1,2425,Lens,Abdulai Juma Bah,SLE,DF,18,2006,10,8,686,7.6,0,0,0,0,0,0,2,0,0.0,0.0,0.0,0.0,0.0,7.6,0,7,1,0,0,16,9,,,0,0,2,1,50.0,0.26,0.13,0.0,0.0,0,0
FRA-Ligue 1,2425,Lens,Adrien Thomasson,FRA,MF,30,1993,33,31,2615,29.1,3,7,10,3,0,0,7,0,0.1,0.24,0.34,0.1,0.34,29.1,0,51,48,7,59,20,48,,,0,3,41,13,31.7,1.41,0.45,0.07,0.23,0,0
FRA-Ligue 1,2425,Lens,Anass Zaroury,MAR,"MF,FW",23,2000,28,16,1405,15.6,2,2,4,2,0,0,3,1,0.13,0.13,0.26,0.13,0.26,15.6,1,13,24,2,126,6,17,,,0,2,35,12,34.3,2.24,0.77,0.06,0.17,0,0
FRA-Ligue 1,2425,Lens,Andy Diouf,FRA,MF,21,2003,34,27,2225,24.7,1,2,3,1,0,0,2,0,0.04,0.08,0.12,0.04,0.12,24.7,0,43,21,2,28,14,29,,,0,1,40,5,12.5,1.62,0.2,0.03,0.2,0,0
FRA-Ligue 1,2425,Lens,Angelo Fulgini,NCL,MF,27,1996,23,11,1045,11.6,1,1,2,1,0,0,3,0,0.09,0.09,0.17,0.09,0.17,11.6,0,15,26,3,45,2,10,,,0,1,26,9,34.6,2.24,0.78,0.04,0.11,0,0
FRA-Ligue 1,2425,Lens,Brice Samba,FRA,GK,30,1994,15,15,1350,15.0,0,0,0,0,0,0,1,0,0.0,0.0,0.0,0.0,0.0,15.0,0,0,2,0,0,1,0,,,0,0,0,0,,0.0,0.0,,,0,0
FRA-Ligue 1,2425,Lens,David Costa,POR,MF,23,2001,11,3,352,3.9,0,0,0,0,0,0,0,1,0.0,0.0,0.0,0.0,0.0,3.9,0,3,4,0,15,1,0,,,0,0,9,3,33.3,2.3,0.77,0.0,0.0,0,0
FRA-Ligue 1,2425,Lens,Deiver Machado,COL,"DF,MF",30,1993,27,20,1805,20.1,1,4,5,1,0,0,7,2,0.05,0.2,0.25,0.05,0.25,20.1,1,28,30,5,49,16,27,,,0,1,23,5,21.7,1.15,0.25,0.04,0.2,0,0
FRA-Ligue 1,2425,Lens,Facundo Medina,ARG,DF,25,1999,29,29,2543,28.3,0,1,1,0,0,0,15,1,0.0,0.04,0.04,0.0,0.04,28.3,1,29,22,0,16,31,30,,,0,0,27,3,11.1,0.96,0.11,0.0,0.0,0,0
FRA-Ligue 1,2425,Lens,Florian Sotoca,FRA,"FW,MF",33,1990,31,22,1794,19.9,1,1,2,1,0,0,2,1,0.05,0.05,0.1,0.05,0.1,19.9,0,15,20,6,75,14,13,,,0,1,47,18,38.3,2.36,0.9,0.02,0.06,0,0
FRA-Ligue 1,2425,Lens,Gabin Capuano,FRA,FW,18,2006,1,0,11,0.1,0,0,0,0,0,0,0,0,0.0,0.0,0.0,0.0,0.0,0.1,0,1,0,0,0,0,0,,,0,0,0,0,,0.0,0.0,,,0,0
FRA-Ligue 1,2425,Lens,Goduine Koyalipou,CTA,FW,24,2000,15,12,885,9.8,4,0,4,4,0,0,0,0,0.41,0.0,0.41,0.41,0.41,9.8,0,8,6,6,2,1,2,,,0,4,42,15,35.7,4.27,1.53,0.1,0.27,0,0
FRA-Ligue 1,2425,Lens,Hamzat Ojediran,NGA,MF,20,2003,17,1,416,4.6,1,0,1,1,0,0,5,0,0.22,0.0,0.22,0.22,0.22,4.6,0,17,3,1,2,10,15,,,0,1,10,3,30.0,2.16,0.65,0.1,0.33,0,0
FRA-Ligue 1,2425,Lens,Hervé Koffi,BFA,GK,27,1996,5,5,450,5.0,0,0,0,0,0,0,2,0,0.0,0.0,0.0,0.0,0.0,5.0,0,0,0,0,0,0,1,,,0,0,0,0,,0.0,0.0,,,0,0
FRA-Ligue 1,2425,Lens,Jeremy Agbonifo,SWE,FW,18,2005,8,1,300,3.3,1,0,1,1,0,0,1,0,0.3,0.0,0.3,0.3,0.3,3.3,0,14,5,2,7,1,5,,,0,1,6,4,66.7,1.8,1.2,0.17,0.25,0,0
FRA-Ligue 1,2425,Lens,Jhoanner Chávez,ECU,MF,22,2002,10,7,596,6.6,1,0,1,1,0,0,1,0,0.15,0.0,0.15,0.15,0.15,6.6,0,10,8,2,31,6,5,,,0,1,5,3,60.0,0.76,0.45,0.2,0.33,0,0
FRA-Ligue 1,2425,Lens,Jonathan Gradit,FRA,DF,31,1992,25,24,2112,23.5,0,0,0,0,0,0,4,0,0.0,0.0,0.0,0.0,0.0,23.5,0,28,16,0,10,26,22,,,0,0,16,4,25.0,0.68,0.17,0.0,0.0,0,0
FRA-Ligue 1,2425,Lens,Kembo Diliwidi,FRA,FW,18,2006,1,0,4,0.0,0,0,0,0,0,0,0,0,0.0,0.0,0.0,0.0,0.0,0.0,0,1,0,0,1,0,0,,,0,0,0,0,,0.0,0.0,,,0,0
FRA-Ligue 1,2425,Lens,Kevin Danso,AUT,DF,25,1998,12,12,1080,12.0,0,0,0,0,0,0,3,0,0.0,0.0,0.0,0.0,0.0,12.0,0,27,11,1,0,22,8,,,0,0,10,2,20.0,0.83,0.17,0.0,0.0,0,0
FRA-Ligue 1,2425,Lens,Kyllian Antonio,FRA,"MF,DF",16,2008,3,2,139,1.5,0,0,0,0,0,0,0,0,0.0,0.0,0.0,0.0,0.0,1.5,0,2,3,0,2,3,2,,,0,0,1,0,0.0,0.65,0.0,0.0,,0,0
FRA-Ligue 1,2425,Lens,M'Bala Nzola,ANG,FW,27,1996,21,16,1460,16.2,6,1,7,6,0,0,3,1,0.37,0.06,0.43,0.37,0.43,16.2,0,30,13,23,1,5,4,,,0,6,47,18,38.3,2.9,1.11,0.13,0.33,0,0
FRA-Ligue 1,2425,Lens,Malang Sarr,FRA,DF,25,1999,21,15,1385,15.4,0,0,0,0,0,0,0,0,0.0,0.0,0.0,0.0,0.0,15.4,0,13,10,1,1,22,13,,,0,0,6,1,16.7,0.39,0.06,0.0,0.0,0,0
FRA-Ligue 1,2425,Lens,Martin Satriano,URU,FW,23,2001,7,0,88,1.0,0,0,0,0,0,0,0,0,0.0,0.0,0.0,0.0,0.0,1.0,0,4,1,0,1,0,1,,,0,0,5,0,0.0,5.11,0.0,0.0,,0,0
FRA-Ligue 1,2425,Lens,Mathew Ryan,AUS,GK,32,1992,14,14,1260,14.0,0,0,0,0,0,0,0,0,0.0,0.0,0.0,0.0,0.0,14.0,0,0,1,0,0,1,0,,,0,0,0,0,,0.0,0.0,,,0,0
FRA-Ligue 1,2425,Lens,Nampalys Mendy,SEN,MF,32,1992,10,7,588,6.5,0,1,1,0,0,0,2,0,0.0,0.15,0.15,0.0,0.15,6.5,0,11,12,0,2,10,9,,,0,0,3,0,0.0,0.46,0.0,0.0,,0,0
FRA-Ligue 1,2425,Lens,Neil El Aynaoui,MAR,MF,23,2001,24,17,1588,17.6,8,1,9,5,3,3,4,0,0.45,0.06,0.51,0.28,0.34,17.6,0,35,32,0,64,31,24,,,0,8,19,10,52.6,1.08,0.57,0.26,0.5,3,3
FRA-Ligue 1,2425,Lens,Przemysław Frankowski,POL,"MF,DF",29,1995,18,16,1387,15.4,4,2,6,2,2,2,3,0,0.26,0.13,0.39,0.13,0.26,15.4,0,18,7,1,77,20,20,,,0,4,16,7,43.8,1.04,0.45,0.13,0.29,2,2
FRA-Ligue 1,2425,Lens,Rayan Fofana,FRA,MF,18,2006,2,0,25,0.3,0,0,0,0,0,0,0,0,0.0,0.0,0.0,0.0,0.0,0.3,0,1,1,0,0,0,2,,,0,0,0,0,,0.0,0.0,,,0,0
FRA-Ligue 1,2425,Lens,Ruben Aguilar,FRA,"MF,DF",31,1993,16,13,1124,12.5,1,2,3,1,0,0,4,0,0.08,0.16,0.24,0.08,0.24,12.5,0,14,15,5,46,12,19,,,0,1,11,3,27.3,0.88,0.24,0.09,0.33,0,0
FRA-Ligue 1,2425,Lens,Rémy Labeau Lascary,GLP,"MF,FW",21,2003,14,6,637,7.1,2,1,3,2,0,0,5,0,0.28,0.14,0.42,0.28,0.42,7.1,0,23,9,10,19,1,10,,,0,2,14,5,35.7,1.98,0.71,0.14,0.4,0,0
FRA-Ligue 1,2425,Lens,Tom Pouilly,FRA,DF,21,2003,10,2,273,3.0,0,0,0,0,0,0,1,0,0.0,0.0,0.0,0.0,0.0,3.0,0,3,2,0,11,4,6,,,0,0,5,2,40.0,1.65,0.66,0.0,0.0,0,0
FRA-Ligue 1,2425,Lens,Wesley Saïd,FRA,FW,29,1995,24,11,905,10.1,3,0,3,3,0,0,4,0,0.3,0.0,0.3,0.3,0.3,10.1,0,22,4,7,8,2,11,,,0,3,17,7,41.2,1.69,0.7,0.18,0.43,0,0
FRA-Ligue 1,2425,Lille,Aaron Malouda,FRA,FW,18,2005,1,0,2,0.0,0,0,0,0,0,0,0,0,0.0,0.0,0.0,0.0,0.0,0.0,0,0,0,0,0,0,0,,,0,0,0,0,,0.0,0.0,,,0,0
FRA-Ligue 1,2425,Lille,Alexsandro Ribeiro,BRA,DF,24,1999,30,30,2700,30.0,1,1,2,1,0,0,10,0,0.03,0.03,0.07,0.03,0.07,30.0,0,27,32,2,8,26,19,,,1,1,21,4,19.0,0.7,0.13,0.05,0.25,0,0
FRA-Ligue 1,2425,Lille,André Gomes,POR,MF,31,1993,20,16,1276,14.2,0,0,0,0,0,0,3,0,0.0,0.0,0.0,0.0,0.0,14.2,0,25,12,0,10,5,13,,,0,0,11,3,27.3,0.78,0.21,0.0,0.0,0,0
FRA-Ligue 1,2425,Lille,Angel Gomes,ENG,MF,23,2000,14,10,736,8.2,1,1,2,1,0,1,1,0,0.12,0.12,0.24,0.12,0.24,8.2,0,4,11,0,10,0,6,,,0,1,9,3,33.3,1.1,0.37,0.11,0.33,0,1
FRA-Ligue 1,2425,Lille,Ayyoub Bouaddi,MAR,MF,16,2007,24,11,1151,12.8,0,1,1,0,0,0,2,0,0.0,0.08,0.08,0.0,0.08,12.8,0,18,9,0,3,12,32,,,0,0,3,1,33.3,0.23,0.08,0.0,0.0,0,0
FRA-Ligue 1,2425,Lille,Aïssa Mandi,ALG,DF,32,1991,24,20,1733,19.3,0,0,0,0,0,0,3,0,0.0,0.0,0.0,0.0,0.0,19.3,0,7,9,1,10,14,18,,,0,0,6,2,33.3,0.31,0.1,0.0,0.0,0,0
FRA-Ligue 1,2425,Lille,Bafodé Diakité,FRA,DF,23,2001,31,31,2766,30.7,4,1,5,4,0,0,8,1,0.13,0.03,0.16,0.13,0.16,30.7,1,44,17,1,4,26,19,,,0,4,16,7,43.8,0.52,0.23,0.25,0.57,0,0
FRA-Ligue 1,2425,Lille,Benjamin André,FRA,MF,33,1990,30,30,2692,29.9,0,3,3,0,0,0,12,0,0.0,0.1,0.1,0.0,0.1,29.9,0,50,49,3,17,49,58,,,0,0,16,4,25.0,0.53,0.13,0.0,0.0,0,0
FRA-Ligue 1,2425,Lille,Chuba Akpom,ENG,FW,28,1995,14,6,639,7.1,3,1,4,2,1,2,0,0,0.42,0.14,0.56,0.28,0.42,7.1,0,11,15,2,1,0,5,,,0,3,20,11,55.0,2.82,1.55,0.1,0.18,1,2
FRA-Ligue 1,2425,Lille,Edon Zhegrova,KVX,MF,25,1999,12,12,978,10.9,4,1,5,4,0,0,1,0,0.37,0.09,0.46,0.37,0.46,10.9,0,10,11,5,58,4,2,,,0,4,23,9,39.1,2.12,0.83,0.17,0.44,0,0
FRA-Ligue 1,2425,Lille,Ethan Mbappé,FRA,MF,17,2006,10,1,222,2.5,0,0,0,0,0,0,3,0,0.0,0.0,0.0,0.0,0.0,2.5,0,5,1,1,14,1,2,,,0,0,11,4,36.4,4.46,1.62,0.0,0.0,0,0
FRA-Ligue 1,2425,Lille,Gabriel Gudmundsson,SWE,"DF,MF",25,1999,30,20,1785,19.8,2,0,2,2,0,0,3,0,0.1,0.0,0.1,0.1,0.1,19.8,0,30,42,5,59,17,24,,,0,2,18,5,27.8,0.91,0.25,0.11,0.4,0,0
FRA-Ligue 1,2425,Lille,Hákon Haraldsson,ISL,MF,21,2003,25,21,1755,19.5,5,3,8,5,0,0,3,0,0.26,0.15,0.41,0.26,0.41,19.5,0,19,27,3,58,8,15,,,0,5,35,13,37.1,1.79,0.67,0.14,0.38,0,0
FRA-Ligue 1,2425,Lille,Ismaily,BRA,DF,34,1990,16,10,904,10.0,0,1,1,0,0,0,4,0,0.0,0.1,0.1,0.0,0.1,10.0,0,13,6,0,16,14,17,,,0,0,10,5,50.0,1.0,0.5,0.0,0.0,0,0
FRA-Ligue 1,2425,Lille,Jonathan David,CAN,FW,24,2000,32,28,2554,28.4,16,5,21,10,6,7,4,0,0.56,0.18,0.74,0.35,0.53,28.4,0,25,36,10,4,7,9,,,0,16,73,35,47.9,2.57,1.23,0.14,0.29,6,7
FRA-Ligue 1,2425,Lille,Lucas Chevalier,FRA,GK,22,2001,34,34,3060,34.0,0,0,0,0,0,0,0,0,0.0,0.0,0.0,0.0,0.0,34.0,0,0,7,0,0,0,2,,,0,0,0,0,,0.0,0.0,,,0,0
FRA-Ligue 1,2425,Lille,Matias Fernandez-Pardo,BEL,"MF,FW",19,2005,22,12,1065,11.8,4,2,6,4,0,0,4,0,0.34,0.17,0.51,0.34,0.51,11.8,0,18,21,3,30,3,9,,,0,4,23,12,52.2,1.94,1.01,0.17,0.33,0,0
FRA-Ligue 1,2425,Lille,Mitchel Bakker,NED,"MF,DF",24,2000,24,14,1139,12.7,3,2,5,3,0,0,3,1,0.24,0.16,0.4,0.24,0.4,12.7,0,18,9,4,68,13,13,,,0,3,23,10,43.5,1.82,0.79,0.13,0.3,0,0
FRA-Ligue 1,2425,Lille,Mohamed Lamine Bayo,GUI,FW,26,1998,12,4,309,3.4,2,1,3,2,0,0,1,0,0.58,0.29,0.87,0.58,0.87,3.4,0,6,2,0,0,0,1,,,0,2,10,4,40.0,2.91,1.17,0.2,0.5,0,0
FRA-Ligue 1,2425,Lille,Nabil Bentaleb,ALG,MF,29,1994,10,3,329,3.7,1,0,1,1,0,0,0,0,0.27,0.0,0.27,0.27,0.27,3.7,0,3,1,0,6,5,3,,,0,1,5,1,20.0,1.37,0.27,0.2,1.0,0,0
FRA-Ligue 1,2425,Lille,Ngal'Ayel Mukau,COD,MF,19,2004,22,14,1190,13.2,0,1,1,0,0,0,4,0,0.0,0.08,0.08,0.0,0.08,13.2,0,19,15,0,5,17,18,,,0,0,11,2,18.2,0.83,0.15,0.0,0.0,0,0
FRA-Ligue 1,2425,Lille,Osame Sahraoui,MAR,MF,23,2001,30,10,1293,14.4,3,3,6,3,0,0,1,0,0.21,0.21,0.42,0.21,0.42,14.4,0,8,12,1,12,6,8,,,0,3,23,9,39.1,1.6,0.63,0.13,0.33,0,0
FRA-Ligue 1,2425,Lille,Ousmane Toure,FRA,DF,19,2005,1,0,6,0.1,0,0,0,0,0,0,0,0,0.0,0.0,0.0,0.0,0.0,0.1,0,0,0,0,0,1,0,,,0,0,0,0,,0.0,0.0,,,0,0
FRA-Ligue 1,2425,Lille,Rémy Cabella,FRA,MF,34,1990,23,12,1011,11.2,1,2,3,1,0,0,1,0,0.09,0.18,0.27,0.09,0.27,11.2,0,16,19,2,60,7,19,,,0,1,30,7,23.3,2.67,0.62,0.03,0.14,0,0
FRA-Ligue 1,2425,Lille,Thomas Meunier,BEL,DF,32,1991,30,21,1928,21.4,2,0,2,2,0,0,5,0,0.09,0.0,0.09,0.09,0.09,21.4,0,27,3,3,61,34,39,,,0,2,28,11,39.3,1.31,0.51,0.07,0.18,0,0
FRA-Ligue 1,2425,Lille,Tiago Santos,POR,"DF,MF",22,2002,7,4,404,4.5,0,0,0,0,0,0,1,0,0.0,0.0,0.0,0.0,0.0,4.5,0,6,10,2,19,2,7,,,0,0,8,4,50.0,1.78,0.89,0.0,0.0,0,0
FRA-Ligue 1,2425,Lille,Younes Lachaab,FRA,MF,19,2005,2,0,9,0.1,0,0,0,0,0,0,0,0,0.0,0.0,0.0,0.0,0.0,0.1,0,1,0,0,0,1,1,,,0,0,1,0,0.0,10.0,0.0,0.0,,0,0
FRA-Ligue 1,2425,Lyon,Abner,BRA,"DF,MF",24,2000,19,12,1090,12.1,1,1,2,1,0,0,1,0,0.08,0.08,0.17,0.08,0.17,12.1,0,16,4,0,31,6,20,,,0,1,7,3,42.9,0.58,0.25,0.14,0.33,0,0
FRA-Ligue 1,2425,Lyon,Adryelson,BRA,DF,26,1998,1,0,1,0.0,0,0,0,0,0,0,1,0,0.0,0.0,0.0,0.0,0.0,0.0,0,0,0,0,0,1,0,,,0,0,0,0,,0.0,0.0,,,0,0
FRA-Ligue 1,2425,Lyon,Ainsley Maitland-Niles,ENG,"DF,MF",26,1997,32,20,1985,22.1,1,4,5,1,0,0,1,0,0.05,0.18,0.23,0.05,0.23,22.1,0,16,10,3,48,25,43,,,0,1,22,7,31.8,1.0,0.32,0.05,0.14,0,0
FRA-Ligue 1,2425,Lyon,Alejandro Rodriguez,POR,FW,16,2008,1,0,20,0.2,0,0,0,0,0,0,0,0,0.0,0.0,0.0,0.0,0.0,0.2,0,0,0,0,1,0,0,,,0,0,0,0,,0.0,0.0,,,0,0
FRA-Ligue 1,2425,Lyon,Alexandre Lacazette,FRA,FW,33,1991,30,24,2051,22.8,15,2,17,10,5,6,5,0,0.66,0.09,0.75,0.44,0.53,22.8,0,48,33,20,17,8,6,,,0,15,59,37,62.7,2.59,1.62,0.17,0.27,5,6
FRA-Ligue 1,2425,Lyon,Clinton Mata,ANG,DF,31,1992,29,27,2370,26.3,0,4,4,0,0,0,6,0,0.0,0.15,0.15,0.0,0.15,26.3,0,27,34,1,39,47,29,,,0,0,5,0,0.0,0.19,0.0,0.0,,0,0
FRA-Ligue 1,2425,Lyon,Corentin Tolisso,FRA,MF,29,1994,32,27,2329,25.9,7,4,11,7,0,0,4,0,0.27,0.15,0.43,0.27,0.43,25.9,0,44,50,8,33,21,24,,,0,7,51,20,39.2,1.97,0.77,0.14,0.35,0,0
FRA-Ligue 1,2425,Lyon,Duje Ćaleta-Car,CRO,DF,27,1996,19,17,1584,17.6,1,0,1,1,0,0,8,0,0.06,0.0,0.06,0.06,0.06,17.6,0,27,9,2,1,16,12,,,0,1,11,1,9.1,0.62,0.06,0.09,1.0,0,0
FRA-Ligue 1,2425,Lyon,Ernest Nuamah,GHA,"MF,FW",20,2003,23,13,1052,11.7,3,1,4,3,0,0,2,0,0.26,0.09,0.34,0.26,0.34,11.7,0,18,11,7,30,8,11,,,0,3,28,13,46.4,2.4,1.11,0.11,0.23,0,0
FRA-Ligue 1,2425,Lyon,Georges Mikautadze,GEO,"FW,MF",23,2000,34,13,1449,16.1,11,6,17,8,3,4,2,0,0.68,0.37,1.06,0.5,0.87,16.1,0,7,23,3,9,4,6,,,0,11,56,26,46.4,3.48,1.61,0.14,0.31,3,4
FRA-Ligue 1,2425,Lyon,Gift Orban,NGA,FW,22,2002,3,2,186,2.1,2,0,2,2,0,0,1,0,0.97,0.0,0.97,0.97,0.97,2.1,0,5,1,4,1,0,0,,,0,2,4,3,75.0,1.94,1.45,0.5,0.67,0,0
FRA-Ligue 1,2425,Lyon,Jordan Veretout,FRA,MF,31,1993,27,19,1553,17.3,2,0,2,2,0,0,3,0,0.12,0.0,0.12,0.12,0.12,17.3,0,23,11,0,26,6,14,,,0,2,21,9,42.9,1.22,0.52,0.1,0.22,0,0
FRA-Ligue 1,2425,Lyon,Lucas Perri,BRA,GK,26,1997,33,33,2970,33.0,0,0,0,0,0,0,1,0,0.0,0.0,0.0,0.0,0.0,33.0,0,1,4,0,0,0,0,,,0,0,0,0,,0.0,0.0,,,0,0
FRA-Ligue 1,2425,Lyon,Mahamadou Diawara,FRA,MF,19,2005,2,0,16,0.2,0,0,0,0,0,0,0,0,0.0,0.0,0.0,0.0,0.0,0.2,0,1,0,0,0,0,0,,,0,0,0,0,,0.0,0.0,,,0,0
FRA-Ligue 1,2425,Lyon,Malick Fofana,BEL,"FW,MF",19,2005,29,16,1589,17.7,5,4,9,5,0,0,2,0,0.28,0.23,0.51,0.28,0.51,17.7,0,13,36,10,71,8,12,,,0,5,31,15,48.4,1.76,0.85,0.16,0.33,0,0
FRA-Ligue 1,2425,Lyon,Mama Samba Baldé,GNB,"FW,MF",28,1995,2,0,33,0.4,0,0,0,0,0,0,0,0,0.0,0.0,0.0,0.0,0.0,0.4,0,1,1,0,0,0,2,,,0,0,1,0,0.0,2.73,0.0,0.0,,0,0
FRA-Ligue 1,2425,Lyon,Maxence Caqueret,FRA,MF,24,2000,9,6,573,6.4,0,0,0,0,0,0,1,0,0.0,0.0,0.0,0.0,0.0,6.4,0,4,6,1,6,8,11,,,0,0,7,1,14.3,1.1,0.16,0.0,0.0,0,0
FRA-Ligue 1,2425,Lyon,Moussa Niakhaté,SEN,DF,28,1996,31,30,2726,30.3,0,0,0,0,0,0,2,0,0.0,0.0,0.0,0.0,0.0,30.3,0,34,16,1,5,25,27,,,0,0,2,1,50.0,0.07,0.03,0.0,0.0,0,0
FRA-Ligue 1,2425,Lyon,Nemanja Matić,SRB,MF,35,1988,29,25,2010,22.3,0,1,1,0,0,0,1,0,0.0,0.04,0.04,0.0,0.04,22.3,0,13,7,0,9,17,30,,,0,0,2,1,50.0,0.09,0.04,0.0,0.0,0,0
FRA-Ligue 1,2425,Lyon,Nicolás Tagliafico,ARG,DF,31,1992,24,22,1902,21.1,3,1,4,3,0,0,7,0,0.14,0.05,0.19,0.14,0.19,21.1,0,41,28,1,38,32,39,,,0,3,28,7,25.0,1.32,0.33,0.11,0.43,0,0
FRA-Ligue 1,2425,Lyon,Orel Mangala,BEL,MF,26,1998,1,1,67,0.7,0,0,0,0,0,0,0,0,0.0,0.0,0.0,0.0,0.0,0.7,0,0,0,0,1,0,0,,,0,0,1,0,0.0,1.34,0.0,0.0,,0,0
FRA-Ligue 1,2425,Lyon,Paul Akouokou,CIV,MF,26,1997,2,0,19,0.2,0,0,0,0,0,0,1,0,0.0,0.0,0.0,0.0,0.0,0.2,0,3,0,0,0,1,0,,,0,0,0,0,,0.0,0.0,,,0,0
FRA-Ligue 1,2425,Lyon,Rayan Cherki,FRA,"MF,FW",20,2003,30,22,2041,22.7,8,11,19,8,0,0,3,0,0.35,0.49,0.84,0.35,0.84,22.7,0,16,34,3,118,7,13,,,0,8,45,19,42.2,1.98,0.84,0.18,0.42,0,0
FRA-Ligue 1,2425,Lyon,Rémy Descamps,FRA,GK,28,1996,1,1,90,1.0,0,0,0,0,0,0,0,0,0.0,0.0,0.0,0.0,0.0,1.0,0,0,0,0,0,0,0,,,0,0,0,0,,0.0,0.0,,,0,0
FRA-Ligue 1,2425,Lyon,Sael Kumbedi,FRA,DF,19,2005,14,12,951,10.6,0,0,0,0,0,0,2,0,0.0,0.0,0.0,0.0,0.0,10.6,0,17,10,0,14,7,15,,,0,0,4,2,50.0,0.38,0.19,0.0,0.0,0,0
FRA-Ligue 1,2425,Lyon,Saïd Benrahma,ALG,"FW,MF",28,1995,13,9,735,8.2,1,3,4,1,0,0,0,0,0.12,0.37,0.49,0.12,0.49,8.2,0,6,6,6,43,3,6,,,0,1,17,4,23.5,2.08,0.49,0.06,0.25,0,0
FRA-Ligue 1,2425,Lyon,Tanner Tessmann,USA,MF,22,2001,25,13,1234,13.7,1,0,1,1,0,0,3,0,0.07,0.0,0.07,0.07,0.07,13.7,0,14,14,0,14,19,15,,,0,1,18,10,55.6,1.31,0.73,0.06,0.1,0,0
FRA-Ligue 1,2425,Lyon,Thiago Almada,ARG,MF,23,2001,16,9,951,10.6,1,4,5,1,0,0,3,0,0.09,0.38,0.47,0.09,0.47,10.6,0,10,8,1,46,7,9,,,0,1,23,5,21.7,2.18,0.47,0.04,0.2,0,0
FRA-Ligue 1,2425,Lyon,Téo Barisic,CRO,DF,19,2004,1,0,2,0.0,0,0,0,0,0,0,0,0,0.0,0.0,0.0,0.0,0.0,0.0,0,0,0,0,0,0,0,,,0,0,0,0,,0.0,0.0,,,0,0
FRA-Ligue 1,2425,Lyon,Warmed Omari,COM,DF,24,2000,1,0,8,0.1,0,0,0,0,0,0,0,0,0.0,0.0,0.0,0.0,0.0,0.1,0,0,0,0,0,0,0,,,0,0,0,0,,0.0,0.0,,,0,0
FRA-Ligue 1,2425,Lyon,Wilfried Zaha,CIV,FW,31,1992,4,1,73,0.8,0,0,0,0,0,0,0,0,0.0,0.0,0.0,0.0,0.0,0.8,0,2,2,0,0,1,1,,,0,0,1,1,100.0,1.23,1.23,0.0,0.0,0,0
FRA-Ligue 1,2425,Marseille,Adrien Rabiot,FRA,MF,29,1995,29,27,2485,27.6,9,4,13,9,0,0,4,0,0.33,0.14,0.47,0.33,0.47,27.6,0,53,33,12,40,20,31,,,0,9,48,24,50.0,1.74,0.87,0.19,0.38,0,0
FRA-Ligue 1,2425,Marseille,Amar Dedić,BIH,MF,21,2002,10,2,314,3.5,0,1,1,0,0,0,1,0,0.0,0.29,0.29,0.0,0.29,3.5,0,7,2,0,5,3,4,,,0,0,6,2,33.3,1.72,0.57,0.0,0.0,0,0
FRA-Ligue 1,2425,Marseille,Amine Gouiri,ALG,FW,24,2000,14,12,1048,11.6,10,3,13,10,0,0,0,0,0.86,0.26,1.12,0.86,1.12,11.6,0,11,7,5,57,1,5,,,0,10,51,25,49.0,4.38,2.15,0.2,0.4,0,0
FRA-Ligue 1,2425,Marseille,Amine Harit,MAR,MF,27,1997,13,8,519,5.8,2,4,6,2,0,0,1,1,0.35,0.69,1.04,0.35,1.04,5.8,0,6,15,0,7,3,7,,,0,2,8,5,62.5,1.39,0.87,0.25,0.4,0,0
FRA-Ligue 1,2425,Marseille,Bamo Meïté,CIV,DF,22,2001,3,0,26,0.3,0,0,0,0,0,0,0,0,0.0,0.0,0.0,0.0,0.0,0.3,0,1,1,0,0,0,0,,,0,0,0,0,,0.0,0.0,,,0,0
FRA-Ligue 1,2425,Marseille,Bilal Nadir,MAR,MF,20,2003,15,5,383,4.3,1,0,1,1,0,0,2,0,0.23,0.0,0.23,0.23,0.23,4.3,0,4,11,0,6,4,3,,,0,1,8,3,37.5,1.88,0.7,0.13,0.33,0,0
FRA-Ligue 1,2425,Marseille,Darryl Bakola,FRA,MF,16,2007,2,0,14,0.2,0,0,0,0,0,0,1,0,0.0,0.0,0.0,0.0,0.0,0.2,0,3,0,0,0,0,1,,,0,0,0,0,,0.0,0.0,,,0,0
FRA-Ligue 1,2425,Marseille,Derek Cornelius,CAN,DF,26,1997,21,17,1420,15.8,0,0,0,0,0,0,9,2,0.0,0.0,0.0,0.0,0.0,15.8,2,25,14,0,4,13,17,,,0,0,9,1,11.1,0.57,0.06,0.0,0.0,0,0
FRA-Ligue 1,2425,Marseille,Elye Wahi,CIV,FW,21,2003,13,7,574,6.4,3,1,4,2,1,1,1,0,0.47,0.16,0.63,0.31,0.47,6.4,0,17,8,10,2,1,0,,,0,3,17,11,64.7,2.67,1.72,0.12,0.18,1,1
FRA-Ligue 1,2425,Marseille,Emmanuel Koum Mbondo,FRA,FW,18,2006,1,0,12,0.1,0,0,0,0,0,0,0,0,0.0,0.0,0.0,0.0,0.0,0.1,0,0,0,0,0,0,0,,,0,0,0,0,,0.0,0.0,,,0,0
FRA-Ligue 1,2425,Marseille,Enzo Sternal,FRA,FW,17,2007,2,0,24,0.3,0,0,0,0,0,0,1,0,0.0,0.0,0.0,0.0,0.0,0.3,0,0,0,0,0,0,0,,,0,0,0,0,,0.0,0.0,,,0,0
FRA-Ligue 1,2425,Marseille,Faris Pemi Moumbagna,CMR,FW,24,2000,1,0,8,0.1,0,0,0,0,0,0,0,0,0.0,0.0,0.0,0.0,0.0,0.1,0,1,0,0,0,0,0,,,0,0,0,0,,0.0,0.0,,,0,0
FRA-Ligue 1,2425,Marseille,Geoffrey Kondogbia,CTA,"DF,MF",31,1993,25,22,2020,22.4,0,0,0,0,0,0,1,0,0.0,0.0,0.0,0.0,0.0,22.4,0,19,17,1,4,22,39,,,0,0,8,1,12.5,0.36,0.04,0.0,0.0,0,0
FRA-Ligue 1,2425,Marseille,Gerónimo Rulli,ARG,GK,32,1992,34,34,3060,34.0,0,0,0,0,0,0,1,0,0.0,0.0,0.0,0.0,0.0,34.0,0,2,11,0,0,1,3,,,0,0,0,0,,0.0,0.0,,,0,0
FRA-Ligue 1,2425,Marseille,Ismaël Bennacer,ALG,MF,26,1997,12,8,646,7.2,0,2,2,0,0,0,2,0,0.0,0.28,0.28,0.0,0.28,7.2,0,19,11,0,28,10,10,,,0,0,3,0,0.0,0.42,0.0,0.0,,0,0
FRA-Ligue 1,2425,Marseille,Ismaël Koné,CAN,MF,22,2002,8,3,360,4.0,0,0,0,0,0,0,0,0,0.0,0.0,0.0,0.0,0.0,4.0,0,4,11,1,3,4,5,,,0,0,4,1,25.0,1.0,0.25,0.0,0.0,0,0
FRA-Ligue 1,2425,Marseille,Jonathan Rowe,ENG,"MF,FW",21,2003,28,6,807,9.0,3,3,6,3,0,0,2,0,0.33,0.33,0.67,0.33,0.67,9.0,0,14,26,6,28,2,11,,,0,3,36,15,41.7,4.01,1.67,0.08,0.2,0,0
FRA-Ligue 1,2425,Marseille,Keyliane Abdallah,FRA,FW,18,2006,1,0,3,0.0,0,0,0,0,0,0,0,0,0.0,0.0,0.0,0.0,0.0,0.0,0,0,0,0,0,0,1,,,0,0,0,0,,0.0,0.0,,,0,0
FRA-Ligue 1,2425,Marseille,Leonardo Balerdi,ARG,DF,25,1999,27,27,2273,25.3,0,0,0,0,0,0,9,1,0.0,0.0,0.0,0.0,0.0,25.3,1,28,20,0,2,38,38,,,1,0,15,2,13.3,0.59,0.08,0.0,0.0,0,0
FRA-Ligue 1,2425,Marseille,Lilian Brassier,FRA,DF,24,1999,12,9,779,8.7,0,0,0,0,0,0,3,0,0.0,0.0,0.0,0.0,0.0,8.7,0,7,3,0,5,8,6,,,0,0,5,1,20.0,0.58,0.12,0.0,0.0,0,0
FRA-Ligue 1,2425,Marseille,Luis Henrique,BRA,MF,22,2001,33,29,2613,29.0,7,7,14,7,0,0,0,0,0.24,0.24,0.48,0.24,0.48,29.0,0,8,8,9,97,10,9,,,0,7,30,14,46.7,1.03,0.48,0.23,0.5,0,0
FRA-Ligue 1,2425,Marseille,Luiz Felipe,ITA,DF,27,1997,4,2,122,1.4,0,0,0,0,0,0,1,0,0.0,0.0,0.0,0.0,0.0,1.4,0,1,0,0,0,3,3,,,0,0,0,0,,0.0,0.0,,,0,0
FRA-Ligue 1,2425,Marseille,Mason Greenwood,ENG,"MF,FW",22,2001,34,32,2804,31.2,21,5,26,14,7,9,3,0,0.67,0.16,0.83,0.45,0.61,31.2,0,24,36,2,110,11,18,,,0,21,120,57,47.5,3.85,1.83,0.12,0.25,7,9
FRA-Ligue 1,2425,Marseille,Michael Amir Murillo,PAN,DF,28,1996,30,27,2437,27.1,1,3,4,1,0,0,3,0,0.04,0.11,0.15,0.04,0.15,27.1,0,29,26,1,37,18,31,,,0,1,13,4,30.8,0.48,0.15,0.08,0.25,0,0
FRA-Ligue 1,2425,Marseille,Neal Maupay,FRA,FW,27,1996,22,13,1042,11.6,4,4,8,4,0,0,3,1,0.35,0.35,0.69,0.35,0.69,11.6,1,10,17,2,1,1,4,,,0,4,19,10,52.6,1.64,0.86,0.21,0.4,0,0
FRA-Ligue 1,2425,Marseille,Pierre Højbjerg,DEN,MF,28,1995,30,30,2664,29.6,2,4,6,2,0,0,5,0,0.07,0.14,0.2,0.07,0.2,29.6,0,30,39,0,19,42,45,,,0,2,33,8,24.2,1.11,0.27,0.06,0.25,0,0
FRA-Ligue 1,2425,Marseille,Pol Lirola,ESP,DF,26,1997,19,5,680,7.6,1,2,3,1,0,0,1,1,0.13,0.26,0.4,0.13,0.4,7.6,0,9,9,0,14,4,9,,,1,1,6,1,16.7,0.79,0.13,0.17,1.0,0,0
FRA-Ligue 1,2425,Marseille,Quentin Merlin,FRA,"MF,DF",22,2002,27,21,1589,17.7,1,3,4,1,0,0,1,0,0.06,0.17,0.23,0.06,0.23,17.7,0,11,17,2,93,14,17,,,0,1,26,10,38.5,1.47,0.57,0.04,0.1,0,0
FRA-Ligue 1,2425,Marseille,Robinio Vaz,FRA,FW,17,2007,2,0,75,0.8,0,0,0,0,0,0,1,0,0.0,0.0,0.0,0.0,0.0,0.8,0,1,4,0,1,0,1,,,0,0,2,0,0.0,2.4,0.0,0.0,,0,0
FRA-Ligue 1,2425,Marseille,Ulisses Garcia,SUI,"DF,MF",28,1996,20,10,930,10.3,2,2,4,2,0,0,2,0,0.19,0.19,0.39,0.19,0.39,10.3,0,8,9,2,35,8,11,,,0,2,8,2,25.0,0.77,0.19,0.25,1.0,0,0
FRA-Ligue 1,2425,Marseille,Valentin Carboni,ARG,MF,19,2005,4,1,103,1.1,0,0,0,0,0,0,1,0,0.0,0.0,0.0,0.0,0.0,1.1,0,5,1,0,2,1,2,,,0,0,2,1,50.0,1.75,0.87,0.0,0.0,0,0
FRA-Ligue 1,2425,Marseille,Valentin Rongier,FRA,"MF,DF",29,1994,25,17,1562,17.4,3,1,4,3,0,0,5,0,0.17,0.06,0.23,0.17,0.23,17.4,0,37,14,0,7,32,29,,,0,3,14,7,50.0,0.81,0.4,0.21,0.43,0,0
FRA-Ligue 1,2425,Monaco,Al-Musrati,LBY,MF,28,1996,10,3,386,4.3,1,1,2,1,0,0,0,0,0.23,0.23,0.47,0.23,0.47,4.3,0,5,3,0,0,5,11,,,0,1,11,3,27.3,2.56,0.7,0.09,0.33,0,0
FRA-Ligue 1,2425,Monaco,Aleksandr Golovin,RUS,MF,28,1996,19,13,1153,12.8,3,0,3,3,0,0,1,0,0.23,0.0,0.23,0.23,0.23,12.8,0,25,20,1,24,12,23,,,0,3,24,9,37.5,1.87,0.7,0.13,0.33,0,0
FRA-Ligue 1,2425,Monaco,Breel Embolo,SUI,"FW,MF",27,1997,29,19,1841,20.5,6,4,10,6,0,0,5,0,0.29,0.2,0.49,0.29,0.49,20.5,0,27,43,11,6,4,17,,,0,6,50,19,38.0,2.44,0.93,0.12,0.32,0,0
FRA-Ligue 1,2425,Monaco,Caio Henrique,BRA,DF,27,1997,27,21,1929,21.4,0,6,6,0,0,0,3,0,0.0,0.28,0.28,0.0,0.28,21.4,0,16,20,4,124,24,29,,,0,0,4,1,25.0,0.19,0.05,0.0,0.0,0,0
FRA-Ligue 1,2425,Monaco,Christian Mawissa,FRA,DF,19,2005,22,17,1501,16.7,0,0,0,0,0,0,3,0,0.0,0.0,0.0,0.0,0.0,16.7,0,19,7,0,3,26,30,,,0,0,1,1,100.0,0.06,0.06,0.0,0.0,0,0
FRA-Ligue 1,2425,Monaco,Denis Zakaria,SUI,MF,27,1996,26,24,2144,23.8,6,4,10,4,2,2,5,0,0.25,0.17,0.42,0.17,0.34,23.8,0,32,21,1,7,37,25,,,0,6,31,11,35.5,1.3,0.46,0.13,0.36,2,2
FRA-Ligue 1,2425,Monaco,Eliesse Ben Seghir,MAR,MF,19,2005,33,19,1750,19.4,6,3,9,4,2,2,0,0,0.31,0.15,0.46,0.21,0.36,19.4,0,25,56,2,50,13,22,,,0,6,61,22,36.1,3.14,1.13,0.07,0.18,2,2
FRA-Ligue 1,2425,Monaco,Eliot Matazo,BEL,MF,22,2002,3,1,68,0.8,0,0,0,0,0,0,0,0,0.0,0.0,0.0,0.0,0.0,0.8,0,0,1,0,0,1,2,,,0,0,0,0,,0.0,0.0,,,0,0
FRA-Ligue 1,2425,Monaco,Folarin Balogun,USA,FW,23,2001,13,7,615,6.8,4,0,4,4,0,0,0,0,0.59,0.0,0.59,0.59,0.59,6.8,0,7,9,8,5,1,1,,,0,4,31,10,32.3,4.54,1.46,0.13,0.4,0,0
FRA-Ligue 1,2425,Monaco,George Ilenikhena,NGA,FW,17,2006,23,6,717,8.0,3,2,5,3,0,0,0,0,0.38,0.25,0.63,0.38,0.63,8.0,0,14,10,9,0,2,2,,,0,3,21,9,42.9,2.64,1.13,0.14,0.33,0,0
FRA-Ligue 1,2425,Monaco,Ismail Jakobs,SEN,DF,24,1999,2,2,180,2.0,0,0,0,0,0,0,0,0,0.0,0.0,0.0,0.0,0.0,2.0,0,1,3,0,14,2,5,,,0,0,0,0,,0.0,0.0,,,0,0
FRA-Ligue 1,2425,Monaco,Jordan Teze,NED,"DF,MF",24,1999,16,8,569,6.3,1,0,1,1,0,0,2,1,0.16,0.0,0.16,0.16,0.16,6.3,0,10,3,1,12,6,10,,,0,1,5,2,40.0,0.79,0.32,0.2,0.5,0,0
FRA-Ligue 1,2425,Monaco,Kassoum Ouattara,FRA,"MF,DF",19,2004,12,5,391,4.3,0,1,1,0,0,0,2,0,0.0,0.23,0.23,0.0,0.23,4.3,0,10,2,0,17,5,7,,,0,0,2,1,50.0,0.46,0.23,0.0,0.0,0,0
FRA-Ligue 1,2425,Monaco,Krépin Diatta,SEN,"DF,MF",25,1999,19,3,508,5.6,0,0,0,0,0,0,3,0,0.0,0.0,0.0,0.0,0.0,5.6,0,14,7,2,15,9,12,,,0,0,2,1,50.0,0.35,0.18,0.0,0.0,0,0
FRA-Ligue 1,2425,Monaco,Lamine Camara,SEN,MF,20,2004,29,25,2054,22.8,2,7,9,2,0,0,10,1,0.09,0.31,0.39,0.09,0.39,22.8,1,45,40,0,118,30,40,,,0,2,26,9,34.6,1.14,0.39,0.08,0.22,0,0
FRA-Ligue 1,2425,Monaco,Lucas Michal,FRA,FW,19,2005,8,0,117,1.3,0,0,0,0,0,0,0,0,0.0,0.0,0.0,0.0,0.0,1.3,0,5,4,0,2,1,3,,,0,0,3,1,33.3,2.31,0.77,0.0,0.0,0,0
FRA-Ligue 1,2425,Monaco,Maghnes Akliouche,FRA,MF,22,2002,32,27,2406,26.7,5,10,15,4,1,1,2,0,0.19,0.37,0.56,0.15,0.52,26.7,0,31,38,8,52,15,32,,,0,5,61,18,29.5,2.28,0.67,0.07,0.22,1,1
FRA-Ligue 1,2425,Monaco,Mamadou Coulibaly,FRA,MF,20,2004,1,0,8,0.1,0,0,0,0,0,0,0,0,0.0,0.0,0.0,0.0,0.0,0.1,0,1,1,0,1,0,0,,,0,0,1,0,0.0,11.25,0.0,0.0,,0,0
FRA-Ligue 1,2425,Monaco,Mika Biereth,DEN,FW,21,2003,16,16,1228,13.6,13,2,15,12,1,2,0,0,0.95,0.15,1.1,0.88,1.03,13.6,0,19,30,6,9,4,5,,,0,13,42,24,57.1,3.08,1.76,0.29,0.5,1,2
FRA-Ligue 1,2425,Monaco,Mohammed Salisu,GHA,DF,25,1999,15,11,1023,11.4,1,0,1,1,0,0,2,0,0.09,0.0,0.09,0.09,0.09,11.4,0,9,3,1,0,18,17,,,0,1,8,5,62.5,0.7,0.44,0.13,0.2,0,0
FRA-Ligue 1,2425,Monaco,Philipp Köhn,SUI,GK,26,1998,19,19,1710,19.0,0,0,0,0,0,0,1,0,0.0,0.0,0.0,0.0,0.0,19.0,0,0,1,0,0,0,0,,,0,0,0,0,,0.0,0.0,,,0,0
FRA-Ligue 1,2425,Monaco,Radosław Majecki,POL,GK,24,1999,15,15,1350,15.0,0,0,0,0,0,0,1,0,0.0,0.0,0.0,0.0,0.0,15.0,0,0,1,0,0,0,0,,,0,0,0,0,,0.0,0.0,,,0,0
FRA-Ligue 1,2425,Monaco,Saïmon Bouabré,FRA,MF,18,2006,3,1,97,1.1,0,0,0,0,0,0,0,0,0.0,0.0,0.0,0.0,0.0,1.1,0,1,2,0,0,0,0,,,0,0,0,0,,0.0,0.0,,,0,0
FRA-Ligue 1,2425,Monaco,Soungoutou Magassa,FRA,MF,20,2003,21,12,1025,11.4,0,1,1,0,0,0,5,1,0.0,0.09,0.09,0.0,0.09,11.4,0,28,20,0,7,22,26,,,0,0,8,3,37.5,0.7,0.26,0.0,0.0,0,0
FRA-Ligue 1,2425,Monaco,Takumi Minamino,JPN,MF,29,1995,31,27,2231,24.8,6,3,9,6,0,0,4,0,0.24,0.12,0.36,0.24,0.36,24.8,0,31,22,10,23,11,18,,,0,6,57,21,36.8,2.3,0.85,0.11,0.29,0,0
FRA-Ligue 1,2425,Monaco,Thilo Kehrer,GER,DF,27,1996,27,27,2383,26.5,4,0,4,4,0,0,1,0,0.15,0.0,0.15,0.15,0.15,26.5,0,23,20,1,2,34,25,,,0,4,12,8,66.7,0.45,0.3,0.33,0.5,0,0
FRA-Ligue 1,2425,Monaco,Vanderson,BRA,DF,23,2001,29,23,2064,22.9,1,3,4,1,0,0,6,1,0.04,0.13,0.17,0.04,0.17,22.9,1,28,23,1,59,36,47,,,0,1,21,8,38.1,0.92,0.35,0.05,0.13,0,0
FRA-Ligue 1,2425,Monaco,Wilfried Singo,CIV,DF,23,2000,27,23,2096,23.3,1,2,3,1,0,0,4,0,0.04,0.09,0.13,0.04,0.13,23.3,0,36,34,3,11,44,23,,,0,1,17,5,29.4,0.73,0.21,0.06,0.2,0,0
FRA-Ligue 1,2425,Montpellier,Akor Adams,NGA,FW,24,2000,15,13,1075,11.9,3,1,4,3,0,0,2,0,0.25,0.08,0.33,0.25,0.33,11.9,0,17,8,16,5,1,3,,,0,3,26,12,46.2,2.18,1.0,0.12,0.25,0,0
FRA-Ligue 1,2425,Montpellier,Andy Delort,ALG,FW,32,1991,9,8,607,6.7,0,0,0,0,0,0,1,0,0.0,0.0,0.0,0.0,0.0,6.7,0,11,12,10,11,0,3,,,0,0,17,6,35.3,2.52,0.89,0.0,0.0,0,0
FRA-Ligue 1,2425,Montpellier,Arnaud Nordin,FRA,"MF,FW",26,1998,16,14,1166,13.0,4,1,5,3,1,2,2,0,0.31,0.08,0.39,0.23,0.31,13.0,0,13,40,1,35,5,14,,,0,4,28,13,46.4,2.16,1.0,0.11,0.23,1,2
FRA-Ligue 1,2425,Montpellier,Axel Gueguin,FRA,FW,19,2005,1,0,23,0.3,0,0,0,0,0,0,0,0,0.0,0.0,0.0,0.0,0.0,0.3,0,4,0,0,1,0,1,,,0,0,0,0,,0.0,0.0,,,0,0
FRA-Ligue 1,2425,Montpellier,Bamo Meïté,CIV,DF,22,2001,7,6,424,4.7,0,0,0,0,0,0,2,1,0.0,0.0,0.0,0.0,0.0,4.7,0,8,4,0,0,5,3,,,0,0,1,0,0.0,0.21,0.0,0.0,,0,0
FRA-Ligue 1,2425,Montpellier,Becir Omeragic,SUI,DF,22,2002,22,21,1799,20.0,0,0,0,0,0,0,1,0,0.0,0.0,0.0,0.0,0.0,20.0,0,13,10,0,7,15,16,,,0,0,7,3,42.9,0.35,0.15,0.0,0.0,0,0
FRA-Ligue 1,2425,Montpellier,Benjamin Lecomte,FRA,GK,33,1991,30,30,2700,30.0,0,0,0,0,0,0,0,0,0.0,0.0,0.0,0.0,0.0,30.0,0,0,2,0,0,0,0,,,1,0,0,0,,0.0,0.0,,,0,0
FRA-Ligue 1,2425,Montpellier,Birama Touré,MLI,"MF,DF",32,1992,8,2,300,3.3,0,0,0,0,0,0,2,0,0.0,0.0,0.0,0.0,0.0,3.3,0,2,5,0,0,5,5,,,0,0,3,1,33.3,0.9,0.3,0.0,0.0,0,0
FRA-Ligue 1,2425,Montpellier,Boubakar Kouyaté,MLI,DF,27,1997,11,8,756,8.4,0,0,0,0,0,0,6,1,0.0,0.0,0.0,0.0,0.0,8.4,1,15,8,4,0,11,17,,,0,0,8,0,0.0,0.95,0.0,0.0,,0,0
FRA-Ligue 1,2425,Montpellier,Dimitry Bertaud,COD,GK,26,1998,4,4,360,4.0,0,0,0,0,0,0,0,0,0.0,0.0,0.0,0.0,0.0,4.0,0,0,0,0,0,0,0,,,0,0,0,0,,0.0,0.0,,,0,0
FRA-Ligue 1,2425,Montpellier,Enzo Tchato,CMR,"DF,MF",21,2002,27,21,1899,21.1,0,0,0,0,0,0,3,0,0.0,0.0,0.0,0.0,0.0,21.1,0,21,16,2,78,20,28,,,0,0,4,2,50.0,0.19,0.09,0.0,0.0,0,0
FRA-Ligue 1,2425,Montpellier,Falaye Sacko,MLI,DF,29,1995,16,14,1233,13.7,0,1,1,0,0,0,1,0,0.0,0.07,0.07,0.0,0.07,13.7,0,15,6,1,12,13,8,,,0,0,0,0,,0.0,0.0,,,0,0
FRA-Ligue 1,2425,Montpellier,Gabriel Bares,SUI,MF,23,2000,6,0,56,0.6,0,0,0,0,0,0,0,0,0.0,0.0,0.0,0.0,0.0,0.6,0,0,1,0,1,1,2,,,0,0,0,0,,0.0,0.0,,,0,0
FRA-Ligue 1,2425,Montpellier,Issiaga Sylla,GUI,"DF,MF",30,1994,19,15,1156,12.8,1,0,1,1,0,0,2,0,0.08,0.0,0.08,0.08,0.08,12.8,0,13,6,3,36,12,10,,,0,1,11,2,18.2,0.86,0.16,0.09,0.5,0,0
FRA-Ligue 1,2425,Montpellier,Jordan Ferri,FRA,MF,32,1992,25,21,1773,19.7,0,2,2,0,0,0,6,1,0.0,0.1,0.1,0.0,0.1,19.7,0,35,30,0,25,9,24,,,0,0,13,3,23.1,0.66,0.15,0.0,0.0,0,0
FRA-Ligue 1,2425,Montpellier,Joris Chotard,FRA,MF,22,2001,26,23,1892,21.0,1,0,1,1,0,0,5,0,0.05,0.0,0.05,0.05,0.05,21.0,0,16,10,1,31,19,29,,,0,1,19,3,15.8,0.9,0.14,0.05,0.33,0,0
FRA-Ligue 1,2425,Montpellier,Junior Ndiaye,UAE,FW,19,2005,15,4,441,4.9,0,0,0,0,0,0,0,0,0.0,0.0,0.0,0.0,0.0,4.9,0,9,11,4,2,0,2,,,0,0,5,2,40.0,1.02,0.41,0.0,0.0,0,0
FRA-Ligue 1,2425,Montpellier,Khalil Fayad,FRA,"MF,FW",20,2004,20,10,1028,11.4,0,0,0,0,0,0,5,0,0.0,0.0,0.0,0.0,0.0,11.4,0,21,27,1,20,10,16,,,1,0,17,4,23.5,1.49,0.35,0.0,0.0,0,0
FRA-Ligue 1,2425,Montpellier,Lucas Mincarelli,FRA,DF,20,2004,10,8,715,7.9,1,0,1,1,0,0,0,0,0.13,0.0,0.13,0.13,0.13,7.9,0,5,5,0,21,10,11,,,0,1,7,2,28.6,0.88,0.25,0.14,0.5,0,0
FRA-Ligue 1,2425,Montpellier,Modibo Sagnan,MLI,DF,25,1999,27,24,2141,23.8,2,0,2,2,0,0,10,0,0.08,0.0,0.08,0.08,0.08,23.8,0,33,12,1,1,31,35,,,0,2,11,4,36.4,0.46,0.17,0.18,0.5,0,0
FRA-Ligue 1,2425,Montpellier,Musa Al-Taamari,JOR,"MF,FW",27,1997,15,12,1116,12.4,2,1,3,2,0,0,3,0,0.16,0.08,0.24,0.16,0.24,12.4,0,7,26,3,13,3,10,,,0,2,27,11,40.7,2.18,0.89,0.07,0.18,0,0
FRA-Ligue 1,2425,Montpellier,Nicolas Pays,FRA,"MF,FW",20,2003,9,4,447,5.0,0,0,0,0,0,0,0,0,0.0,0.0,0.0,0.0,0.0,5.0,0,2,6,0,17,4,6,,,0,0,11,1,9.1,2.21,0.2,0.0,0.0,0,0
FRA-Ligue 1,2425,Montpellier,Nikola Maksimović,SRB,DF,32,1991,7,7,581,6.5,0,0,0,0,0,0,2,0,0.0,0.0,0.0,0.0,0.0,6.5,0,3,5,0,0,8,5,,,0,0,1,0,0.0,0.15,0.0,0.0,,0,0
FRA-Ligue 1,2425,Montpellier,Othmane Maamma,MAR,MF,18,2005,12,2,361,4.0,1,1,2,1,0,0,1,0,0.25,0.25,0.5,0.25,0.5,4.0,0,4,8,2,12,1,1,,,0,1,10,3,30.0,2.49,0.75,0.1,0.33,0,0
FRA-Ligue 1,2425,Montpellier,Rabby Nzingoula,FRA,MF,18,2005,27,20,1689,18.8,1,0,1,1,0,0,11,0,0.05,0.0,0.05,0.05,0.05,18.8,0,37,43,2,17,29,41,,,0,1,19,6,31.6,1.01,0.32,0.05,0.17,0,0
FRA-Ligue 1,2425,Montpellier,Simon Cara,FRA,FW,19,2005,2,0,9,0.1,0,0,0,0,0,0,0,0,0.0,0.0,0.0,0.0,0.0,0.1,0,0,0,0,0,0,0,,,0,0,0,0,,0.0,0.0,,,0,0
FRA-Ligue 1,2425,Montpellier,Stefan Džodić,SRB,DF,19,2005,7,2,242,2.7,0,0,0,0,0,0,2,1,0.0,0.0,0.0,0.0,0.0,2.7,0,4,2,0,0,4,4,,,0,0,3,0,0.0,1.12,0.0,0.0,,0,0
FRA-Ligue 1,2425,Montpellier,Tanguy Coulibaly,FRA,"MF,FW",23,2001,25,17,1485,16.5,3,0,3,3,0,0,4,2,0.18,0.0,0.18,0.18,0.18,16.5,1,45,21,3,21,10,25,,,0,3,30,13,43.3,1.82,0.79,0.1,0.23,0,0
FRA-Ligue 1,2425,Montpellier,Théo Chennahi,FRA,DF,19,2005,4,2,181,2.0,0,0,0,0,0,0,2,0,0.0,0.0,0.0,0.0,0.0,2.0,0,3,2,0,2,3,1,,,0,0,2,0,0.0,0.99,0.0,0.0,,0,0
FRA-Ligue 1,2425,Montpellier,Théo Sainte-Luce,FRA,DF,25,1998,16,11,1018,11.3,1,0,1,1,0,0,3,0,0.09,0.0,0.09,0.09,0.09,11.3,0,8,9,2,24,12,12,,,0,1,8,4,50.0,0.71,0.35,0.13,0.25,0,0
FRA-Ligue 1,2425,Montpellier,Téji Savanier,FRA,MF,32,1991,31,27,2363,26.3,2,5,7,0,2,2,4,1,0.08,0.19,0.27,0.0,0.19,26.3,0,22,62,1,197,14,26,,,0,2,47,17,36.2,1.79,0.65,0.0,0.0,2,2
FRA-Ligue 1,2425,Montpellier,Wahbi Khazri,TUN,"FW,MF",33,1991,30,10,1118,12.4,1,1,2,1,0,0,4,0,0.08,0.08,0.16,0.08,0.16,12.4,0,23,28,7,47,5,19,,,0,1,36,6,16.7,2.9,0.48,0.03,0.17,0,0
FRA-Ligue 1,2425,Montpellier,Wilfried Ndollo,CMR,DF,19,2005,8,3,401,4.5,0,0,0,0,0,0,0,0,0.0,0.0,0.0,0.0,0.0,4.5,0,7,8,0,6,7,5,,,1,0,0,0,,0.0,0.0,,,0,0
FRA-Ligue 1,2425,Montpellier,Yael Mouanga,FRA,DF,19,2005,14,10,946,10.5,0,0,0,0,0,0,3,0,0.0,0.0,0.0,0.0,0.0,10.5,0,10,5,1,2,10,8,,,0,0,1,0,0.0,0.1,0.0,0.0,,0,0
FRA-Ligue 1,2425,Montpellier,Yanis Issoufou,FRA,MF,17,2006,4,1,77,0.9,0,0,0,0,0,0,0,0,0.0,0.0,0.0,0.0,0.0,0.9,0,1,0,0,3,0,4,,,0,0,2,0,0.0,2.34,0.0,0.0,,0,0
FRA-Ligue 1,2425,Nantes,Alban Lafont,CIV,GK,25,1999,12,12,1080,12.0,0,0,0,0,0,0,1,0,0.0,0.0,0.0,0.0,0.0,12.0,0,0,0,0,0,0,1,,,0,0,0,0,,0.0,0.0,,,0,0
FRA-Ligue 1,2425,Nantes,Anthony Lopes,POR,GK,33,1990,18,18,1563,17.4,0,0,0,0,0,0,2,0,0.0,0.0,0.0,0.0,0.0,17.4,0,1,7,0,0,1,0,,,0,0,0,0,,0.0,0.0,,,0,0
FRA-Ligue 1,2425,Nantes,Bahereba Guirassy,FRA,MF,17,2006,19,2,348,3.9,2,0,2,2,0,0,0,0,0.52,0.0,0.52,0.52,0.52,3.9,0,2,2,0,7,2,9,,,0,2,7,4,57.1,1.81,1.03,0.29,0.5,0,0
FRA-Ligue 1,2425,Nantes,Dehmaine Assoumani,FRA,FW,19,2005,12,0,98,1.1,0,0,0,0,0,0,0,0,0.0,0.0,0.0,0.0,0.0,1.1,0,1,4,0,6,1,5,,,0,0,3,2,66.7,2.76,1.84,0.0,0.0,0,0
FRA-Ligue 1,2425,Nantes,Douglas,BRA,MF,27,1997,28,28,2307,25.6,4,2,6,4,0,0,8,0,0.16,0.08,0.23,0.16,0.23,25.6,0,42,36,0,11,32,39,,,0,4,36,15,41.7,1.4,0.59,0.11,0.27,0,0
FRA-Ligue 1,2425,Nantes,Fabien Centonze,FRA,DF,28,1996,7,3,265,2.9,0,0,0,0,0,0,0,0,0.0,0.0,0.0,0.0,0.0,2.9,0,2,2,1,11,2,4,,,0,0,0,0,,0.0,0.0,,,0,0
FRA-Ligue 1,2425,Nantes,Florent Mollet,FRA,MF,32,1991,9,3,242,2.7,0,0,0,0,0,0,1,0,0.0,0.0,0.0,0.0,0.0,2.7,0,2,3,1,13,1,2,,,0,0,6,2,33.3,2.23,0.74,0.0,0.0,0,0
FRA-Ligue 1,2425,Nantes,Francis Coquelin,FRA,MF,33,1991,6,3,224,2.5,1,1,2,1,0,0,1,0,0.4,0.4,0.8,0.4,0.8,2.5,0,7,1,0,0,6,5,,,0,1,7,1,14.3,2.81,0.4,0.14,1.0,0,0
FRA-Ligue 1,2425,Nantes,Ignatius Ganago,CMR,MF,25,1999,11,1,241,2.7,0,0,0,0,0,0,1,0,0.0,0.0,0.0,0.0,0.0,2.7,0,2,3,2,3,4,1,,,0,0,7,0,0.0,2.61,0.0,0.0,,0,0
FRA-Ligue 1,2425,Nantes,Jean-Charles Castelletto,CMR,"DF,MF",29,1995,30,30,2620,29.1,0,0,0,0,0,0,5,1,0.0,0.0,0.0,0.0,0.0,29.1,0,34,14,0,9,25,18,,,1,0,18,6,33.3,0.62,0.21,0.0,0.0,0,0
FRA-Ligue 1,2425,Nantes,Jean-Kevin Duverne,HAI,DF,27,1997,9,7,537,6.0,0,0,0,0,0,0,2,0,0.0,0.0,0.0,0.0,0.0,6.0,0,14,6,0,9,8,12,,,0,0,4,0,0.0,0.67,0.0,0.0,,0,0
FRA-Ligue 1,2425,Nantes,Jean-Philippe Gbamin,CIV,MF,28,1995,14,2,216,2.4,0,0,0,0,0,0,1,0,0.0,0.0,0.0,0.0,0.0,2.4,0,3,6,0,0,1,1,,,0,0,2,0,0.0,0.83,0.0,0.0,,0,0
FRA-Ligue 1,2425,Nantes,Johann Lepenant,FRA,MF,21,2002,29,23,2048,22.8,2,1,3,2,0,0,3,0,0.09,0.04,0.13,0.09,0.13,22.8,0,51,38,1,16,15,34,,,0,2,20,5,25.0,0.88,0.22,0.1,0.4,0,0
FRA-Ligue 1,2425,Nantes,Kelvin Amian,FRA,DF,26,1998,30,23,2165,24.1,1,0,1,1,0,0,5,0,0.04,0.0,0.04,0.04,0.04,24.1,0,23,12,1,38,13,35,,,0,1,7,4,57.1,0.29,0.17,0.14,0.25,0,0
FRA-Ligue 1,2425,Nantes,Louis Leroux,FRA,"MF,DF",18,2006,16,8,816,9.1,2,1,3,2,0,0,1,0,0.22,0.11,0.33,0.22,0.33,9.1,0,10,12,0,6,8,19,,,0,2,9,5,55.6,0.99,0.55,0.22,0.4,0,0
FRA-Ligue 1,2425,Nantes,Marcus Coco,FRA,DF,28,1996,20,10,951,10.6,0,1,1,0,0,0,3,2,0.0,0.09,0.09,0.0,0.09,10.6,0,30,17,0,29,11,22,,,0,0,2,0,0.0,0.19,0.0,0.0,,0,0
FRA-Ligue 1,2425,Nantes,Matthis Abline,FRA,FW,21,2003,34,33,2768,30.8,9,2,11,8,1,1,3,0,0.29,0.07,0.36,0.26,0.33,30.8,0,34,55,5,31,6,4,,,0,9,73,27,37.0,2.37,0.88,0.11,0.3,1,1
FRA-Ligue 1,2425,Nantes,Meschak Elia,COD,FW,26,1997,8,1,170,1.9,1,0,1,1,0,0,0,0,0.53,0.0,0.53,0.53,0.53,1.9,0,7,2,0,14,0,5,,,0,1,5,1,20.0,2.65,0.53,0.2,1.0,0,0
FRA-Ligue 1,2425,Nantes,Moses Simon,NGA,"FW,MF",29,1995,32,31,2609,29.0,8,10,18,4,4,4,2,0,0.28,0.34,0.62,0.14,0.48,29.0,0,11,50,9,223,13,13,,,0,8,44,17,38.6,1.52,0.59,0.09,0.24,4,4
FRA-Ligue 1,2425,Nantes,Mostafa Mohamed,EGY,FW,26,1997,30,11,1252,13.9,5,0,5,5,0,0,3,0,0.36,0.0,0.36,0.36,0.36,13.9,0,32,35,5,4,9,9,,,0,5,43,16,37.2,3.09,1.15,0.12,0.31,0,0
FRA-Ligue 1,2425,Nantes,Nathan Zeze,FRA,DF,19,2005,18,17,1512,16.8,0,0,0,0,0,0,6,0,0.0,0.0,0.0,0.0,0.0,16.8,0,17,17,0,1,21,24,,,0,0,6,2,33.3,0.36,0.12,0.0,0.0,0,0
FRA-Ligue 1,2425,Nantes,Nicolas Cozza,FRA,"DF,MF",25,1999,27,23,2051,22.8,1,0,1,1,0,0,3,1,0.04,0.0,0.04,0.04,0.04,22.8,0,14,12,2,27,25,40,,,0,1,17,6,35.3,0.75,0.26,0.06,0.17,0,0
FRA-Ligue 1,2425,Nantes,Nicolas Pallois,FRA,DF,36,1987,26,23,2017,22.4,0,2,2,0,0,0,9,0,0.0,0.09,0.09,0.0,0.09,22.4,0,22,11,0,7,29,27,,,1,0,3,1,33.3,0.13,0.04,0.0,0.0,0,0
FRA-Ligue 1,2425,Nantes,Patrik Carlgren,SWE,GK,32,1992,5,4,417,4.6,0,0,0,0,0,0,0,0,0.0,0.0,0.0,0.0,0.0,4.6,0,0,1,0,0,0,0,,,0,0,0,0,,0.0,0.0,,,0,0
FRA-Ligue 1,2425,Nantes,Pedro Chirivella,ESP,MF,27,1997,30,28,2348,26.1,0,2,2,0,0,0,6,0,0.0,0.08,0.08,0.0,0.08,26.1,0,25,16,0,18,21,27,,,0,0,8,2,25.0,0.31,0.08,0.0,0.0,0,0
FRA-Ligue 1,2425,Nantes,Plamedi Nsingi,,FW,23,2000,1,0,16,0.2,0,0,0,0,0,0,0,0,0.0,0.0,0.0,0.0,0.0,0.2,0,0,1,0,0,0,0,,,0,0,1,1,100.0,5.63,5.63,0.0,0.0,0,0
FRA-Ligue 1,2425,Nantes,Saidou Sow,GUI,DF,22,2002,9,9,799,8.9,1,0,1,1,0,0,1,0,0.11,0.0,0.11,0.11,0.11,8.9,0,7,5,0,0,14,11,,,0,1,5,2,40.0,0.56,0.23,0.2,0.5,0,0
FRA-Ligue 1,2425,Nantes,Sorba Thomas,WAL,"MF,DF",24,1999,25,15,1321,14.7,1,3,4,1,0,0,3,0,0.07,0.2,0.27,0.07,0.27,14.7,0,13,17,2,131,9,6,,,0,1,9,1,11.1,0.61,0.07,0.11,1.0,0,0
FRA-Ligue 1,2425,Nantes,Sékou Doucoure,FRA,DF,19,2005,2,0,12,0.1,0,0,0,0,0,0,0,0,0.0,0.0,0.0,0.0,0.0,0.1,0,0,1,0,0,0,0,,,0,0,0,0,,0.0,0.0,,,0,0
FRA-Ligue 1,2425,Nantes,Tino Kadewere,ZIM,MF,28,1996,12,6,512,5.7,1,2,3,1,0,0,1,0,0.18,0.35,0.53,0.18,0.53,5.7,0,6,3,2,2,6,10,,,0,1,8,6,75.0,1.41,1.05,0.13,0.17,0,0
FRA-Ligue 1,2425,Nice,Ali Abdi,TUN,MF,30,1993,25,17,1393,15.5,5,2,7,5,0,0,2,0,0.32,0.13,0.45,0.32,0.45,15.5,0,28,14,5,51,20,27,,,0,5,29,11,37.9,1.87,0.71,0.17,0.45,0,0
FRA-Ligue 1,2425,Nice,Amidou Doumbouya,FRA,MF,16,2007,2,0,46,0.5,0,0,0,0,0,0,0,0,0.0,0.0,0.0,0.0,0.0,0.5,0,0,0,0,2,1,1,,,0,0,0,0,,0.0,0.0,,,0,0
FRA-Ligue 1,2425,Nice,Antoine Mendy,SEN,"DF,MF",20,2004,18,8,825,9.2,0,0,0,0,0,0,2,0,0.0,0.0,0.0,0.0,0.0,9.2,0,13,9,0,6,7,20,,,0,0,9,1,11.1,0.98,0.11,0.0,0.0,0,0
FRA-Ligue 1,2425,Nice,Badredine Bouanani,ALG,"MF,FW",19,2004,26,11,1099,12.2,3,3,6,2,1,1,2,0,0.25,0.25,0.49,0.16,0.41,12.2,0,13,17,2,32,12,4,,,0,3,31,15,48.4,2.54,1.23,0.06,0.13,1,1
FRA-Ligue 1,2425,Nice,Baptiste Santamaria,FRA,MF,29,1995,13,11,927,10.3,0,0,0,0,0,0,1,0,0.0,0.0,0.0,0.0,0.0,10.3,0,17,20,0,3,17,10,,,0,0,16,3,18.8,1.55,0.29,0.0,0.0,0,0
FRA-Ligue 1,2425,Nice,Bernard Nguene,CMR,FW,17,2006,1,0,13,0.1,0,0,0,0,0,0,0,0,0.0,0.0,0.0,0.0,0.0,0.1,0,1,0,0,0,0,0,,,0,0,0,0,,0.0,0.0,,,0,0
FRA-Ligue 1,2425,Nice,Bilal Brahimi,ALG,MF,24,2000,2,1,76,0.8,0,0,0,0,0,0,0,0,0.0,0.0,0.0,0.0,0.0,0.8,0,3,0,0,5,0,0,,,0,0,1,1,100.0,1.18,1.18,0.0,0.0,0,0
FRA-Ligue 1,2425,Nice,Dante,BRA,DF,40,1983,25,21,1964,21.8,0,0,0,0,0,0,5,1,0.0,0.0,0.0,0.0,0.0,21.8,0,19,14,0,2,33,14,,,0,0,8,2,25.0,0.37,0.09,0.0,0.0,0,0
FRA-Ligue 1,2425,Nice,Evann Guessand,CIV,"MF,FW",23,2001,33,30,2565,28.5,12,8,20,12,0,0,2,0,0.42,0.28,0.7,0.42,0.7,28.5,0,45,64,10,37,15,29,,,0,12,60,27,45.0,2.11,0.95,0.2,0.44,0,0
FRA-Ligue 1,2425,Nice,Gaëtan Laborde,FRA,FW,30,1994,28,20,1829,20.3,11,4,15,7,4,4,1,0,0.54,0.2,0.74,0.34,0.54,20.3,0,28,18,8,27,7,13,,,0,11,74,26,35.1,3.64,1.28,0.09,0.27,4,4
FRA-Ligue 1,2425,Nice,Hicham Boudaoui,ALG,MF,24,1999,29,27,2435,27.1,2,3,5,2,0,0,9,0,0.07,0.11,0.18,0.07,0.18,27.1,0,41,51,3,17,24,52,,,0,2,39,19,48.7,1.44,0.7,0.05,0.11,0,0
FRA-Ligue 1,2425,Nice,Issiaga Camara,GUI,MF,19,2005,4,0,20,0.2,0,0,0,0,0,0,0,0,0.0,0.0,0.0,0.0,0.0,0.2,0,0,2,0,0,3,1,,,0,0,0,0,,0.0,0.0,,,0,0
FRA-Ligue 1,2425,Nice,Jeremie Boga,CIV,"MF,FW",27,1997,21,12,1054,11.7,1,2,3,1,0,0,0,0,0.09,0.17,0.26,0.09,0.26,11.7,0,1,17,5,21,3,5,,,0,1,29,17,58.6,2.48,1.45,0.03,0.06,0,0
FRA-Ligue 1,2425,Nice,Jonathan Clauss,FRA,"MF,DF",31,1992,28,27,2303,25.6,3,8,11,3,0,0,7,0,0.12,0.31,0.43,0.12,0.43,25.6,0,26,12,1,191,47,34,,,0,3,26,8,30.8,1.02,0.31,0.12,0.38,0,0
FRA-Ligue 1,2425,Nice,Jordan Lotomba,SUI,"DF,MF",25,1998,2,0,35,0.4,0,0,0,0,0,0,0,0,0.0,0.0,0.0,0.0,0.0,0.4,0,2,0,1,2,0,0,,,0,0,0,0,,0.0,0.0,,,0,0
FRA-Ligue 1,2425,Nice,Marcin Bułka,POL,GK,24,1999,34,34,3060,34.0,0,0,0,0,0,0,0,0,0.0,0.0,0.0,0.0,0.0,34.0,0,0,5,0,0,1,0,,,0,0,0,0,,0.0,0.0,,,0,0
FRA-Ligue 1,2425,Nice,Melvin Bard,FRA,"DF,MF",23,2000,24,22,1938,21.5,2,1,3,2,0,0,4,2,0.09,0.05,0.14,0.09,0.14,21.5,1,17,22,2,61,29,37,,,0,2,23,8,34.8,1.07,0.37,0.09,0.25,0,0
FRA-Ligue 1,2425,Nice,Mohamed Abdelmonem,EGY,DF,25,1999,12,10,855,9.5,0,0,0,0,0,0,2,0,0.0,0.0,0.0,0.0,0.0,9.5,0,9,10,0,2,15,14,,,0,0,0,0,,0.0,0.0,,,0,0
FRA-Ligue 1,2425,Nice,Mohamed Ali Cho,FRA,"FW,MF",20,2004,27,21,1621,18.0,3,4,7,3,0,0,2,0,0.17,0.22,0.39,0.17,0.39,18.0,0,12,41,9,51,5,10,,,0,3,37,15,40.5,2.05,0.83,0.08,0.2,0,0
FRA-Ligue 1,2425,Nice,Morgan Sanson,FRA,MF,29,1994,6,3,235,2.6,3,0,3,3,0,0,0,0,1.15,0.0,1.15,1.15,1.15,2.6,0,2,1,0,4,4,3,,,0,3,9,4,44.4,3.45,1.53,0.33,0.75,0,0
FRA-Ligue 1,2425,Nice,Moïse Bombito,CAN,DF,24,2000,27,25,2192,24.4,0,0,0,0,0,0,3,1,0.0,0.0,0.0,0.0,0.0,24.4,1,28,13,0,2,20,28,,,1,0,8,1,12.5,0.33,0.04,0.0,0.0,0,0
FRA-Ligue 1,2425,Nice,Pablo Rosario,DOM,"MF,DF",27,1997,29,21,1775,19.7,3,1,4,2,1,1,6,1,0.15,0.05,0.2,0.1,0.15,19.7,0,24,10,0,3,33,18,,,0,3,17,8,47.1,0.86,0.41,0.12,0.25,1,1
FRA-Ligue 1,2425,Nice,Rareş Ilie,ROU,MF,21,2003,2,0,13,0.1,0,0,0,0,0,0,0,0,0.0,0.0,0.0,0.0,0.0,0.1,0,0,0,0,3,0,1,,,0,0,1,0,0.0,6.92,0.0,0.0,,0,0
FRA-Ligue 1,2425,Nice,Sofiane Diop,MAR,"MF,FW",24,2000,28,8,1064,11.8,6,4,10,6,0,0,3,0,0.51,0.34,0.85,0.51,0.85,11.8,0,17,19,3,32,18,18,,,0,6,22,11,50.0,1.86,0.93,0.27,0.55,0,0
FRA-Ligue 1,2425,Nice,Tanguy Ndombele,FRA,MF,27,1996,18,12,1131,12.6,1,2,3,1,0,0,2,0,0.08,0.16,0.24,0.08,0.24,12.6,0,10,28,0,3,13,22,,,0,1,11,3,27.3,0.88,0.24,0.09,0.33,0,0
FRA-Ligue 1,2425,Nice,Terem Moffi,NGA,FW,25,1999,5,0,58,0.6,1,0,1,1,0,0,0,0,1.55,0.0,1.55,1.55,1.55,0.6,0,1,0,1,0,0,0,,,0,1,6,4,66.7,9.31,6.21,0.17,0.25,0,0
FRA-Ligue 1,2425,Nice,Tom Louchet,FRA,"DF,MF",21,2003,22,7,775,8.6,1,0,1,1,0,0,1,0,0.12,0.0,0.12,0.12,0.12,8.6,0,8,9,0,35,15,17,,,0,1,12,4,33.3,1.39,0.46,0.08,0.25,0,0
FRA-Ligue 1,2425,Nice,Victor Orakpo,NGA,FW,18,2006,4,0,36,0.4,0,0,0,0,0,0,0,0,0.0,0.0,0.0,0.0,0.0,0.4,0,0,2,1,0,0,0,,,0,0,2,0,0.0,5.0,0.0,0.0,,0,0
FRA-Ligue 1,2425,Nice,Yael Nandjou,FRA,DF,19,2005,3,2,154,1.7,0,0,0,0,0,0,0,0,0.0,0.0,0.0,0.0,0.0,1.7,0,6,2,0,4,4,1,,,0,0,1,0,0.0,0.58,0.0,0.0,,0,0
FRA-Ligue 1,2425,Nice,Youssouf Ndayishimiye,BDI,DF,25,1998,23,22,1932,21.5,3,0,3,3,0,0,5,0,0.14,0.0,0.14,0.14,0.14,21.5,0,19,13,0,2,20,19,,,0,3,11,4,36.4,0.51,0.19,0.27,0.75,0,0
FRA-Ligue 1,2425,Nice,Youssoufa Moukoko,GER,FW,19,2004,11,2,204,2.3,2,1,3,2,0,0,0,0,0.88,0.44,1.32,0.88,1.32,2.3,0,1,4,5,1,0,2,,,0,2,6,2,33.3,2.65,0.88,0.33,1.0,0,0
FRA-Ligue 1,2425,PSG,Achraf Hakimi,MAR,DF,25,1998,25,24,2066,23.0,4,6,10,4,0,0,4,0,0.17,0.26,0.44,0.17,0.44,23.0,0,19,25,8,80,31,35,,,0,4,32,13,40.6,1.39,0.57,0.13,0.31,0,0
FRA-Ligue 1,2425,PSG,Arnau Tenas,ESP,GK,23,2001,1,1,90,1.0,0,1,1,0,0,0,0,0,0.0,1.0,1.0,0.0,1.0,1.0,0,0,0,0,0,0,0,,,0,0,0,0,,0.0,0.0,,,0,0
FRA-Ligue 1,2425,PSG,Axel Tapé,FRA,DF,16,2007,2,2,180,2.0,0,0,0,0,0,0,1,0,0.0,0.0,0.0,0.0,0.0,2.0,0,2,3,0,0,1,2,,,0,0,1,0,0.0,0.5,0.0,0.0,,0,0
FRA-Ligue 1,2425,PSG,Bradley Barcola,FRA,FW,21,2002,34,27,2181,24.2,14,10,24,14,0,0,2,0,0.58,0.41,0.99,0.58,0.99,24.2,0,31,22,7,25,19,17,,,0,14,74,39,52.7,3.05,1.61,0.19,0.36,0,0
FRA-Ligue 1,2425,PSG,Désiré Doué,FRA,"MF,FW",19,2005,31,18,1730,19.2,6,6,12,6,0,0,1,0,0.31,0.31,0.62,0.31,0.62,19.2,0,28,44,1,78,13,31,,,0,6,55,20,36.4,2.86,1.04,0.11,0.3,0,0
FRA-Ligue 1,2425,PSG,Fabián Ruiz Peña,ESP,MF,28,1996,30,21,1923,21.4,4,5,9,4,0,0,1,0,0.19,0.23,0.42,0.19,0.42,21.4,0,6,10,5,27,16,24,,,0,4,43,12,27.9,2.01,0.56,0.09,0.33,0,0
FRA-Ligue 1,2425,PSG,Gianluigi Donnarumma,ITA,GK,25,1999,24,24,2091,23.2,0,0,0,0,0,0,2,0,0.0,0.0,0.0,0.0,0.0,23.2,0,0,3,0,0,0,1,,,0,0,0,0,,0.0,0.0,,,0,0
FRA-Ligue 1,2425,PSG,Gonçalo Ramos,POR,FW,23,2001,22,12,1066,11.8,10,3,13,8,2,3,1,0,0.84,0.25,1.1,0.68,0.93,11.8,0,8,11,9,1,0,6,,,0,10,55,32,58.2,4.64,2.7,0.15,0.25,2,3
FRA-Ligue 1,2425,PSG,Ibrahim Mbaye,SEN,FW,16,2008,9,4,340,3.8,1,1,2,1,0,0,0,0,0.26,0.26,0.53,0.26,0.53,3.8,0,6,3,1,5,2,2,,,0,1,12,7,58.3,3.18,1.85,0.08,0.14,0,0
FRA-Ligue 1,2425,PSG,João Neves,POR,"MF,DF",19,2004,29,22,1844,20.5,3,8,11,3,0,0,1,0,0.15,0.39,0.54,0.15,0.54,20.5,0,17,33,3,15,23,31,,,0,3,28,12,42.9,1.37,0.59,0.11,0.25,0,0
FRA-Ligue 1,2425,PSG,Khvicha Kvaratskhelia,GEO,FW,23,2001,14,11,916,10.2,4,3,7,4,0,0,0,0,0.39,0.29,0.69,0.39,0.69,10.2,0,12,18,0,33,2,13,,,0,4,34,15,44.1,3.34,1.47,0.12,0.27,0,0
FRA-Ligue 1,2425,PSG,Lee Kang-in,KOR,"FW,MF",23,2001,30,19,1663,18.5,6,6,12,6,0,0,1,0,0.32,0.32,0.65,0.32,0.65,18.5,0,21,28,1,94,3,18,,,0,6,41,14,34.1,2.22,0.76,0.15,0.43,0,0
FRA-Ligue 1,2425,PSG,Lucas Beraldo,BRA,DF,20,2003,25,22,2011,22.3,1,0,1,1,0,0,6,0,0.04,0.0,0.04,0.04,0.04,22.3,0,22,9,1,3,22,31,,,0,1,12,4,33.3,0.54,0.18,0.08,0.25,0,0
FRA-Ligue 1,2425,PSG,Lucas Hernández,FRA,DF,28,1996,16,10,877,9.7,0,0,0,0,0,0,2,0,0.0,0.0,0.0,0.0,0.0,9.7,0,9,9,0,2,7,18,,,1,0,3,0,0.0,0.31,0.0,0.0,,0,0
FRA-Ligue 1,2425,PSG,Marco Asensio,ESP,"FW,MF",28,1996,12,8,618,6.9,2,4,6,2,0,0,0,0,0.29,0.58,0.87,0.29,0.87,6.9,0,1,4,3,13,1,3,,,0,2,26,15,57.7,3.79,2.18,0.08,0.13,0,0
FRA-Ligue 1,2425,PSG,Marquinhos,BRA,DF,30,1994,22,19,1725,19.2,2,0,2,2,0,0,3,0,0.1,0.0,0.1,0.1,0.1,19.2,0,18,7,1,3,13,19,,,0,2,8,3,37.5,0.42,0.16,0.25,0.67,0,0
FRA-Ligue 1,2425,PSG,Matvei Safonov,RUS,GK,25,1999,10,9,879,9.8,0,0,0,0,0,0,0,0,0.0,0.0,0.0,0.0,0.0,9.8,0,0,1,0,0,1,0,,,0,0,0,0,,0.0,0.0,,,0,0
FRA-Ligue 1,2425,PSG,Milan Škriniar,SVK,DF,29,1995,5,4,382,4.2,0,0,0,0,0,0,1,0,0.0,0.0,0.0,0.0,0.0,4.2,0,4,5,1,0,3,5,,,0,0,3,0,0.0,0.71,0.0,0.0,,0,0
FRA-Ligue 1,2425,PSG,Noham Kamara,FRA,DF,17,2007,2,0,76,0.8,0,0,0,0,0,0,0,0,0.0,0.0,0.0,0.0,0.0,0.8,0,0,0,0,0,1,1,,,0,0,0,0,,0.0,0.0,,,0,0
FRA-Ligue 1,2425,PSG,Nuno Mendes,POR,DF,22,2002,24,19,1676,18.6,1,3,4,1,0,0,3,0,0.05,0.16,0.21,0.05,0.21,18.6,0,13,23,1,60,18,19,,,0,1,21,10,47.6,1.13,0.54,0.05,0.1,0,0
FRA-Ligue 1,2425,PSG,Ousmane Dembélé,FRA,FW,27,1997,29,20,1730,19.2,21,6,27,20,1,1,1,0,1.09,0.31,1.4,1.04,1.35,19.2,0,8,14,9,80,9,5,,,0,21,97,51,52.6,5.05,2.65,0.21,0.39,1,1
FRA-Ligue 1,2425,PSG,Presnel Kimpembe,FRA,DF,28,1995,2,0,23,0.3,0,0,0,0,0,0,0,0,0.0,0.0,0.0,0.0,0.0,0.3,0,0,1,0,0,0,0,,,0,0,0,0,,0.0,0.0,,,0,0
FRA-Ligue 1,2425,PSG,Randal Kolo Muani,FRA,FW,25,1998,10,2,358,4.0,2,1,3,1,1,1,0,0,0.5,0.25,0.75,0.25,0.5,4.0,0,7,7,2,0,0,4,,,0,2,16,7,43.8,4.02,1.76,0.06,0.14,1,1
FRA-Ligue 1,2425,PSG,Senny Mayulu,FRA,MF,18,2006,20,8,808,9.0,2,2,4,2,0,0,1,0,0.22,0.22,0.45,0.22,0.45,9.0,0,19,18,0,9,5,18,,,0,2,25,8,32.0,2.78,0.89,0.08,0.25,0,0
FRA-Ligue 1,2425,PSG,Vitinha,POR,MF,24,2000,29,20,2042,22.7,5,1,6,3,2,2,1,0,0.22,0.04,0.26,0.13,0.18,22.7,0,9,12,0,21,14,23,,,0,5,27,14,51.9,1.19,0.62,0.11,0.21,2,2
FRA-Ligue 1,2425,PSG,Warren Zaïre-Emery,FRA,"MF,DF",18,2006,29,23,2050,22.8,1,2,3,1,0,0,3,0,0.04,0.09,0.13,0.04,0.13,22.8,0,25,19,1,9,23,25,,,0,1,17,7,41.2,0.75,0.31,0.06,0.14,0,0
FRA-Ligue 1,2425,PSG,Willian Pacho,ECU,DF,22,2001,28,23,2132,23.7,0,1,1,0,0,0,2,0,0.0,0.04,0.04,0.0,0.04,23.7,0,20,7,0,0,41,30,,,0,0,5,1,20.0,0.21,0.04,0.0,0.0,0,0
FRA-Ligue 1,2425,PSG,Yoram Zague,FRA,DF,18,2006,4,2,183,2.0,0,0,0,0,0,0,0,0,0.0,0.0,0.0,0.0,0.0,2.0,0,2,0,0,4,2,6,,,0,0,1,1,100.0,0.49,0.49,0.0,0.0,0,0
FRA-Ligue 1,2425,Reims,Abdoul Koné,FRA,DF,19,2005,4,1,133,1.5,0,0,0,0,0,0,0,0,0.0,0.0,0.0,0.0,0.0,1.5,0,3,3,0,0,1,3,,,0,0,0,0,,0.0,0.0,,,0,0
FRA-Ligue 1,2425,Reims,Amadou Koné,MLI,MF,19,2005,24,17,1293,14.4,0,0,0,0,0,0,3,1,0.0,0.0,0.0,0.0,0.0,14.4,0,19,51,0,3,19,31,,,0,0,14,4,28.6,0.97,0.28,0.0,0.0,0,0
FRA-Ligue 1,2425,Reims,Amine Salama,FRA,FW,24,2000,17,2,373,4.1,0,0,0,0,0,0,0,0,0.0,0.0,0.0,0.0,0.0,4.1,0,2,1,5,4,1,2,,,0,0,9,3,33.3,2.17,0.72,0.0,0.0,0,0
FRA-Ligue 1,2425,Reims,Ange Martial Tia,MLI,MF,17,2006,6,2,171,1.9,0,0,0,0,0,0,0,0,0.0,0.0,0.0,0.0,0.0,1.9,0,3,1,0,3,2,3,,,0,0,4,2,50.0,2.11,1.05,0.0,0.0,0,0
FRA-Ligue 1,2425,Reims,Aurélio Buta,POR,DF,27,1997,27,24,1970,21.9,0,1,1,0,0,0,5,0,0.0,0.05,0.05,0.0,0.05,21.9,0,32,27,3,31,21,24,,,0,0,8,1,12.5,0.37,0.05,0.0,0.0,0,0
FRA-Ligue 1,2425,Reims,Cédric Kipré,CIV,DF,27,1996,28,26,2190,24.3,0,1,1,0,0,0,4,2,0.0,0.04,0.04,0.0,0.04,24.3,0,24,12,1,12,32,30,,,0,0,9,1,11.1,0.37,0.04,0.0,0.0,0,0
FRA-Ligue 1,2425,Reims,Eloge Zabi,CIV,MF,17,2006,2,0,18,0.2,0,0,0,0,0,0,0,1,0.0,0.0,0.0,0.0,0.0,0.2,0,1,0,0,0,0,0,,,0,0,0,0,,0.0,0.0,,,0,0
FRA-Ligue 1,2425,Reims,Emmanuel Agbadou,CIV,DF,27,1997,14,14,1260,14.0,0,0,0,0,0,0,3,0,0.0,0.0,0.0,0.0,0.0,14.0,0,13,6,0,1,18,17,,,0,0,15,3,20.0,1.07,0.21,0.0,0.0,0,0
FRA-Ligue 1,2425,Reims,Gabriel Moscardo,BRA,MF,18,2005,6,0,84,0.9,0,0,0,0,0,0,1,0,0.0,0.0,0.0,0.0,0.0,0.9,0,1,0,0,0,0,1,,,0,0,2,0,0.0,2.14,0.0,0.0,,0,0
FRA-Ligue 1,2425,Reims,Hafiz Ibrahim,NGA,FW,18,2005,11,2,391,4.3,0,1,1,0,0,0,2,1,0.0,0.23,0.23,0.0,0.23,4.3,1,12,2,3,1,2,2,,,0,0,7,0,0.0,1.61,0.0,0.0,,0,0
FRA-Ligue 1,2425,Reims,Hiroki Sekine,JPN,DF,21,2002,15,9,887,9.9,0,0,0,0,0,0,1,0,0.0,0.0,0.0,0.0,0.0,9.9,0,4,7,0,22,6,7,,,0,0,5,0,0.0,0.51,0.0,0.0,,0,0
FRA-Ligue 1,2425,Reims,Ike Orazi,IRL,FW,17,2007,1,0,3,0.0,0,0,0,0,0,0,0,0,0.0,0.0,0.0,0.0,0.0,0.0,0,0,0,0,0,0,0,,,0,0,0,0,,0.0,0.0,,,0,0
FRA-Ligue 1,2425,Reims,John Joe,IRL,MF,20,2003,13,5,545,6.1,0,0,0,0,0,0,0,0,0.0,0.0,0.0,0.0,0.0,6.1,0,14,13,0,5,6,15,,,0,0,8,1,12.5,1.32,0.17,0.0,0.0,0,0
FRA-Ligue 1,2425,Reims,Jordan Pefok,USA,FW,28,1996,7,6,380,4.2,1,0,1,1,0,0,0,0,0.24,0.0,0.24,0.24,0.24,4.2,0,11,8,3,1,2,2,,,0,1,11,2,18.2,2.61,0.47,0.09,0.5,0,0
FRA-Ligue 1,2425,Reims,Joseph Okumu,KEN,DF,27,1997,22,20,1695,18.8,1,0,1,1,0,0,5,1,0.05,0.0,0.05,0.05,0.05,18.8,1,15,15,0,5,26,16,,,0,1,12,2,16.7,0.64,0.11,0.08,0.5,0,0
FRA-Ligue 1,2425,Reims,Junya Itō,JPN,"MF,FW",31,1993,33,31,2690,29.9,4,3,7,4,0,0,1,0,0.13,0.1,0.23,0.13,0.23,29.9,0,14,34,10,233,12,30,,,0,4,32,11,34.4,1.07,0.37,0.13,0.36,0,0
FRA-Ligue 1,2425,Reims,Keito Nakamura,JPN,"MF,FW",24,2000,32,31,2649,29.4,11,2,13,11,0,0,5,0,0.37,0.07,0.44,0.37,0.44,29.4,0,29,8,10,54,12,16,,,0,11,84,33,39.3,2.85,1.12,0.13,0.33,0,0
FRA-Ligue 1,2425,Reims,Malcolm Jeng,SWE,DF,19,2005,3,2,107,1.2,0,0,0,0,0,0,0,0,0.0,0.0,0.0,0.0,0.0,1.2,0,1,0,0,0,3,0,,,0,0,0,0,,0.0,0.0,,,0,0
FRA-Ligue 1,2425,Reims,Mamadou Diakhon,SEN,"MF,FW",18,2005,28,5,858,9.5,2,1,3,2,0,0,2,0,0.21,0.1,0.31,0.21,0.31,9.5,0,5,22,0,34,4,8,,,0,2,18,8,44.4,1.89,0.84,0.11,0.25,0,0
FRA-Ligue 1,2425,Reims,Marshall Munetsi,ZIM,MF,28,1996,19,19,1692,18.8,4,2,6,4,0,0,5,0,0.21,0.11,0.32,0.21,0.32,18.8,0,28,30,2,11,17,20,,,0,4,32,10,31.3,1.7,0.53,0.13,0.4,0,0
FRA-Ligue 1,2425,Reims,Martin Adeline,FRA,MF,20,2003,1,0,26,0.3,0,0,0,0,0,0,0,0,0.0,0.0,0.0,0.0,0.0,0.3,0,0,1,0,0,0,1,,,0,0,0,0,,0.0,0.0,,,0,0
FRA-Ligue 1,2425,Reims,Mohamed Bamba,CIV,MF,19,2004,2,0,10,0.1,0,0,0,0,0,0,0,0,0.0,0.0,0.0,0.0,0.0,0.1,0,0,0,0,0,0,0,,,0,0,0,0,,0.0,0.0,,,0,0
FRA-Ligue 1,2425,Reims,Mohamed Daramy,DEN,"FW,MF",22,2002,2,0,16,0.2,0,0,0,0,0,0,0,0,0.0,0.0,0.0,0.0,0.0,0.2,0,0,0,0,0,0,0,,,0,0,1,0,0.0,5.63,0.0,0.0,,0,0
FRA-Ligue 1,2425,Reims,Mory Gbane,CIV,"DF,MF",23,2000,13,13,1125,12.5,0,1,1,0,0,0,2,0,0.0,0.08,0.08,0.0,0.08,12.5,0,12,3,0,2,20,11,,,0,0,4,2,50.0,0.32,0.16,0.0,0.0,0,0
FRA-Ligue 1,2425,Reims,Nhoa Sangui,FRA,"DF,MF",18,2006,26,10,1158,12.9,0,2,2,0,0,0,3,0,0.0,0.16,0.16,0.0,0.16,12.9,0,9,9,0,15,8,8,,,0,0,3,0,0.0,0.23,0.0,0.0,,0,0
FRA-Ligue 1,2425,Reims,Niama Sissoko,MLI,FW,18,2005,4,0,47,0.5,0,0,0,0,0,0,0,0,0.0,0.0,0.0,0.0,0.0,0.5,0,3,0,0,0,0,0,,,0,0,3,0,0.0,5.74,0.0,0.0,,0,0
FRA-Ligue 1,2425,Reims,Oumar Diakité,CIV,FW,20,2003,26,20,1628,18.1,4,1,5,4,0,1,6,0,0.22,0.06,0.28,0.22,0.28,18.1,0,27,26,11,7,2,13,,,0,4,27,9,33.3,1.49,0.5,0.15,0.44,0,1
FRA-Ligue 1,2425,Reims,Reda Khadra,GER,"FW,MF",23,2001,4,0,78,0.9,0,0,0,0,0,0,0,0,0.0,0.0,0.0,0.0,0.0,0.9,0,0,3,0,3,0,1,,,0,0,0,0,,0.0,0.0,,,0,0
FRA-Ligue 1,2425,Reims,Sergio Akieme,ESP,DF,26,1997,30,29,2523,28.0,2,3,5,2,0,0,5,0,0.07,0.11,0.18,0.07,0.18,28.0,0,25,21,1,95,17,23,,,0,2,26,7,26.9,0.93,0.25,0.08,0.29,0,0
FRA-Ligue 1,2425,Reims,Teddy Teuma,MLT,MF,30,1993,17,9,750,8.3,1,0,1,0,1,1,1,0,0.12,0.0,0.12,0.0,0.0,8.3,0,11,7,2,44,12,10,,,0,1,14,3,21.4,1.68,0.36,0.0,0.0,1,1
FRA-Ligue 1,2425,Reims,Thibault De Smet,BEL,DF,26,1998,5,2,192,2.1,0,0,0,0,0,0,0,0,0.0,0.0,0.0,0.0,0.0,2.1,0,1,2,0,0,4,4,,,0,0,1,0,0.0,0.47,0.0,0.0,,0,0
FRA-Ligue 1,2425,Reims,Valentin Atangana Edoa,FRA,MF,18,2005,34,33,2854,31.7,1,0,1,1,0,0,7,0,0.03,0.0,0.03,0.03,0.03,31.7,0,57,50,8,16,37,49,,,0,1,33,6,18.2,1.04,0.19,0.03,0.17,0,0
FRA-Ligue 1,2425,Reims,Yaya Kader Fofana,MLI,"MF,FW",20,2004,12,8,634,7.0,1,1,2,1,0,0,4,0,0.14,0.14,0.28,0.14,0.28,7.0,0,16,7,0,6,3,10,,,0,1,13,4,30.8,1.85,0.57,0.08,0.25,0,0
FRA-Ligue 1,2425,Reims,Yehvann Diouf,SEN,GK,24,1999,34,34,3060,34.0,0,0,0,0,0,0,1,0,0.0,0.0,0.0,0.0,0.0,34.0,0,0,3,0,0,0,2,,,0,0,1,1,100.0,0.03,0.03,0.0,0.0,0,0
FRA-Ligue 1,2425,Rennes,Adrien Truffert,FRA,"MF,DF",22,2001,33,31,2752,30.6,2,2,4,2,0,0,3,0,0.07,0.07,0.13,0.07,0.13,30.6,0,25,34,4,141,29,38,,,0,2,23,11,47.8,0.75,0.36,0.09,0.18,0,0
FRA-Ligue 1,2425,Rennes,Albert Grønbaek,DEN,"MF,FW",23,2001,16,9,813,9.0,2,1,3,2,0,0,1,0,0.22,0.11,0.33,0.22,0.33,9.0,0,10,10,0,28,3,11,,,0,2,22,9,40.9,2.44,1.0,0.09,0.22,0,0
FRA-Ligue 1,2425,Rennes,Alidu Seidu,GHA,DF,24,2000,11,10,803,8.9,0,0,0,0,0,0,4,0,0.0,0.0,0.0,0.0,0.0,8.9,0,10,28,1,4,13,17,,,0,0,3,0,0.0,0.34,0.0,0.0,,0,0
FRA-Ligue 1,2425,Rennes,Amine Gouiri,ALG,"MF,FW",24,2000,19,11,1037,11.5,3,2,5,3,0,0,2,0,0.26,0.17,0.43,0.26,0.43,11.5,0,18,12,4,12,2,5,,,0,3,31,16,51.6,2.69,1.39,0.1,0.19,0,0
FRA-Ligue 1,2425,Rennes,Andrés Gómez,COL,MF,21,2002,17,2,381,4.2,3,0,3,3,0,0,1,0,0.71,0.0,0.71,0.71,0.71,4.2,0,11,2,2,19,3,6,,,0,3,9,5,55.6,2.13,1.18,0.33,0.6,0,0
FRA-Ligue 1,2425,Rennes,Anthony Rouault,FRA,DF,23,2001,11,11,972,10.8,0,0,0,0,0,0,3,0,0.0,0.0,0.0,0.0,0.0,10.8,0,7,1,1,0,7,8,,,0,0,7,3,42.9,0.65,0.28,0.0,0.0,0,0
FRA-Ligue 1,2425,Rennes,Arnaud Kalimuendo,FRA,FW,22,2002,33,31,2578,28.6,17,3,20,12,5,8,2,0,0.59,0.1,0.7,0.42,0.52,28.6,0,29,40,12,12,4,12,,,0,17,76,36,47.4,2.65,1.26,0.16,0.33,5,8
FRA-Ligue 1,2425,Rennes,Ayanda Sishuba,BEL,MF,19,2005,1,0,3,0.0,0,0,0,0,0,0,0,0,0.0,0.0,0.0,0.0,0.0,0.0,0,0,0,0,0,0,0,,,0,0,0,0,,0.0,0.0,,,0,0
FRA-Ligue 1,2425,Rennes,Azor Matusiwa,NED,MF,26,1998,29,23,2078,23.1,1,3,4,1,0,0,3,0,0.04,0.13,0.17,0.04,0.17,23.1,0,29,32,0,1,38,43,,,0,1,11,2,18.2,0.48,0.09,0.09,0.5,0,0
FRA-Ligue 1,2425,Rennes,Baptiste Santamaria,FRA,MF,29,1995,10,5,482,5.4,0,1,1,0,0,0,1,0,0.0,0.19,0.19,0.0,0.19,5.4,0,5,7,1,4,11,4,,,0,0,4,1,25.0,0.75,0.19,0.0,0.0,0,0
FRA-Ligue 1,2425,Rennes,Benjamin Bourigeaud,FRA,MF,30,1994,1,1,80,0.9,1,0,1,1,0,0,0,0,1.13,0.0,1.13,1.13,1.13,0.9,0,0,0,0,6,2,0,,,0,1,2,1,50.0,2.25,1.13,0.5,1.0,0,0
FRA-Ligue 1,2425,Rennes,Brice Samba,FRA,GK,30,1994,17,17,1529,17.0,0,0,0,0,0,0,3,0,0.0,0.0,0.0,0.0,0.0,17.0,0,0,1,0,0,0,1,,,0,0,0,0,,0.0,0.0,,,0,0
FRA-Ligue 1,2425,Rennes,Christopher Wooh,CMR,DF,22,2001,20,17,1456,16.2,0,0,0,0,0,0,6,1,0.0,0.0,0.0,0.0,0.0,16.2,0,33,8,0,1,25,20,,,1,0,10,4,40.0,0.62,0.25,0.0,0.0,0,0
FRA-Ligue 1,2425,Rennes,Djaoui Cissé,FRA,MF,20,2004,14,14,1121,12.5,1,0,1,1,0,0,4,0,0.08,0.0,0.08,0.08,0.08,12.5,0,25,14,0,3,14,19,,,0,1,15,7,46.7,1.2,0.56,0.07,0.14,0,0
FRA-Ligue 1,2425,Rennes,Gauthier Gallon,FRA,GK,31,1993,1,0,45,0.5,0,0,0,0,0,0,0,0,0.0,0.0,0.0,0.0,0.0,0.5,0,0,0,0,0,0,0,,,0,0,0,0,,0.0,0.0,,,0,0
FRA-Ligue 1,2425,Rennes,Glen Kamara,FIN,MF,28,1995,13,8,662,7.4,0,1,1,0,0,0,0,0,0.0,0.14,0.14,0.0,0.14,7.4,0,7,4,0,0,8,10,,,0,0,1,0,0.0,0.14,0.0,0.0,,0,0
FRA-Ligue 1,2425,Rennes,Hans Hateboer,NED,"DF,MF",30,1994,26,18,1684,18.7,0,0,0,0,0,0,3,0,0.0,0.0,0.0,0.0,0.0,18.7,0,20,10,1,34,33,20,,,0,0,8,0,0.0,0.43,0.0,0.0,,0,0
FRA-Ligue 1,2425,Rennes,Henrik Meister,DEN,FW,20,2003,4,0,63,0.7,1,0,1,1,0,0,0,0,1.43,0.0,1.43,1.43,1.43,0.7,0,3,1,0,0,1,0,,,0,1,2,1,50.0,2.86,1.43,0.5,1.0,0,0
FRA-Ligue 1,2425,Rennes,Ismaël Koné,CAN,MF,22,2002,13,4,469,5.2,2,1,3,2,0,0,1,0,0.38,0.19,0.58,0.38,0.58,5.2,0,8,8,0,2,4,6,,,0,2,6,3,50.0,1.15,0.58,0.33,0.67,0,0
FRA-Ligue 1,2425,Rennes,Jordan James,WAL,MF,20,2004,23,14,1178,13.1,0,1,1,0,0,0,4,0,0.0,0.08,0.08,0.0,0.08,13.1,0,26,15,1,34,14,22,,,0,0,17,3,17.6,1.3,0.23,0.0,0.0,0,0
FRA-Ligue 1,2425,Rennes,Jota,POR,MF,25,1999,9,3,334,3.7,1,0,1,1,0,0,0,0,0.27,0.0,0.27,0.27,0.27,3.7,0,3,2,3,16,3,3,,,0,1,4,2,50.0,1.08,0.54,0.25,0.5,0,0
FRA-Ligue 1,2425,Rennes,Jérémy Jacquet,FRA,DF,19,2005,11,11,927,10.3,0,1,1,0,0,0,0,0,0.0,0.1,0.1,0.0,0.1,10.3,0,13,6,0,3,27,19,,,0,0,8,3,37.5,0.78,0.29,0.0,0.0,0,0
FRA-Ligue 1,2425,Rennes,Kader Meïté,FRA,FW,16,2007,12,5,544,6.0,2,0,2,2,0,0,0,0,0.33,0.0,0.33,0.33,0.33,6.0,0,14,8,4,2,0,0,,,0,2,15,5,33.3,2.48,0.83,0.13,0.4,0,0
FRA-Ligue 1,2425,Rennes,Kazeem Olaigbe,BEL,"MF,FW",21,2003,10,3,299,3.3,0,2,2,0,0,0,0,0,0.0,0.6,0.6,0.0,0.6,3.3,0,6,1,2,11,0,4,,,0,0,6,2,33.3,1.81,0.6,0.0,0.0,0,0
FRA-Ligue 1,2425,Rennes,Kyogo Furuhashi,JPN,FW,29,1995,6,1,123,1.4,0,0,0,0,0,0,0,0,0.0,0.0,0.0,0.0,0.0,1.4,0,4,2,0,0,0,2,,,0,0,1,0,0.0,0.73,0.0,0.0,,0,0
FRA-Ligue 1,2425,Rennes,Leo Østigård,NOR,DF,24,1999,16,14,1227,13.6,1,0,1,1,0,0,4,0,0.07,0.0,0.07,0.07,0.07,13.6,0,18,5,0,0,16,18,,,0,1,6,2,33.3,0.44,0.15,0.17,0.5,0,0
FRA-Ligue 1,2425,Rennes,Lilian Brassier,FRA,DF,24,1999,14,14,1234,13.7,1,1,2,1,0,0,1,0,0.07,0.07,0.15,0.07,0.15,13.7,0,9,12,0,9,20,12,,,0,1,14,2,14.3,1.02,0.15,0.07,0.5,0,0
FRA-Ligue 1,2425,Rennes,Lorenz Assignon,TOG,"MF,DF",24,2000,32,27,2357,26.2,3,4,7,3,0,0,9,0,0.11,0.15,0.27,0.11,0.27,26.2,0,53,28,4,71,26,27,,,0,3,22,5,22.7,0.84,0.19,0.14,0.6,0,0
FRA-Ligue 1,2425,Rennes,Ludovic Blas,FRA,"MF,FW",26,1997,29,26,2293,25.5,6,8,14,6,0,0,6,0,0.24,0.31,0.55,0.24,0.55,25.5,0,31,54,1,123,12,25,,,0,6,57,26,45.6,2.24,1.02,0.11,0.23,0,0
FRA-Ligue 1,2425,Rennes,Mahamadou Nagida,CMR,MF,19,2005,12,4,430,4.8,2,0,2,2,0,0,1,0,0.42,0.0,0.42,0.42,0.42,4.8,0,5,12,0,29,10,6,,,0,2,6,3,50.0,1.26,0.63,0.33,0.67,0,0
FRA-Ligue 1,2425,Rennes,Mikayil Ngor Faye,SEN,DF,20,2004,11,7,688,7.6,0,0,0,0,0,0,1,1,0.0,0.0,0.0,0.0,0.0,7.6,0,10,6,0,1,12,12,,,0,0,6,3,50.0,0.78,0.39,0.0,0.0,0,0
FRA-Ligue 1,2425,Rennes,Musa Al-Taamari,JOR,"FW,MF",27,1997,11,7,567,6.3,1,0,1,1,0,0,1,0,0.16,0.0,0.16,0.16,0.16,6.3,0,4,11,4,6,2,1,,,0,1,14,3,21.4,2.22,0.48,0.07,0.33,0,0
FRA-Ligue 1,2425,Rennes,Naouirou Ahamada,FRA,MF,22,2002,3,0,58,0.6,0,0,0,0,0,0,0,0,0.0,0.0,0.0,0.0,0.0,0.6,0,1,0,0,1,3,0,,,0,0,1,0,0.0,1.55,0.0,0.0,,0,0
FRA-Ligue 1,2425,Rennes,Seko Fofana,CIV,MF,29,1995,16,9,844,9.4,1,1,2,1,0,0,3,0,0.11,0.11,0.21,0.11,0.21,9.4,0,9,7,2,5,7,7,,,0,1,24,6,25.0,2.56,0.64,0.04,0.17,0,0
FRA-Ligue 1,2425,Rennes,Steve Mandanda,FRA,GK,39,1985,18,17,1486,16.5,0,0,0,0,0,0,0,0,0.0,0.0,0.0,0.0,0.0,16.5,0,0,1,0,0,0,0,,,0,0,0,0,,0.0,0.0,,,0,0
FRA-Ligue 1,2425,Saint-Étienne,Aimen Moueffek,FRA,MF,23,2001,22,13,1039,11.5,0,1,1,0,0,0,2,0,0.0,0.09,0.09,0.0,0.09,11.5,0,20,7,3,4,5,12,,,0,0,10,2,20.0,0.87,0.17,0.0,0.0,0,0
FRA-Ligue 1,2425,Saint-Étienne,Anthony Briançon,FRA,"DF,MF",29,1994,1,0,1,0.0,0,0,0,0,0,0,0,0,0.0,0.0,0.0,0.0,0.0,0.0,0,0,0,0,0,0,0,,,0,0,0,0,,0.0,0.0,,,0,0
FRA-Ligue 1,2425,Saint-Étienne,Augustine Boakye,GHA,"MF,FW",23,2000,17,8,733,8.1,3,0,3,3,0,0,5,0,0.37,0.0,0.37,0.37,0.37,8.1,0,19,7,3,5,6,3,,,0,3,24,9,37.5,2.95,1.11,0.13,0.33,0,0
FRA-Ligue 1,2425,Saint-Étienne,Ayman Aiki,FRA,MF,19,2005,5,1,127,1.4,0,0,0,0,0,0,0,0,0.0,0.0,0.0,0.0,0.0,1.4,0,4,1,0,1,1,3,,,0,0,3,1,33.3,2.13,0.71,0.0,0.0,0,0
FRA-Ligue 1,2425,Saint-Étienne,Ben Old,NZL,"MF,FW",21,2002,13,4,528,5.9,0,0,0,0,0,0,0,0,0.0,0.0,0.0,0.0,0.0,5.9,0,4,10,0,19,2,5,,,0,0,11,2,18.2,1.87,0.34,0.0,0.0,0,0
FRA-Ligue 1,2425,Saint-Étienne,Benjamin Bouchouari,MAR,MF,22,2001,25,20,1772,19.7,1,0,1,1,0,0,6,0,0.05,0.0,0.05,0.05,0.05,19.7,0,15,42,0,9,16,28,,,0,1,16,3,18.8,0.81,0.15,0.06,0.33,0,0
FRA-Ligue 1,2425,Saint-Étienne,Beres Owusu,FRA,DF,20,2003,1,1,90,1.0,0,0,0,0,0,0,0,0,0.0,0.0,0.0,0.0,0.0,1.0,0,1,1,0,1,0,2,,,0,0,0,0,,0.0,0.0,,,0,0
FRA-Ligue 1,2425,Saint-Étienne,Dennis Appiah,FRA,DF,32,1992,29,22,2128,23.6,0,1,1,0,0,0,2,0,0.0,0.04,0.04,0.0,0.04,23.6,0,37,9,2,53,29,43,,,0,0,5,2,40.0,0.21,0.08,0.0,0.0,0,0
FRA-Ligue 1,2425,Saint-Étienne,Djylian N'Guessan,FRA,FW,15,2008,8,3,181,2.0,0,0,0,0,0,0,0,0,0.0,0.0,0.0,0.0,0.0,2.0,0,1,2,0,0,0,4,,,0,0,3,0,0.0,1.49,0.0,0.0,,0,0
FRA-Ligue 1,2425,Saint-Étienne,Dylan Batubinsika,COD,DF,28,1996,25,22,2016,22.4,1,0,1,1,0,0,3,1,0.04,0.0,0.04,0.04,0.04,22.4,0,24,13,0,1,41,13,,,1,1,7,2,28.6,0.31,0.09,0.14,0.5,0,0
FRA-Ligue 1,2425,Saint-Étienne,Florian Tardieu,FRA,MF,32,1992,24,13,1252,13.9,2,4,6,2,0,0,0,0,0.14,0.29,0.43,0.14,0.43,13.9,0,10,14,1,24,15,14,,,0,2,16,3,18.8,1.15,0.22,0.13,0.67,0,0
FRA-Ligue 1,2425,Saint-Étienne,Gautier Larsonneur,FRA,GK,27,1997,34,34,3060,34.0,0,0,0,0,0,0,5,0,0.0,0.0,0.0,0.0,0.0,34.0,0,0,13,0,0,0,0,,,0,0,0,0,,0.0,0.0,,,0,0
FRA-Ligue 1,2425,Saint-Étienne,Ibrahim Sissoko,MLI,FW,28,1995,20,8,819,9.1,3,1,4,2,1,1,1,0,0.33,0.11,0.44,0.22,0.33,9.1,0,37,21,9,3,2,9,,,0,3,22,5,22.7,2.42,0.55,0.09,0.4,1,1
FRA-Ligue 1,2425,Saint-Étienne,Ibrahima Wadji,SEN,FW,29,1995,10,2,347,3.9,0,0,0,0,0,0,1,0,0.0,0.0,0.0,0.0,0.0,3.9,0,11,5,4,2,1,6,,,0,0,12,1,8.3,3.11,0.26,0.0,0.0,0,0
FRA-Ligue 1,2425,Saint-Étienne,Igor Miladinović,SRB,MF,21,2003,3,0,26,0.3,0,0,0,0,0,0,0,0,0.0,0.0,0.0,0.0,0.0,0.3,0,0,0,0,0,1,0,,,0,0,0,0,,0.0,0.0,,,0,0
FRA-Ligue 1,2425,Saint-Étienne,Irvin Cardona,MLT,"FW,MF",26,1997,15,13,1063,11.8,5,3,8,5,0,1,2,0,0.42,0.25,0.68,0.42,0.68,11.8,0,12,10,3,31,4,6,,,0,5,24,12,50.0,2.03,1.02,0.21,0.42,0,1
FRA-Ligue 1,2425,Saint-Étienne,Jibril Othman,TUN,FW,20,2004,1,0,5,0.1,0,0,0,0,0,0,0,0,0.0,0.0,0.0,0.0,0.0,0.1,0,0,0,0,0,0,0,,,0,0,0,0,,0.0,0.0,,,0,0
FRA-Ligue 1,2425,Saint-Étienne,Kévin Pedro,FRA,DF,18,2006,1,0,10,0.1,0,0,0,0,0,0,0,0,0.0,0.0,0.0,0.0,0.0,0.1,0,1,0,0,1,2,0,,,0,0,0,0,,0.0,0.0,,,0,0
FRA-Ligue 1,2425,Saint-Étienne,Lamine Fomba,FRA,MF,26,1998,7,3,217,2.4,0,0,0,0,0,0,2,0,0.0,0.0,0.0,0.0,0.0,2.4,0,13,2,1,1,4,6,,,0,0,1,0,0.0,0.41,0.0,0.0,,0,0
FRA-Ligue 1,2425,Saint-Étienne,Louis Mouton,FRA,MF,22,2002,24,12,1045,11.6,0,1,1,0,0,0,2,0,0.0,0.09,0.09,0.0,0.09,11.6,0,24,7,2,21,12,26,,,0,0,19,3,15.8,1.64,0.26,0.0,0.0,0,0
FRA-Ligue 1,2425,Saint-Étienne,Lucas Stassin,BEL,FW,19,2004,28,23,1887,21.0,12,4,16,12,0,0,4,0,0.57,0.19,0.76,0.57,0.76,21.0,0,32,26,7,19,3,11,,,0,12,44,23,52.3,2.1,1.1,0.27,0.52,0,0
FRA-Ligue 1,2425,Saint-Étienne,Léo Pétrot,FRA,DF,27,1997,31,29,2634,29.3,0,3,3,0,0,0,4,0,0.0,0.1,0.1,0.0,0.1,29.3,0,23,22,1,51,40,39,,,0,0,7,3,42.9,0.24,0.1,0.0,0.0,0,0
FRA-Ligue 1,2425,Saint-Étienne,Marwann Nzuzi,FRA,DF,20,2004,2,2,125,1.4,0,0,0,0,0,0,2,0,0.0,0.0,0.0,0.0,0.0,1.4,0,2,1,0,1,2,2,,,0,0,2,1,50.0,1.44,0.72,0.0,0.0,0,0
FRA-Ligue 1,2425,Saint-Étienne,Mathieu Cafaro,FRA,"MF,FW",27,1997,15,9,732,8.1,1,0,1,1,0,0,3,1,0.12,0.0,0.12,0.12,0.12,8.1,0,11,14,3,27,7,7,,,0,1,23,10,43.5,2.83,1.23,0.04,0.1,0,0
FRA-Ligue 1,2425,Saint-Étienne,Mathis Amougou,FRA,MF,18,2006,17,9,859,9.5,0,0,0,0,0,0,2,0,0.0,0.0,0.0,0.0,0.0,9.5,0,6,8,0,1,12,15,,,0,0,7,1,14.3,0.73,0.1,0.0,0.0,0,0
FRA-Ligue 1,2425,Saint-Étienne,Maxime Bernauer,FRA,DF,26,1998,11,9,763,8.5,0,0,0,0,0,0,4,1,0.0,0.0,0.0,0.0,0.0,8.5,1,10,4,0,0,5,8,,,0,0,2,0,0.0,0.24,0.0,0.0,,0,0
FRA-Ligue 1,2425,Saint-Étienne,Mickael Nade,FRA,DF,25,1999,26,25,2306,25.6,1,2,3,1,0,0,1,0,0.04,0.08,0.12,0.04,0.12,25.6,0,19,27,0,1,33,43,,,1,1,5,2,40.0,0.2,0.08,0.2,0.5,0,0
FRA-Ligue 1,2425,Saint-Étienne,Pierre Cornud,FRA,"DF,MF",27,1996,11,7,576,6.4,0,0,0,0,0,0,2,0,0.0,0.0,0.0,0.0,0.0,6.4,0,10,3,1,14,9,10,,,0,0,0,0,,0.0,0.0,,,0,0
FRA-Ligue 1,2425,Saint-Étienne,Pierre Ekwah Elimby,FRA,MF,22,2002,29,29,2575,28.6,1,0,1,1,0,0,3,0,0.03,0.0,0.03,0.03,0.03,28.6,0,42,38,0,5,47,35,,,0,1,25,6,24.0,0.87,0.21,0.04,0.17,0,0
FRA-Ligue 1,2425,Saint-Étienne,Yunis Abdelhamid,MAR,DF,36,1987,16,11,1033,11.5,0,0,0,0,0,0,2,0,0.0,0.0,0.0,0.0,0.0,11.5,0,16,6,0,0,14,11,,,0,0,2,1,50.0,0.17,0.09,0.0,0.0,0,0
FRA-Ligue 1,2425,Saint-Étienne,Yvann Macon,FRA,DF,25,1998,12,10,790,8.8,0,0,0,0,0,0,4,0,0.0,0.0,0.0,0.0,0.0,8.8,0,26,8,1,23,2,12,,,0,0,10,2,20.0,1.14,0.23,0.0,0.0,0,0
FRA-Ligue 1,2425,Saint-Étienne,Zuriko Davitashvili,GEO,"FW,MF",23,2001,33,32,2778,30.9,9,8,17,7,2,2,3,0,0.29,0.26,0.55,0.23,0.49,30.9,0,19,40,5,85,14,14,,,0,9,70,27,38.6,2.27,0.87,0.1,0.26,2,2
FRA-Ligue 1,2425,Strasbourg,Abakar Sylla,CIV,DF,21,2002,21,10,950,10.6,1,0,1,1,0,0,2,1,0.09,0.0,0.09,0.09,0.09,10.6,0,17,7,0,1,11,14,,,1,1,5,1,20.0,0.47,0.09,0.2,1.0,0,0
FRA-Ligue 1,2425,Strasbourg,Abdoul Ouattara,FRA,"MF,FW",18,2005,17,3,471,5.2,1,1,2,1,0,0,1,0,0.19,0.19,0.38,0.19,0.38,5.2,0,7,1,1,3,8,3,,,0,1,5,3,60.0,0.96,0.57,0.2,0.33,0,0
FRA-Ligue 1,2425,Strasbourg,Andrew Omobamidele,IRL,DF,22,2002,10,6,539,6.0,0,0,0,0,0,0,5,1,0.0,0.0,0.0,0.0,0.0,6.0,1,13,7,0,0,8,4,,,0,0,0,0,,0.0,0.0,,,0,0
FRA-Ligue 1,2425,Strasbourg,Andrey Santos,BRA,MF,20,2004,32,32,2855,31.7,10,3,13,10,0,0,8,0,0.32,0.09,0.41,0.32,0.41,31.7,0,29,63,0,0,31,72,,,0,10,46,16,34.8,1.45,0.5,0.22,0.63,0,0
FRA-Ligue 1,2425,Strasbourg,Caleb Wiley,USA,"MF,DF",19,2004,6,3,266,3.0,0,1,1,0,0,0,1,0,0.0,0.34,0.34,0.0,0.34,3.0,0,2,2,0,8,4,0,,,0,0,1,0,0.0,0.34,0.0,0.0,,0,0
FRA-Ligue 1,2425,Strasbourg,Diego Moreira,BEL,"MF,DF",19,2004,32,29,2568,28.5,2,7,9,2,0,0,4,1,0.07,0.25,0.32,0.07,0.32,28.5,0,26,35,2,93,34,29,,,0,2,25,8,32.0,0.88,0.28,0.08,0.25,0,0
FRA-Ligue 1,2425,Strasbourg,Dilane Bakwa,FRA,MF,21,2002,30,29,2497,27.7,6,8,14,6,0,0,4,0,0.22,0.29,0.5,0.22,0.5,27.7,0,29,71,5,155,16,14,,,0,6,52,22,42.3,1.87,0.79,0.12,0.27,0,0
FRA-Ligue 1,2425,Strasbourg,Eduard Sobol,UKR,"DF,MF",29,1995,10,0,95,1.1,0,0,0,0,0,0,2,0,0.0,0.0,0.0,0.0,0.0,1.1,0,4,1,0,1,2,0,,,0,0,0,0,,0.0,0.0,,,0,0
FRA-Ligue 1,2425,Strasbourg,Emanuel Emegha,NED,FW,21,2003,27,27,2293,25.5,14,3,17,14,0,0,5,0,0.55,0.12,0.67,0.55,0.67,25.5,0,36,37,27,1,1,5,,,0,14,61,35,57.4,2.39,1.37,0.23,0.4,0,0
FRA-Ligue 1,2425,Strasbourg,Félix Lemaréchal,FRA,"MF,FW",20,2003,27,20,1779,19.8,4,3,7,4,0,0,2,0,0.2,0.15,0.35,0.2,0.35,19.8,0,30,12,3,27,14,27,,,0,4,25,10,40.0,1.26,0.51,0.16,0.4,0,0
FRA-Ligue 1,2425,Strasbourg,Guéla Doué,CIV,"DF,MF",21,2002,32,30,2717,30.2,1,2,3,1,0,0,7,0,0.03,0.07,0.1,0.03,0.1,30.2,0,41,19,0,46,33,42,,,0,1,18,6,33.3,0.6,0.2,0.06,0.17,0,0
FRA-Ligue 1,2425,Strasbourg,Habib Diarra,SEN,"MF,FW",20,2004,30,27,2352,26.1,4,5,9,2,2,2,6,0,0.15,0.19,0.34,0.08,0.27,26.1,0,26,52,1,53,14,11,,,0,4,27,12,44.4,1.03,0.46,0.07,0.17,2,2
FRA-Ligue 1,2425,Strasbourg,Ismaël Doukouré,FRA,"DF,MF",21,2003,31,31,2639,29.3,1,1,2,1,0,0,7,0,0.03,0.03,0.07,0.03,0.07,29.3,0,30,17,0,1,22,23,,,1,1,3,1,33.3,0.1,0.03,0.33,1.0,0,0
FRA-Ligue 1,2425,Strasbourg,Junior Mwanga,FRA,MF,21,2003,8,2,296,3.3,0,0,0,0,0,0,0,0,0.0,0.0,0.0,0.0,0.0,3.3,0,6,1,0,0,3,9,,,0,0,0,0,,0.0,0.0,,,0,0
FRA-Ligue 1,2425,Strasbourg,Jérémy Sebas,MTQ,MF,21,2003,13,1,190,2.1,0,0,0,0,0,0,0,0,0.0,0.0,0.0,0.0,0.0,2.1,0,6,2,2,2,0,2,,,0,0,6,2,33.3,2.84,0.95,0.0,0.0,0,0
FRA-Ligue 1,2425,Strasbourg,Karl-Johan Johnsson,SWE,GK,34,1990,3,3,270,3.0,0,0,0,0,0,0,0,0,0.0,0.0,0.0,0.0,0.0,3.0,0,1,0,0,0,0,0,,,0,0,0,0,,0.0,0.0,,,0,0
FRA-Ligue 1,2425,Strasbourg,Karol Fila,POL,DF,26,1998,1,0,5,0.1,0,0,0,0,0,0,1,0,0.0,0.0,0.0,0.0,0.0,0.1,0,0,0,0,0,0,0,,,0,0,0,0,,0.0,0.0,,,0,0
FRA-Ligue 1,2425,Strasbourg,Mamadou Sarr,SEN,DF,18,2005,27,27,2365,26.3,0,1,1,0,0,0,4,0,0.0,0.04,0.04,0.0,0.04,26.3,0,29,11,0,1,25,22,,,0,0,5,0,0.0,0.19,0.0,0.0,,0,0
FRA-Ligue 1,2425,Strasbourg,Marvin Senaya,GHA,DF,23,2001,10,1,227,2.5,0,0,0,0,0,0,3,0,0.0,0.0,0.0,0.0,0.0,2.5,0,4,4,0,1,7,3,,,0,0,1,0,0.0,0.4,0.0,0.0,,0,0
FRA-Ligue 1,2425,Strasbourg,Milos Lukovic,SRB,FW,18,2005,2,0,12,0.1,0,0,0,0,0,0,0,0,0.0,0.0,0.0,0.0,0.0,0.1,0,0,0,0,0,0,0,,,0,0,0,0,,0.0,0.0,,,0,0
FRA-Ligue 1,2425,Strasbourg,Nordine Kandil,FRA,MF,22,2001,1,0,10,0.1,0,0,0,0,0,0,0,0,0.0,0.0,0.0,0.0,0.0,0.1,0,2,0,0,0,0,0,,,0,0,0,0,,0.0,0.0,,,0,0
FRA-Ligue 1,2425,Strasbourg,Pape Daouda Diongue,SEN,MF,18,2006,9,1,78,0.9,1,0,1,1,0,0,0,0,1.15,0.0,1.15,1.15,1.15,0.9,0,0,0,0,1,3,0,,,0,1,5,2,40.0,5.77,2.31,0.2,0.5,0,0
FRA-Ligue 1,2425,Strasbourg,Saidou Sow,GUI,DF,22,2002,12,11,1018,11.3,0,1,1,0,0,0,2,0,0.0,0.09,0.09,0.0,0.09,11.3,0,7,5,1,0,15,5,,,0,0,4,1,25.0,0.35,0.09,0.0,0.0,0,0
FRA-Ligue 1,2425,Strasbourg,Samuel Amo-Ameyaw,ENG,MF,18,2006,9,3,320,3.6,2,0,2,2,0,0,0,0,0.56,0.0,0.56,0.56,0.56,3.6,0,3,5,1,6,3,3,,,0,2,9,7,77.8,2.53,1.97,0.22,0.29,0,0
FRA-Ligue 1,2425,Strasbourg,Sebastian Nanasi,SWE,"MF,FW",22,2002,31,26,2107,23.4,6,4,10,6,0,0,1,0,0.26,0.17,0.43,0.26,0.43,23.4,0,9,17,1,67,7,13,,,0,6,28,12,42.9,1.2,0.51,0.21,0.5,0,0
FRA-Ligue 1,2425,Strasbourg,Sekou Mara,FRA,"FW,MF",22,2002,25,7,768,8.5,1,1,2,1,0,0,2,0,0.12,0.12,0.23,0.12,0.23,8.5,0,18,16,3,3,3,6,,,0,1,19,6,31.6,2.23,0.7,0.05,0.17,0,0
FRA-Ligue 1,2425,Strasbourg,Thomas Delaine,FRA,"DF,MF",32,1992,2,0,9,0.1,0,0,0,0,0,0,0,0,0.0,0.0,0.0,0.0,0.0,0.1,0,1,0,0,0,1,1,,,0,0,0,0,,0.0,0.0,,,0,0
FRA-Ligue 1,2425,Strasbourg,Valentín Barco,ARG,MF,20,2004,14,14,1157,12.9,0,2,2,0,0,0,2,0,0.0,0.16,0.16,0.0,0.16,12.9,0,17,29,0,31,13,22,,,0,0,10,1,10.0,0.78,0.08,0.0,0.0,0,0
FRA-Ligue 1,2425,Strasbourg,Óscar Perea,COL,MF,18,2005,2,0,14,0.2,0,0,0,0,0,0,0,0,0.0,0.0,0.0,0.0,0.0,0.2,0,0,0,1,0,0,0,,,0,0,1,0,0.0,6.43,0.0,0.0,,0,0
FRA-Ligue 1,2425,Strasbourg,Đorđe Petrović,SRB,GK,24,1999,31,31,2790,31.0,0,0,0,0,0,0,2,0,0.0,0.0,0.0,0.0,0.0,31.0,0,0,3,0,1,0,1,,,0,0,0,0,,0.0,0.0,,,0,0
FRA-Ligue 1,2425,Toulouse,Aron Dønnum,NOR,MF,26,1998,32,31,2689,29.9,3,2,5,3,0,0,6,0,0.1,0.07,0.17,0.1,0.17,29.9,0,38,54,0,117,26,34,,,0,3,31,8,25.8,1.04,0.27,0.1,0.38,0,0
FRA-Ligue 1,2425,Toulouse,Charlie Cresswell,ENG,DF,21,2002,31,29,2592,28.8,3,1,4,3,0,0,5,0,0.1,0.03,0.14,0.1,0.14,28.8,0,28,15,3,4,29,23,,,1,3,32,14,43.8,1.11,0.49,0.09,0.21,0,0
FRA-Ligue 1,2425,Toulouse,Cristian Cásseres Jr.,VEN,MF,24,2000,32,31,2696,30.0,1,3,4,1,0,0,11,0,0.03,0.1,0.13,0.03,0.13,30.0,0,54,46,1,79,42,61,,,0,1,17,5,29.4,0.57,0.17,0.06,0.2,0,0
FRA-Ligue 1,2425,Toulouse,Denis Genreau,AUS,MF,25,1999,8,2,222,2.5,0,0,0,0,0,0,0,0,0.0,0.0,0.0,0.0,0.0,2.5,0,7,5,0,9,3,5,,,0,0,6,0,0.0,2.43,0.0,0.0,,0,0
FRA-Ligue 1,2425,Toulouse,Djibril Sidibé,FRA,DF,32,1992,28,24,2101,23.3,0,3,3,0,0,0,1,0,0.0,0.13,0.13,0.0,0.13,23.3,0,20,19,2,45,20,36,,,0,0,5,1,20.0,0.21,0.04,0.0,0.0,0,0
FRA-Ligue 1,2425,Toulouse,Edhy Zuliani,FRA,MF,19,2004,1,0,9,0.1,0,0,0,0,0,0,0,0,0.0,0.0,0.0,0.0,0.0,0.1,0,0,0,0,0,1,0,,,0,0,0,0,,0.0,0.0,,,0,0
FRA-Ligue 1,2425,Toulouse,Frank Magri,CMR,FW,24,1999,31,17,1516,16.8,5,1,6,5,0,0,5,1,0.3,0.06,0.36,0.3,0.36,16.8,0,26,28,4,4,4,2,,,0,5,44,19,43.2,2.61,1.13,0.11,0.26,0,0
FRA-Ligue 1,2425,Toulouse,Gabriel Suazo,CHI,"MF,DF",26,1997,30,23,2163,24.0,0,6,6,0,0,0,0,0,0.0,0.25,0.25,0.0,0.25,24.0,0,32,29,2,79,35,37,,,1,0,7,4,57.1,0.29,0.17,0.0,0.0,0,0
FRA-Ligue 1,2425,Toulouse,Guillaume Restes,FRA,GK,19,2005,29,29,2543,28.3,0,1,1,0,0,0,2,0,0.0,0.04,0.04,0.0,0.04,28.3,0,1,2,0,0,1,1,,,0,0,0,0,,0.0,0.0,,,0,0
FRA-Ligue 1,2425,Toulouse,Jaydee Canvot,FRA,"DF,MF",18,2006,18,12,1106,12.3,0,0,0,0,0,0,2,0,0.0,0.0,0.0,0.0,0.0,12.3,0,18,3,0,6,11,12,,,0,0,5,1,20.0,0.41,0.08,0.0,0.0,0,0
FRA-Ligue 1,2425,Toulouse,Joshua King,NOR,"FW,MF",32,1992,28,21,1673,18.6,6,3,9,6,0,0,2,0,0.32,0.16,0.48,0.32,0.48,18.6,0,35,27,7,9,6,10,,,0,6,50,21,42.0,2.69,1.13,0.12,0.29,0,0
FRA-Ligue 1,2425,Toulouse,Kjetil Haug,NOR,GK,26,1998,6,5,498,5.5,0,0,0,0,0,0,0,0,0.0,0.0,0.0,0.0,0.0,5.5,0,0,0,0,0,0,0,,,0,0,0,0,,0.0,0.0,,,0,0
FRA-Ligue 1,2425,Toulouse,Logan Costa,CPV,DF,23,2001,1,1,90,1.0,0,0,0,0,0,0,0,0,0.0,0.0,0.0,0.0,0.0,1.0,0,0,0,0,1,2,1,,,0,0,0,0,,0.0,0.0,,,0,0
FRA-Ligue 1,2425,Toulouse,Mark McKenzie,USA,DF,25,1999,30,29,2496,27.7,1,1,2,1,0,0,1,1,0.04,0.04,0.07,0.04,0.07,27.7,0,30,12,1,1,24,32,,,0,1,8,2,25.0,0.29,0.07,0.13,0.5,0,0
FRA-Ligue 1,2425,Toulouse,Miha Zajc,SVN,MF,30,1994,19,1,262,2.9,0,0,0,0,0,0,2,0,0.0,0.0,0.0,0.0,0.0,2.9,0,5,2,0,7,3,4,,,0,0,6,2,33.3,2.06,0.69,0.0,0.0,0,0
FRA-Ligue 1,2425,Toulouse,Naatan Skyttä,FIN,MF,22,2002,1,0,5,0.1,0,0,0,0,0,0,0,0,0.0,0.0,0.0,0.0,0.0,0.1,0,1,0,0,0,0,0,,,0,0,0,0,,0.0,0.0,,,0,0
FRA-Ligue 1,2425,Toulouse,Niklas Schmidt,GER,MF,26,1998,9,2,205,2.3,0,1,1,0,0,0,0,0,0.0,0.44,0.44,0.0,0.44,2.3,0,5,1,0,16,1,3,,,0,0,3,1,33.3,1.32,0.44,0.0,0.0,0,0
FRA-Ligue 1,2425,Toulouse,Noah Edjouma,FRA,MF,18,2005,10,1,171,1.9,2,0,2,2,0,0,0,1,1.05,0.0,1.05,1.05,1.05,1.9,0,4,3,0,6,2,2,,,0,2,5,3,60.0,2.63,1.58,0.4,0.67,0,0
FRA-Ligue 1,2425,Toulouse,Rafik Messali,FRA,MF,21,2003,13,5,456,5.1,0,1,1,0,0,0,0,0,0.0,0.2,0.2,0.0,0.2,5.1,0,9,8,1,16,8,8,,,0,0,4,0,0.0,0.79,0.0,0.0,,0,0
FRA-Ligue 1,2425,Toulouse,Rasmus Nicolaisen,DEN,DF,27,1997,7,7,623,6.9,0,1,1,0,0,0,0,0,0.0,0.14,0.14,0.0,0.14,6.9,0,4,8,0,0,10,3,,,1,0,5,1,20.0,0.72,0.14,0.0,0.0,0,0
FRA-Ligue 1,2425,Toulouse,Shavy Babicka,GAB,MF,24,2000,30,11,1186,13.2,4,2,6,4,0,0,2,0,0.3,0.15,0.46,0.3,0.46,13.2,0,15,21,7,38,5,13,,,0,4,20,9,45.0,1.52,0.68,0.2,0.44,0,0
FRA-Ligue 1,2425,Toulouse,Vincent Sierro,SUI,MF,28,1995,29,27,2402,26.7,5,1,6,3,2,2,4,0,0.19,0.04,0.22,0.11,0.15,26.7,0,34,32,1,64,16,27,,,0,5,32,9,28.1,1.2,0.34,0.09,0.33,2,2
FRA-Ligue 1,2425,Toulouse,Warren Kamanzi,NOR,MF,23,2000,24,11,1022,11.4,1,1,2,1,0,0,3,0,0.09,0.09,0.18,0.09,0.18,11.4,0,16,13,2,17,9,14,,,0,1,7,3,42.9,0.62,0.26,0.14,0.33,0,0
FRA-Ligue 1,2425,Toulouse,Yann Gboho,FRA,"MF,FW",23,2001,31,27,2333,25.9,5,4,9,5,0,0,2,0,0.19,0.15,0.35,0.19,0.35,25.9,0,16,61,2,26,6,19,,,0,5,50,26,52.0,1.93,1.0,0.1,0.19,0,0
FRA-Ligue 1,2425,Toulouse,Zakaria Aboukhlal,MAR,"MF,FW",24,2000,26,22,1901,21.1,7,2,9,6,1,2,4,0,0.33,0.09,0.43,0.28,0.38,21.1,0,35,25,13,33,6,14,,,0,7,63,29,46.0,2.98,1.37,0.1,0.21,1,2
FRA-Ligue 1,2425,Toulouse,Álex Domínguez,ESP,GK,26,1998,1,0,19,0.2,0,0,0,0,0,0,0,0,0.0,0.0,0.0,0.0,0.0,0.2,0,0,0,0,0,0,0,,,0,0,0,0,,0.0,0.0,,,0,0
FRA-Ligue 1,2425,Toulouse,Ümit Akdag,ROU,DF,20,2003,9,6,500,5.6,0,0,0,0,0,0,2,0,0.0,0.0,0.0,0.0,0.0,5.6,0,8,1,0,3,12,4,,,0,0,2,0,0.0,0.36,0.0,0.0,,0,0
GER-Bundesliga,2425,Augsburg,Alexis Claude-Maurice,FRA,"MF,FW",26,1998,28,25,2109,23.4,9,2,11,9,0,0,4,0,0.38,0.09,0.47,0.38,0.47,23.4,0,26,42,3,21,15,26,,,0,9,59,22,37.3,2.52,0.94,0.15,0.41,0,0
GER-Bundesliga,2425,Augsburg,Arne Engels,BEL,FW,20,2003,1,1,79,0.9,0,0,0,0,0,0,1,0,0.0,0.0,0.0,0.0,0.0,0.9,0,3,1,0,4,0,0,,,0,0,3,1,33.3,3.42,1.14,0.0,0.0,0,0
GER-Bundesliga,2425,Augsburg,Arne Maier,GER,MF,25,1999,28,7,938,10.4,0,0,0,0,0,0,0,1,0.0,0.0,0.0,0.0,0.0,10.4,0,9,7,0,68,6,6,,,0,0,18,6,33.3,1.73,0.58,0.0,0.0,0,0
GER-Bundesliga,2425,Augsburg,Cedric Zesiger,SUI,DF,26,1998,15,15,1221,13.6,0,2,2,0,0,0,7,1,0.0,0.15,0.15,0.0,0.15,13.6,1,15,7,0,12,20,7,,,0,0,10,2,20.0,0.74,0.15,0.0,0.0,0,0
GER-Bundesliga,2425,Augsburg,Chrislain Matsima,FRA,DF,22,2002,30,28,2551,28.3,1,1,2,1,0,0,4,0,0.04,0.04,0.07,0.04,0.07,28.3,0,11,10,1,3,50,21,,,1,1,14,2,14.3,0.49,0.07,0.07,0.5,0,0
GER-Bundesliga,2425,Augsburg,Dimitris Giannoulis,GRE,MF,28,1995,31,31,2650,29.4,1,4,5,1,0,0,8,0,0.03,0.14,0.17,0.03,0.17,29.4,0,17,20,1,120,47,33,,,0,1,13,4,30.8,0.44,0.14,0.08,0.25,0,0
GER-Bundesliga,2425,Augsburg,Elvis Rexhbeçaj,KVX,MF,26,1997,27,22,1785,19.8,1,1,2,1,0,0,8,0,0.05,0.05,0.1,0.05,0.1,19.8,0,13,42,1,70,16,19,,,0,1,29,5,17.2,1.46,0.25,0.03,0.2,0,0
GER-Bundesliga,2425,Augsburg,Finn Dahmen,GER,GK,26,1998,19,19,1710,19.0,0,0,0,0,0,0,0,0,0.0,0.0,0.0,0.0,0.0,19.0,0,0,1,0,0,0,0,,,0,0,0,0,,0.0,0.0,,,0,0
GER-Bundesliga,2425,Augsburg,Frank Onyeka,NGA,MF,26,1998,31,30,2586,28.7,0,1,1,0,0,0,8,0,0.0,0.03,0.03,0.0,0.03,28.7,0,47,74,3,20,37,46,,,0,0,24,6,25.0,0.84,0.21,0.0,0.0,0,0
GER-Bundesliga,2425,Augsburg,Fredrik Jensen,FIN,"MF,FW",26,1997,20,9,763,8.5,0,0,0,0,0,0,0,0,0.0,0.0,0.0,0.0,0.0,8.5,0,5,5,3,21,5,7,,,0,0,11,0,0.0,1.3,0.0,0.0,,0,0
GER-Bundesliga,2425,Augsburg,Henri Koudossou,GER,MF,24,1999,21,4,748,8.3,0,0,0,0,0,0,1,0,0.0,0.0,0.0,0.0,0.0,8.3,0,7,5,2,24,14,9,,,0,0,2,0,0.0,0.24,0.0,0.0,,0,0
GER-Bundesliga,2425,Augsburg,Jeffrey Gouweleeuw,NED,DF,33,1991,33,33,2944,32.7,1,4,5,1,0,1,9,0,0.03,0.12,0.15,0.03,0.15,32.7,0,22,13,2,17,39,31,,,0,1,18,5,27.8,0.55,0.15,0.06,0.2,0,1
GER-Bundesliga,2425,Augsburg,Keven Schlotterbeck,GER,DF,27,1997,18,15,1297,14.4,3,1,4,3,0,0,4,1,0.21,0.07,0.28,0.21,0.28,14.4,1,10,11,1,3,18,17,,,0,3,12,5,41.7,0.83,0.35,0.25,0.6,0,0
GER-Bundesliga,2425,Augsburg,Kristijan Jakić,CRO,MF,27,1997,31,27,2306,25.6,0,1,1,0,0,0,2,0,0.0,0.04,0.04,0.0,0.04,25.6,0,22,28,3,14,29,24,,,0,0,18,6,33.3,0.7,0.23,0.0,0.0,0,0
GER-Bundesliga,2425,Augsburg,Mads Pedersen,DEN,DF,27,1996,7,2,235,2.6,0,0,0,0,0,0,0,0,0.0,0.0,0.0,0.0,0.0,2.6,0,5,1,1,5,2,7,,,0,0,2,0,0.0,0.77,0.0,0.0,,0,0
GER-Bundesliga,2425,Augsburg,Marius Wolf,GER,MF,29,1995,32,28,2144,23.8,1,3,4,1,0,0,2,0,0.04,0.13,0.17,0.04,0.17,23.8,0,19,14,4,113,26,15,,,0,1,12,2,16.7,0.5,0.08,0.08,0.5,0,0
GER-Bundesliga,2425,Augsburg,Maximilian Bauer,GER,DF,24,2000,11,8,658,7.3,0,0,0,0,0,0,1,0,0.0,0.0,0.0,0.0,0.0,7.3,0,7,13,1,4,5,9,,,0,0,1,1,100.0,0.14,0.14,0.0,0.0,0,0
GER-Bundesliga,2425,Augsburg,Mergim Berisha,GER,FW,26,1998,2,0,40,0.4,0,0,0,0,0,0,1,0,0.0,0.0,0.0,0.0,0.0,0.4,0,2,0,0,1,0,0,,,0,0,3,1,33.3,6.75,2.25,0.0,0.0,0,0
GER-Bundesliga,2425,Augsburg,Mert Kömür,GER,MF,19,2005,20,5,654,7.3,2,1,3,2,0,0,1,0,0.28,0.14,0.41,0.28,0.41,7.3,0,7,12,3,26,2,2,,,0,2,13,7,53.8,1.79,0.96,0.15,0.29,0,0
GER-Bundesliga,2425,Augsburg,Nediljko Labrović,CRO,GK,24,1999,15,15,1350,15.0,0,0,0,0,0,0,0,0,0.0,0.0,0.0,0.0,0.0,15.0,0,0,2,0,0,0,0,,,0,0,0,0,,0.0,0.0,,,0,0
GER-Bundesliga,2425,Augsburg,Niklas Dorsch,GER,MF,26,1998,1,0,32,0.4,0,0,0,0,0,0,0,0,0.0,0.0,0.0,0.0,0.0,0.4,0,0,2,0,1,0,0,,,0,0,0,0,,0.0,0.0,,,0,0
GER-Bundesliga,2425,Augsburg,Noahkai Banks,USA,DF,17,2006,8,2,278,3.1,0,0,0,0,0,0,2,0,0.0,0.0,0.0,0.0,0.0,3.1,0,2,1,0,2,5,5,,,1,0,1,0,0.0,0.32,0.0,0.0,,0,0
GER-Bundesliga,2425,Augsburg,Phillip Tietz,GER,FW,27,1997,34,19,1686,18.7,7,2,9,6,1,1,4,0,0.37,0.11,0.48,0.32,0.43,18.7,0,36,12,15,2,5,6,,,0,7,51,20,39.2,2.72,1.07,0.12,0.3,1,1
GER-Bundesliga,2425,Augsburg,Robert Gumny,POL,MF,26,1998,7,2,271,3.0,0,0,0,0,0,0,2,0,0.0,0.0,0.0,0.0,0.0,3.0,0,4,4,0,4,1,3,,,0,0,4,2,50.0,1.33,0.66,0.0,0.0,0,0
GER-Bundesliga,2425,Augsburg,Ruben Vargas,SUI,MF,25,1998,8,3,305,3.4,0,0,0,0,0,0,3,0,0.0,0.0,0.0,0.0,0.0,3.4,0,5,3,0,14,2,1,,,0,0,9,1,11.1,2.66,0.3,0.0,0.0,0,0
GER-Bundesliga,2425,Augsburg,Samuel Essende,COD,FW,26,1998,30,21,1636,18.2,7,2,9,7,0,0,4,2,0.39,0.11,0.5,0.39,0.5,18.2,0,45,34,13,5,1,6,,,0,7,44,13,29.5,2.42,0.72,0.16,0.54,0,0
GER-Bundesliga,2425,Augsburg,Steve Mounié,BEN,MF,29,1994,16,1,347,3.9,1,0,1,1,0,0,2,0,0.26,0.0,0.26,0.26,0.26,3.9,0,9,5,1,3,1,4,,,0,1,22,8,36.4,5.71,2.07,0.05,0.13,0,0
GER-Bundesliga,2425,Augsburg,Tim Breithaupt,GER,MF,22,2002,2,2,120,1.3,0,1,1,0,0,0,0,0,0.0,0.75,0.75,0.0,0.75,1.3,0,2,3,0,1,2,1,,,0,0,1,0,0.0,0.75,0.0,0.0,,0,0
GER-Bundesliga,2425,Augsburg,Yusuf Kabadayı,GER,FW,20,2004,5,0,71,0.8,1,0,1,1,0,0,0,0,1.27,0.0,1.27,1.27,1.27,0.8,0,1,1,1,1,0,0,,,0,1,4,1,25.0,5.07,1.27,0.25,1.0,0,0
GER-Bundesliga,2425,Bayern Munich,Adam Aznou,MAR,DF,18,2006,2,0,17,0.2,0,0,0,0,0,0,0,0,0.0,0.0,0.0,0.0,0.0,0.2,0,0,0,0,1,0,0,,,0,0,0,0,,0.0,0.0,,,0,0
GER-Bundesliga,2425,Bayern Munich,Aleksandar Pavlovic,GER,MF,20,2004,21,18,1451,16.1,1,0,1,1,0,0,2,0,0.06,0.0,0.06,0.06,0.06,16.1,0,17,9,0,5,6,22,,,0,1,9,4,44.4,0.56,0.25,0.11,0.25,0,0
GER-Bundesliga,2425,Bayern Munich,Alphonso Davies,CAN,DF,23,2000,19,17,1560,17.3,1,2,3,1,0,0,0,0,0.06,0.12,0.17,0.06,0.17,17.3,0,8,26,3,19,13,16,,,0,1,17,3,17.6,0.98,0.17,0.06,0.33,0,0
GER-Bundesliga,2425,Bayern Munich,Arijon Ibrahimović,GER,MF,18,2005,1,0,1,0.0,0,0,0,0,0,0,0,0,0.0,0.0,0.0,0.0,0.0,0.0,0,0,0,0,0,0,0,,,0,0,0,0,,0.0,0.0,,,0,0
GER-Bundesliga,2425,Bayern Munich,Daniel Peretz,ISR,GK,24,2000,3,3,270,3.0,0,0,0,0,0,0,1,0,0.0,0.0,0.0,0.0,0.0,3.0,0,0,2,0,0,0,0,,,0,0,0,0,,0.0,0.0,,,0,0
GER-Bundesliga,2425,Bayern Munich,Dayot Upamecano,FRA,DF,25,1998,20,20,1759,19.5,2,0,2,2,0,0,6,0,0.1,0.0,0.1,0.1,0.1,19.5,0,20,11,0,6,31,25,,,0,2,13,6,46.2,0.67,0.31,0.15,0.33,0,0
GER-Bundesliga,2425,Bayern Munich,Eric Dier,ENG,DF,30,1994,21,16,1463,16.3,2,1,3,2,0,0,1,0,0.12,0.06,0.18,0.12,0.18,16.3,0,16,4,1,2,14,12,,,0,2,9,6,66.7,0.55,0.37,0.22,0.33,0,0
GER-Bundesliga,2425,Bayern Munich,Gabriel Vidovic,CRO,MF,20,2003,4,0,24,0.3,0,0,0,0,0,0,0,0,0.0,0.0,0.0,0.0,0.0,0.3,0,0,1,0,0,0,0,,,0,0,1,0,0.0,3.75,0.0,0.0,,0,0
GER-Bundesliga,2425,Bayern Munich,Harry Kane,ENG,FW,31,1993,31,28,2381,26.5,26,9,35,17,9,9,5,0,0.98,0.34,1.32,0.64,0.98,26.5,0,9,21,16,14,4,10,,,0,26,114,54,47.4,4.31,2.04,0.15,0.31,9,9
GER-Bundesliga,2425,Bayern Munich,Hiroki Ito,JPN,DF,25,1999,6,3,250,2.8,1,0,1,1,0,0,1,0,0.36,0.0,0.36,0.36,0.36,2.8,0,2,3,0,2,4,0,,,0,1,1,1,100.0,0.36,0.36,1.0,1.0,0,0
GER-Bundesliga,2425,Bayern Munich,Jamal Musiala,GER,MF,21,2003,25,21,1798,20.0,12,2,14,12,0,0,3,0,0.6,0.1,0.7,0.6,0.7,20.0,0,20,55,2,8,7,21,,,0,12,68,32,47.1,3.4,1.6,0.18,0.38,0,0
GER-Bundesliga,2425,Bayern Munich,Jonah Kusi-Asare,SWE,FW,17,2007,1,0,3,0.0,0,0,0,0,0,0,0,0,0.0,0.0,0.0,0.0,0.0,0.0,0,0,0,0,0,0,0,,,0,0,1,0,0.0,30.0,0.0,0.0,,0,0
GER-Bundesliga,2425,Bayern Munich,Jonas Urbig,GER,GK,20,2003,8,8,720,8.0,0,0,0,0,0,0,0,0,0.0,0.0,0.0,0.0,0.0,8.0,0,0,0,0,0,0,0,,,0,0,0,0,,0.0,0.0,,,0,0
GER-Bundesliga,2425,Bayern Munich,Joshua Kimmich,GER,MF,29,1995,33,32,2847,31.6,3,7,10,3,0,0,4,0,0.09,0.22,0.32,0.09,0.32,31.6,0,15,27,2,177,22,28,,,0,3,34,10,29.4,1.07,0.32,0.09,0.3,0,0
GER-Bundesliga,2425,Bayern Munich,Josip Stanišić,CRO,DF,24,2000,14,9,876,9.7,0,2,2,0,0,0,0,0,0.0,0.21,0.21,0.0,0.21,9.7,0,2,4,0,11,5,11,,,0,0,2,0,0.0,0.21,0.0,0.0,,0,0
GER-Bundesliga,2425,Bayern Munich,João Palhinha,POR,MF,29,1995,17,6,673,7.5,0,0,0,0,0,0,2,1,0.0,0.0,0.0,0.0,0.0,7.5,0,13,10,0,2,4,14,,,0,0,10,3,30.0,1.34,0.4,0.0,0.0,0,0
GER-Bundesliga,2425,Bayern Munich,Kim Min-jae,KOR,DF,27,1996,27,27,2283,25.4,2,0,2,2,0,0,2,0,0.08,0.0,0.08,0.08,0.08,25.4,0,25,4,0,0,33,17,,,0,2,7,5,71.4,0.28,0.2,0.29,0.4,0,0
GER-Bundesliga,2425,Bayern Munich,Kingsley Coman,FRA,MF,28,1996,28,14,1282,14.2,5,4,9,5,0,0,0,0,0.35,0.28,0.63,0.35,0.63,14.2,0,9,12,8,47,8,11,,,0,5,44,17,38.6,3.09,1.19,0.11,0.29,0,0
GER-Bundesliga,2425,Bayern Munich,Konrad Laimer,AUT,DF,27,1997,29,19,1699,18.9,2,2,4,2,0,0,8,0,0.11,0.11,0.21,0.11,0.21,18.9,0,35,12,1,21,5,24,,,0,2,18,6,33.3,0.95,0.32,0.11,0.33,0,0
GER-Bundesliga,2425,Bayern Munich,Leon Goretzka,GER,MF,29,1995,26,13,1325,14.7,4,1,5,4,0,0,2,0,0.27,0.07,0.34,0.27,0.34,14.7,0,12,11,0,6,17,9,,,0,4,32,11,34.4,2.17,0.75,0.13,0.36,0,0
GER-Bundesliga,2425,Bayern Munich,Leroy Sané,GER,MF,28,1996,30,17,1637,18.2,11,5,16,11,0,0,2,0,0.6,0.27,0.88,0.6,0.88,18.2,0,16,25,6,50,7,14,,,0,11,67,30,44.8,3.68,1.65,0.16,0.37,0,0
GER-Bundesliga,2425,Bayern Munich,Manuel Neuer,GER,GK,38,1986,22,22,1980,22.0,0,0,0,0,0,0,0,0,0.0,0.0,0.0,0.0,0.0,22.0,0,0,1,0,0,0,0,,,0,0,0,0,,0.0,0.0,,,0,0
GER-Bundesliga,2425,Bayern Munich,Mathys Tel,FRA,MF,19,2005,8,2,256,2.8,0,1,1,0,0,0,0,0,0.0,0.35,0.35,0.0,0.35,2.8,0,5,6,1,5,1,1,,,0,0,10,3,30.0,3.52,1.05,0.0,0.0,0,0
GER-Bundesliga,2425,Bayern Munich,Michael Olise,FRA,MF,22,2001,34,28,2334,25.9,12,15,27,12,0,0,3,0,0.46,0.58,1.04,0.46,1.04,25.9,0,22,66,5,134,8,20,,,0,12,86,36,41.9,3.32,1.39,0.14,0.33,0,0
GER-Bundesliga,2425,Bayern Munich,Raphaël Guerreiro,POR,"DF,MF",30,1993,23,19,1572,17.5,4,4,8,4,0,0,2,0,0.23,0.23,0.46,0.23,0.46,17.5,0,9,7,0,27,10,14,,,0,4,21,11,52.4,1.2,0.63,0.19,0.36,0,0
GER-Bundesliga,2425,Bayern Munich,Sacha Boey,FRA,DF,23,2000,13,6,593,6.6,0,2,2,0,0,0,1,0,0.0,0.3,0.3,0.0,0.3,6.6,0,7,7,0,12,2,6,,,0,0,3,1,33.3,0.46,0.15,0.0,0.0,0,0
GER-Bundesliga,2425,Bayern Munich,Serge Gnabry,GER,"MF,FW",29,1995,27,13,1242,13.8,7,5,12,7,0,1,0,0,0.51,0.36,0.87,0.51,0.87,13.8,0,19,6,8,22,6,10,,,0,7,49,18,36.7,3.55,1.3,0.14,0.39,0,1
GER-Bundesliga,2425,Bayern Munich,Sven Ulreich,GER,GK,35,1988,1,1,90,1.0,0,0,0,0,0,0,0,0,0.0,0.0,0.0,0.0,0.0,1.0,0,0,0,0,0,0,0,,,0,0,0,0,,0.0,0.0,,,0,0
GER-Bundesliga,2425,Bayern Munich,Thomas Müller,GER,"MF,FW",34,1989,30,12,1225,13.6,1,4,5,1,0,0,3,0,0.07,0.29,0.37,0.07,0.37,13.6,0,14,12,3,46,2,6,,,0,1,30,11,36.7,2.2,0.81,0.03,0.09,0,0
GER-Bundesliga,2425,Bochum,Aliou Badara Baldé,GUI,FW,21,2002,5,0,91,1.0,0,0,0,0,0,0,1,0,0.0,0.0,0.0,0.0,0.0,1.0,0,1,0,2,4,0,1,,,0,0,4,1,25.0,3.96,0.99,0.0,0.0,0,0
GER-Bundesliga,2425,Bochum,Anthony Losilla,FRA,MF,38,1986,21,13,1137,12.6,0,0,0,0,0,0,1,0,0.0,0.0,0.0,0.0,0.0,12.6,0,18,9,1,4,18,15,,,0,0,5,0,0.0,0.4,0.0,0.0,,0,0
GER-Bundesliga,2425,Bochum,Bernardo,BRA,DF,29,1995,21,19,1782,19.8,0,0,0,0,0,0,5,0,0.0,0.0,0.0,0.0,0.0,19.8,0,24,11,0,15,26,26,,,0,0,8,2,25.0,0.4,0.1,0.0,0.0,0,0
GER-Bundesliga,2425,Bochum,Cristian Gamboa,CRC,MF,34,1989,12,1,226,2.5,1,0,1,1,0,0,1,0,0.4,0.0,0.4,0.4,0.4,2.5,0,1,3,0,6,2,3,,,0,1,4,1,25.0,1.59,0.4,0.25,1.0,0,0
GER-Bundesliga,2425,Bochum,Dani de Wit,NED,"MF,FW",26,1998,28,11,1153,12.8,2,1,3,2,0,0,1,0,0.16,0.08,0.23,0.16,0.23,12.8,0,24,12,8,8,12,18,,,0,2,20,7,35.0,1.56,0.55,0.1,0.29,0,0
GER-Bundesliga,2425,Bochum,Erhan Mašović,SRB,"DF,MF",25,1998,16,10,910,10.1,1,1,2,1,0,0,2,0,0.1,0.1,0.2,0.1,0.2,10.1,0,12,4,0,0,12,10,,,0,1,7,4,57.1,0.69,0.4,0.14,0.25,0,0
GER-Bundesliga,2425,Bochum,Felix Passlack,GER,"MF,DF",26,1998,31,30,2334,25.9,1,6,7,1,0,0,4,0,0.04,0.23,0.27,0.04,0.27,25.9,0,28,21,2,111,19,24,,,0,1,26,6,23.1,1.0,0.23,0.04,0.17,0,0
GER-Bundesliga,2425,Bochum,Gerrit Holtmann,PHI,"MF,DF",29,1995,23,12,1136,12.6,2,1,3,2,0,0,2,0,0.16,0.08,0.24,0.16,0.24,12.6,0,26,7,4,90,16,18,,,0,2,31,8,25.8,2.46,0.63,0.06,0.25,0,0
GER-Bundesliga,2425,Bochum,Giorgos Masouras,GRE,FW,30,1994,14,12,1055,11.7,2,1,3,2,0,0,1,0,0.17,0.09,0.26,0.17,0.26,11.7,0,12,10,15,27,4,10,,,0,2,30,15,50.0,2.56,1.28,0.07,0.13,0,0
GER-Bundesliga,2425,Bochum,Ibrahima Sissoko,MLI,MF,26,1997,32,30,2610,29.0,2,1,3,2,0,0,11,1,0.07,0.03,0.1,0.07,0.1,29.0,1,76,29,2,21,33,40,,,0,2,25,8,32.0,0.86,0.28,0.08,0.25,0,0
GER-Bundesliga,2425,Bochum,Ivan Ordets,UKR,DF,32,1992,22,21,1861,20.7,0,0,0,0,0,0,6,0,0.0,0.0,0.0,0.0,0.0,20.7,0,22,19,2,1,43,8,,,0,0,11,0,0.0,0.53,0.0,0.0,,0,0
GER-Bundesliga,2425,Bochum,Jakov Medić,CRO,DF,25,1998,23,17,1603,17.8,1,0,1,1,0,0,2,0,0.06,0.0,0.06,0.06,0.06,17.8,0,10,7,2,1,22,10,,,0,1,14,3,21.4,0.79,0.17,0.07,0.33,0,0
GER-Bundesliga,2425,Bochum,Kacper Koscierski,GER,DF,17,2007,1,0,7,0.1,0,0,0,0,0,0,0,0,0.0,0.0,0.0,0.0,0.0,0.1,0,0,0,0,0,0,0,,,0,0,0,0,,0.0,0.0,,,0,0
GER-Bundesliga,2425,Bochum,Koji Miyoshi,JPN,"MF,FW",27,1997,15,6,464,5.2,1,0,1,1,0,0,0,1,0.19,0.0,0.19,0.19,0.19,5.2,0,10,4,2,9,2,5,,,0,1,12,5,41.7,2.33,0.97,0.08,0.2,0,0
GER-Bundesliga,2425,Bochum,Lukas Daschner,GER,"FW,MF",25,1998,14,3,412,4.6,1,1,2,1,0,1,0,0,0.22,0.22,0.44,0.22,0.44,4.6,0,4,2,0,19,0,2,,,0,1,9,6,66.7,1.97,1.31,0.11,0.17,0,1
GER-Bundesliga,2425,Bochum,Mats Pannewig,GER,MF,19,2004,14,2,267,3.0,0,0,0,0,0,0,1,0,0.0,0.0,0.0,0.0,0.0,3.0,0,5,1,0,3,2,7,,,0,0,9,3,33.3,3.03,1.01,0.0,0.0,0,0
GER-Bundesliga,2425,Bochum,Matúš Bero,SVK,MF,28,1995,30,29,2565,28.5,5,2,7,5,0,1,11,0,0.18,0.07,0.25,0.18,0.25,28.5,0,50,34,1,123,18,36,,,0,5,32,13,40.6,1.12,0.46,0.16,0.38,0,1
GER-Bundesliga,2425,Bochum,Maximilian Wittek,GER,"DF,MF",28,1995,33,32,2706,30.1,0,0,0,0,0,0,8,0,0.0,0.0,0.0,0.0,0.0,30.1,0,34,34,0,166,26,40,,,0,0,41,7,17.1,1.36,0.23,0.0,0.0,0,0
GER-Bundesliga,2425,Bochum,Moritz Broschinski,GER,"FW,MF",23,2000,33,15,1390,15.4,1,3,4,1,0,0,1,0,0.06,0.19,0.26,0.06,0.26,15.4,0,28,18,5,28,1,16,,,0,1,38,12,31.6,2.46,0.78,0.03,0.08,0,0
GER-Bundesliga,2425,Bochum,Moritz-Broni Kwarteng,GHA,MF,26,1998,7,0,172,1.9,0,0,0,0,0,0,1,0,0.0,0.0,0.0,0.0,0.0,1.9,0,3,1,0,1,0,3,,,0,0,6,1,16.7,3.14,0.52,0.0,0.0,0,0
GER-Bundesliga,2425,Bochum,Myron Boadu,NED,FW,23,2001,19,11,1042,11.6,9,1,10,8,1,1,2,0,0.78,0.09,0.86,0.69,0.78,11.6,0,11,6,12,2,1,1,,,0,9,28,15,53.6,2.42,1.3,0.29,0.53,1,1
GER-Bundesliga,2425,Bochum,Patrick Drewes,GER,GK,31,1993,21,21,1890,21.0,0,0,0,0,0,0,2,0,0.0,0.0,0.0,0.0,0.0,21.0,0,1,3,0,0,0,0,,,0,0,0,0,,0.0,0.0,,,0,0
GER-Bundesliga,2425,Bochum,Philipp Hofmann,GER,FW,31,1993,32,27,2277,25.3,3,3,6,3,0,0,4,0,0.12,0.12,0.24,0.12,0.24,25.3,0,36,31,4,10,5,12,,,0,3,54,19,35.2,2.13,0.75,0.06,0.16,0,0
GER-Bundesliga,2425,Bochum,Samuel Bamba,GER,FW,20,2004,5,0,27,0.3,0,0,0,0,0,0,0,0,0.0,0.0,0.0,0.0,0.0,0.3,0,0,1,1,5,0,1,,,0,0,2,1,50.0,6.67,3.33,0.0,0.0,0,0
GER-Bundesliga,2425,Bochum,Tim Oermann,GER,DF,20,2003,29,26,2213,24.6,0,2,2,0,0,0,0,0,0.0,0.08,0.08,0.0,0.08,24.6,0,16,8,0,14,24,30,,,0,0,9,0,0.0,0.37,0.0,0.0,,0,0
GER-Bundesliga,2425,Bochum,Timo Horn,GER,GK,31,1993,13,13,1170,13.0,0,0,0,0,0,0,2,0,0.0,0.0,0.0,0.0,0.0,13.0,0,0,2,0,0,0,0,,,0,0,0,0,,0.0,0.0,,,0,0
GER-Bundesliga,2425,Bochum,Tom Krauß,GER,MF,23,2001,14,13,1077,12.0,0,0,0,0,0,0,2,0,0.0,0.0,0.0,0.0,0.0,12.0,0,14,16,0,10,11,17,,,0,0,11,2,18.2,0.92,0.17,0.0,0.0,0,0
GER-Bundesliga,2425,Dortmund,Alexander Meyer,GER,GK,33,1991,2,2,180,2.0,0,0,0,0,0,0,0,0,0.0,0.0,0.0,0.0,0.0,2.0,0,0,0,0,0,0,0,,,0,0,0,0,,0.0,0.0,,,0,0
GER-Bundesliga,2425,Dortmund,Almugera Kabar,GER,DF,18,2006,5,1,137,1.5,0,0,0,0,0,0,2,1,0.0,0.0,0.0,0.0,0.0,1.5,1,2,2,0,1,1,3,,,0,0,0,0,,0.0,0.0,,,0,0
GER-Bundesliga,2425,Dortmund,Ayman Azhil,MAR,MF,23,2001,1,0,24,0.3,0,0,0,0,0,0,1,0,0.0,0.0,0.0,0.0,0.0,0.3,0,2,0,1,0,0,1,,,0,0,0,0,,0.0,0.0,,,0,0
GER-Bundesliga,2425,Dortmund,Carney Chukwuemeka,AUT,MF,20,2003,10,1,253,2.8,1,0,1,1,0,0,1,0,0.36,0.0,0.36,0.36,0.36,2.8,0,4,5,1,1,1,5,,,0,1,8,2,25.0,2.85,0.71,0.13,0.5,0,0
GER-Bundesliga,2425,Dortmund,Cole Campbell,USA,FW,18,2006,4,0,22,0.2,0,0,0,0,0,0,0,0,0.0,0.0,0.0,0.0,0.0,0.2,0,1,1,0,1,0,0,,,0,0,0,0,,0.0,0.0,,,0,0
GER-Bundesliga,2425,Dortmund,Daniel Svensson,SWE,"MF,DF",22,2002,12,8,781,8.7,1,3,4,1,0,0,0,0,0.12,0.35,0.46,0.12,0.46,8.7,0,4,7,1,36,5,11,,,0,1,6,2,33.3,0.69,0.23,0.17,0.5,0,0
GER-Bundesliga,2425,Dortmund,Donyell Malen,NED,MF,25,1999,14,6,614,6.8,3,0,3,3,0,0,1,0,0.44,0.0,0.44,0.44,0.44,6.8,0,2,7,3,13,3,0,,,0,3,19,6,31.6,2.79,0.88,0.16,0.5,0,0
GER-Bundesliga,2425,Dortmund,Emre Can,GER,"DF,MF",30,1994,31,23,2105,23.4,3,0,3,1,2,2,4,1,0.13,0.0,0.13,0.04,0.04,23.4,0,25,19,0,10,20,27,,,0,3,9,3,33.3,0.38,0.13,0.11,0.33,2,2
GER-Bundesliga,2425,Dortmund,Felix Nmecha,GER,MF,23,2000,26,19,1509,16.8,4,1,5,4,0,0,3,0,0.24,0.06,0.3,0.24,0.3,16.8,0,22,26,0,6,24,21,,,0,4,18,6,33.3,1.07,0.36,0.22,0.67,0,0
GER-Bundesliga,2425,Dortmund,Gio Reyna,USA,MF,21,2002,16,3,350,3.9,2,0,2,2,0,0,3,0,0.51,0.0,0.51,0.51,0.51,3.9,0,8,3,0,15,0,0,,,0,2,3,2,66.7,0.77,0.51,0.67,1.0,0,0
GER-Bundesliga,2425,Dortmund,Gregor Kobel,SUI,GK,26,1997,32,32,2880,32.0,0,0,0,0,0,0,1,0,0.0,0.0,0.0,0.0,0.0,32.0,0,0,2,0,0,2,0,,,0,0,0,0,,0.0,0.0,,,0,0
GER-Bundesliga,2425,Dortmund,Jamie Gittens,ENG,MF,19,2004,32,21,1776,19.7,8,3,11,8,0,0,4,0,0.41,0.15,0.56,0.41,0.56,19.7,0,25,44,3,49,10,17,,,0,8,52,24,46.2,2.64,1.22,0.15,0.33,0,0
GER-Bundesliga,2425,Dortmund,Julian Brandt,GER,MF,28,1996,30,28,2303,25.6,5,10,15,5,0,0,1,0,0.2,0.39,0.59,0.2,0.59,25.6,0,8,9,5,68,14,12,,,0,5,45,15,33.3,1.76,0.59,0.11,0.33,0,0
GER-Bundesliga,2425,Dortmund,Julian Ryerson,NOR,"DF,MF",26,1997,29,27,2259,25.1,2,3,5,2,0,0,6,1,0.08,0.12,0.2,0.08,0.2,25.1,1,31,23,0,111,23,28,,,0,2,18,5,27.8,0.72,0.2,0.11,0.4,0,0
GER-Bundesliga,2425,Dortmund,Julien Duranville,BEL,MF,18,2006,12,2,283,3.1,0,0,0,0,0,0,3,0,0.0,0.0,0.0,0.0,0.0,3.1,0,10,7,2,13,0,0,,,0,0,5,2,40.0,1.59,0.64,0.0,0.0,0,0
GER-Bundesliga,2425,Dortmund,Karim Adeyemi,GER,"MF,FW",22,2002,25,17,1433,15.9,7,6,13,7,0,0,4,0,0.44,0.38,0.82,0.44,0.82,15.9,0,27,18,4,27,8,13,,,0,7,46,18,39.1,2.89,1.13,0.15,0.39,0,0
GER-Bundesliga,2425,Dortmund,Kjell-Arik Wätjen,GER,MF,18,2006,2,0,16,0.2,0,0,0,0,0,0,0,0,0.0,0.0,0.0,0.0,0.0,0.2,0,0,1,0,0,0,0,,,0,0,0,0,,0.0,0.0,,,0,0
GER-Bundesliga,2425,Dortmund,Marcel Sabitzer,AUT,MF,30,1994,26,18,1616,18.0,1,0,1,1,0,0,3,0,0.06,0.0,0.06,0.06,0.06,18.0,0,12,9,0,23,10,19,,,0,1,21,8,38.1,1.17,0.45,0.05,0.13,0,0
GER-Bundesliga,2425,Dortmund,Maximilian Beier,GER,"MF,FW",21,2002,29,17,1591,17.7,8,5,13,8,0,0,2,0,0.45,0.28,0.74,0.45,0.74,17.7,0,17,16,9,18,7,15,,,0,8,42,13,31.0,2.38,0.74,0.19,0.62,0,0
GER-Bundesliga,2425,Dortmund,Nico Schlotterbeck,GER,DF,24,1999,23,23,1982,22.0,0,4,4,0,0,0,7,2,0.0,0.18,0.18,0.0,0.18,22.0,1,18,19,0,14,15,25,,,0,0,16,4,25.0,0.73,0.18,0.0,0.0,0,0
GER-Bundesliga,2425,Dortmund,Niklas Süle,GER,DF,28,1995,15,12,1053,11.7,0,0,0,0,0,0,1,0,0.0,0.0,0.0,0.0,0.0,11.7,0,5,2,0,1,3,12,,,0,0,9,2,22.2,0.77,0.17,0.0,0.0,0,0
GER-Bundesliga,2425,Dortmund,Pascal Groß,GER,"MF,DF",33,1991,30,28,2327,25.9,0,9,9,0,0,0,5,1,0.0,0.35,0.35,0.0,0.35,25.9,0,18,12,0,178,9,29,,,0,0,27,7,25.9,1.04,0.27,0.0,0.0,0,0
GER-Bundesliga,2425,Dortmund,Ramy Bensebaini,ALG,DF,29,1995,31,23,2022,22.5,1,6,7,1,0,0,6,0,0.04,0.27,0.31,0.04,0.31,22.5,0,28,24,0,35,27,27,,,0,1,20,2,10.0,0.89,0.09,0.05,0.5,0,0
GER-Bundesliga,2425,Dortmund,Salih Özcan,TUR,MF,26,1998,11,3,391,4.3,0,0,0,0,0,0,0,0,0.0,0.0,0.0,0.0,0.0,4.3,0,11,7,1,2,10,6,,,0,0,4,0,0.0,0.92,0.0,0.0,,0,0
GER-Bundesliga,2425,Dortmund,Serhou Guirassy,GUI,FW,28,1996,30,29,2598,28.9,21,4,25,18,3,4,4,0,0.73,0.14,0.87,0.62,0.76,28.9,0,16,53,12,1,5,6,,,0,21,89,37,41.6,3.08,1.28,0.2,0.49,3,4
GER-Bundesliga,2425,Dortmund,Waldemar Anton,GER,DF,28,1996,26,22,1949,21.7,2,2,4,2,0,0,4,0,0.09,0.09,0.18,0.09,0.18,21.7,0,20,20,1,23,32,21,,,1,2,19,3,15.8,0.88,0.14,0.11,0.67,0,0
GER-Bundesliga,2425,Dortmund,Yan Couto,BRA,"DF,MF",22,2002,21,8,895,9.9,0,0,0,0,0,0,5,0,0.0,0.0,0.0,0.0,0.0,9.9,0,12,7,0,53,10,16,,,0,0,6,2,33.3,0.6,0.2,0.0,0.0,0,0
GER-Bundesliga,2425,Dortmund,Yannik Lührs,GER,DF,20,2003,3,1,127,1.4,0,0,0,0,0,0,0,0,0.0,0.0,0.0,0.0,0.0,1.4,0,2,0,0,0,1,1,,,0,0,0,0,,0.0,0.0,,,0,0
GER-Bundesliga,2425,Frankfurt,Ansgar Knauff,GER,MF,22,2002,30,18,1597,17.7,4,5,9,4,0,0,3,0,0.23,0.28,0.51,0.23,0.51,17.7,0,27,28,11,32,11,22,,,0,4,30,12,40.0,1.69,0.68,0.13,0.33,0,0
GER-Bundesliga,2425,Frankfurt,Arthur Theate,BEL,DF,24,2000,31,31,2704,30.0,0,0,0,0,0,0,6,1,0.0,0.0,0.0,0.0,0.0,30.0,1,14,23,1,26,36,24,,,0,0,36,9,25.0,1.2,0.3,0.0,0.0,0,0
GER-Bundesliga,2425,Frankfurt,Aurèle Amenda,SUI,DF,21,2003,8,1,96,1.1,0,0,0,0,0,0,1,0,0.0,0.0,0.0,0.0,0.0,1.1,0,3,2,0,0,2,0,,,0,0,1,0,0.0,0.94,0.0,0.0,,0,0
GER-Bundesliga,2425,Frankfurt,Can Uzun,TUR,MF,18,2005,20,6,675,7.5,4,1,5,4,0,0,1,0,0.53,0.13,0.67,0.53,0.67,7.5,0,8,16,0,17,1,3,,,0,4,27,11,40.7,3.6,1.47,0.15,0.36,0,0
GER-Bundesliga,2425,Frankfurt,Ellyes Skhiri,TUN,MF,29,1995,30,26,2231,24.8,1,2,3,1,0,0,6,0,0.04,0.08,0.12,0.04,0.12,24.8,0,21,19,2,3,34,24,,,0,1,13,2,15.4,0.52,0.08,0.08,0.5,0,0
GER-Bundesliga,2425,Frankfurt,Elye Wahi,CIV,FW,21,2003,8,1,196,2.2,0,0,0,0,0,0,1,0,0.0,0.0,0.0,0.0,0.0,2.2,0,2,3,4,5,0,0,,,0,0,9,2,22.2,4.13,0.92,0.0,0.0,0,0
GER-Bundesliga,2425,Frankfurt,Fares Chaïbi,ALG,MF,21,2002,26,10,1013,11.3,1,3,4,1,0,0,2,0,0.09,0.27,0.36,0.09,0.36,11.3,0,5,7,1,72,10,10,,,0,1,25,6,24.0,2.22,0.53,0.04,0.17,0,0
GER-Bundesliga,2425,Frankfurt,Hugo Ekitike,FRA,FW,22,2002,33,31,2563,28.5,15,8,23,14,1,3,1,0,0.53,0.28,0.81,0.49,0.77,28.5,0,39,17,19,17,5,12,,,0,15,117,48,41.0,4.11,1.69,0.12,0.29,1,3
GER-Bundesliga,2425,Frankfurt,Hugo Larsson,SWE,MF,20,2004,33,28,2393,26.6,3,1,4,3,0,0,2,0,0.11,0.04,0.15,0.11,0.15,26.6,0,21,5,2,8,33,29,,,0,3,21,10,47.6,0.79,0.38,0.14,0.3,0,0
GER-Bundesliga,2425,Frankfurt,Igor Matanović,CRO,FW,21,2003,16,2,312,3.5,1,0,1,1,0,0,0,0,0.29,0.0,0.29,0.29,0.29,3.5,0,6,11,1,0,1,0,,,0,1,11,5,45.5,3.17,1.44,0.09,0.2,0,0
GER-Bundesliga,2425,Frankfurt,Jean Mattéo Bahoya,FRA,MF,19,2005,24,10,921,10.2,2,3,5,2,0,0,3,0,0.2,0.29,0.49,0.2,0.49,10.2,0,9,7,2,31,3,19,,,0,2,10,3,30.0,0.98,0.29,0.2,0.67,0,0
GER-Bundesliga,2425,Frankfurt,Junior Dina Ebimbe,CMR,MF,23,2000,7,3,293,3.3,0,1,1,0,0,0,0,0,0.0,0.31,0.31,0.0,0.31,3.3,0,10,4,1,8,7,2,,,0,0,8,0,0.0,2.46,0.0,0.0,,0,0
GER-Bundesliga,2425,Frankfurt,Kauã Santos,BRA,GK,21,2003,9,8,765,8.5,0,0,0,0,0,0,0,0,0.0,0.0,0.0,0.0,0.0,8.5,0,0,2,0,0,0,0,,,1,0,0,0,,0.0,0.0,,,0,0
GER-Bundesliga,2425,Frankfurt,Kevin Trapp,GER,GK,34,1990,26,26,2295,25.5,0,0,0,0,0,0,0,0,0.0,0.0,0.0,0.0,0.0,25.5,0,0,1,0,0,0,0,,,0,0,0,0,,0.0,0.0,,,0,0
GER-Bundesliga,2425,Frankfurt,Mahmoud Dahoud,GER,MF,28,1996,9,3,364,4.0,1,1,2,1,0,0,2,0,0.25,0.25,0.49,0.25,0.49,4.0,0,10,2,0,4,2,4,,,0,1,7,2,28.6,1.73,0.49,0.14,0.5,0,0
GER-Bundesliga,2425,Frankfurt,Mario Götze,GER,MF,32,1992,24,18,1542,17.1,3,2,5,3,0,0,1,0,0.18,0.12,0.29,0.18,0.29,17.1,0,15,15,1,39,7,28,,,0,3,8,5,62.5,0.47,0.29,0.38,0.6,0,0
GER-Bundesliga,2425,Frankfurt,Michy Batshuayi,BEL,FW,30,1993,10,3,300,3.3,3,0,3,3,0,0,2,0,0.9,0.0,0.9,0.9,0.9,3.3,0,6,2,4,1,1,1,,,0,3,5,3,60.0,1.5,0.9,0.6,1.0,0,0
GER-Bundesliga,2425,Frankfurt,Nathaniel Brown,GER,"MF,DF",21,2003,26,22,1947,21.6,3,6,9,3,0,0,2,0,0.14,0.28,0.42,0.14,0.42,21.6,0,15,22,0,93,16,42,,,0,3,13,5,38.5,0.6,0.23,0.23,0.6,0,0
GER-Bundesliga,2425,Frankfurt,Niels Nkounkou,FRA,"MF,DF",23,2000,12,4,382,4.2,0,0,0,0,0,0,1,0,0.0,0.0,0.0,0.0,0.0,4.2,0,5,2,0,23,9,9,,,0,0,4,0,0.0,0.94,0.0,0.0,,0,0
GER-Bundesliga,2425,Frankfurt,Nnamdi Collins,GER,"DF,MF",20,2004,24,15,1489,16.5,1,1,2,1,0,0,4,0,0.06,0.06,0.12,0.06,0.12,16.5,0,26,22,0,17,18,24,,,0,1,5,2,40.0,0.3,0.12,0.2,0.5,0,0
GER-Bundesliga,2425,Frankfurt,Omar Marmoush,EGY,"FW,MF",25,1999,17,17,1448,16.1,15,9,24,13,2,2,2,0,0.93,0.56,1.49,0.81,1.37,16.1,0,9,55,7,78,4,9,,,0,15,77,36,46.8,4.79,2.24,0.17,0.36,2,2
GER-Bundesliga,2425,Frankfurt,Oscar Højlund,DEN,MF,19,2005,20,7,722,8.0,1,0,1,1,0,0,0,0,0.12,0.0,0.12,0.12,0.12,8.0,0,12,3,0,1,5,12,,,0,1,6,2,33.3,0.75,0.25,0.17,0.5,0,0
GER-Bundesliga,2425,Frankfurt,Rasmus Kristensen,DEN,"DF,MF",27,1997,30,28,2513,27.9,5,3,8,5,0,0,4,0,0.18,0.11,0.29,0.18,0.29,27.9,0,25,12,0,60,20,37,,,0,5,24,8,33.3,0.86,0.29,0.21,0.63,0,0
GER-Bundesliga,2425,Frankfurt,Robin Koch,GER,DF,28,1996,30,30,2586,28.7,3,0,3,3,0,0,3,0,0.1,0.0,0.1,0.1,0.1,28.7,0,23,13,1,1,25,11,,,0,3,17,6,35.3,0.59,0.21,0.18,0.5,0,0
GER-Bundesliga,2425,Frankfurt,Timothy Chandler,USA,"DF,MF",34,1990,3,0,24,0.3,0,0,0,0,0,0,0,0,0.0,0.0,0.0,0.0,0.0,0.3,0,0,2,0,1,2,0,,,0,0,0,0,,0.0,0.0,,,0,0
GER-Bundesliga,2425,Frankfurt,Tuta,BRA,"DF,MF",25,1999,30,26,2274,25.3,2,1,3,2,0,0,8,0,0.08,0.04,0.12,0.08,0.12,25.3,0,30,9,0,2,42,26,,,1,2,12,5,41.7,0.47,0.2,0.17,0.4,0,0
GER-Bundesliga,2425,Freiburg,Christian Günter,GER,DF,31,1993,29,27,2314,25.7,2,2,4,2,0,0,0,0,0.08,0.08,0.16,0.08,0.16,25.7,0,14,4,5,123,7,22,,,1,2,20,6,30.0,0.78,0.23,0.1,0.33,0,0
GER-Bundesliga,2425,Freiburg,Eren Dinkçi,GER,MF,22,2001,23,13,1196,13.3,0,3,3,0,0,0,1,0,0.0,0.23,0.23,0.0,0.23,13.3,0,9,6,1,16,7,14,,,0,0,14,3,21.4,1.05,0.23,0.0,0.0,0,0
GER-Bundesliga,2425,Freiburg,Florent Muslija,KVX,"FW,MF",26,1998,9,0,168,1.9,0,0,0,0,0,0,0,0,0.0,0.0,0.0,0.0,0.0,1.9,0,0,2,0,14,2,4,,,0,0,3,2,66.7,1.61,1.07,0.0,0.0,0,0
GER-Bundesliga,2425,Freiburg,Florian Müller,GER,GK,26,1997,9,8,753,8.4,0,0,0,0,0,0,0,0,0.0,0.0,0.0,0.0,0.0,8.4,0,0,1,0,0,0,0,,,0,0,0,0,,0.0,0.0,,,0,0
GER-Bundesliga,2425,Freiburg,Ifechukwu Ogbus,SUI,DF,18,2005,2,0,19,0.2,0,0,0,0,0,0,0,0,0.0,0.0,0.0,0.0,0.0,0.2,0,1,0,0,0,1,1,,,0,0,0,0,,0.0,0.0,,,0,0
GER-Bundesliga,2425,Freiburg,Jan-Niklas Beste,GER,"DF,MF",25,1999,12,0,212,2.4,0,1,1,0,0,0,0,0,0.0,0.42,0.42,0.0,0.42,2.4,0,3,6,1,20,0,3,,,0,0,6,2,33.3,2.55,0.85,0.0,0.0,0,0
GER-Bundesliga,2425,Freiburg,Johan Manzambi,SUI,MF,18,2005,11,4,335,3.7,2,1,3,2,0,0,2,0,0.54,0.27,0.81,0.54,0.81,3.7,0,7,7,0,5,4,3,,,0,2,11,3,27.3,2.96,0.81,0.18,0.67,0,0
GER-Bundesliga,2425,Freiburg,Jordy Makengo,FRA,DF,22,2001,19,7,745,8.3,0,0,0,0,0,0,1,0,0.0,0.0,0.0,0.0,0.0,8.3,0,5,6,2,25,6,9,,,0,0,0,0,,0.0,0.0,,,0,0
GER-Bundesliga,2425,Freiburg,Junior Adamu,AUT,FW,23,2001,25,19,1545,17.2,2,2,4,2,0,0,5,1,0.12,0.12,0.23,0.12,0.23,17.2,0,37,22,17,5,11,3,,,0,2,37,12,32.4,2.16,0.7,0.05,0.17,0,0
GER-Bundesliga,2425,Freiburg,Kiliann Sildillia,FRA,DF,22,2002,21,8,801,8.9,2,0,2,2,0,0,2,0,0.22,0.0,0.22,0.22,0.22,8.9,0,10,9,1,19,10,9,,,0,2,7,2,28.6,0.79,0.22,0.29,1.0,0,0
GER-Bundesliga,2425,Freiburg,Lucas Höler,GER,"FW,MF",30,1994,31,21,1867,20.7,6,4,10,6,0,1,3,0,0.29,0.19,0.48,0.29,0.48,20.7,0,31,30,8,14,6,24,,,0,6,35,19,54.3,1.69,0.92,0.17,0.32,0,1
GER-Bundesliga,2425,Freiburg,Lukas Kübler,GER,DF,31,1992,28,22,1842,20.5,5,1,6,5,0,0,5,0,0.24,0.05,0.29,0.24,0.29,20.5,0,25,23,1,30,48,20,,,0,5,18,11,61.1,0.88,0.54,0.28,0.45,0,0
GER-Bundesliga,2425,Freiburg,Matthias Ginter,GER,DF,30,1994,32,28,2561,28.5,2,1,3,2,0,0,5,0,0.07,0.04,0.11,0.07,0.11,28.5,0,13,26,1,12,17,17,,,0,2,24,4,16.7,0.84,0.14,0.08,0.5,0,0
GER-Bundesliga,2425,Freiburg,Max Rosenfelder,GER,DF,21,2003,25,13,1249,13.9,1,0,1,1,0,0,2,0,0.07,0.0,0.07,0.07,0.07,13.9,0,8,14,1,9,8,17,,,0,1,5,1,20.0,0.36,0.07,0.2,1.0,0,0
GER-Bundesliga,2425,Freiburg,Maximilian Eggestein,GER,MF,27,1996,33,33,2845,31.6,2,0,2,2,0,0,4,0,0.06,0.0,0.06,0.06,0.06,31.6,0,22,24,1,9,39,31,,,0,2,36,12,33.3,1.14,0.38,0.06,0.17,0,0
GER-Bundesliga,2425,Freiburg,Maximilian Philipp,GER,"FW,MF",30,1994,2,0,17,0.2,0,0,0,0,0,0,0,0,0.0,0.0,0.0,0.0,0.0,0.2,0,0,0,0,0,0,0,,,0,0,1,0,0.0,5.29,0.0,0.0,,0,0
GER-Bundesliga,2425,Freiburg,Merlin Röhl,GER,MF,22,2002,19,11,965,10.7,0,1,1,0,0,0,2,0,0.0,0.09,0.09,0.0,0.09,10.7,0,22,19,0,12,4,9,,,0,0,12,3,25.0,1.12,0.28,0.0,0.0,0,0
GER-Bundesliga,2425,Freiburg,Michael Gregoritsch,AUT,FW,30,1994,20,5,639,7.1,2,1,3,2,0,0,2,0,0.28,0.14,0.42,0.28,0.42,7.1,0,7,5,4,1,1,2,,,0,2,16,6,37.5,2.25,0.85,0.13,0.33,0,0
GER-Bundesliga,2425,Freiburg,Nicolas Höfler,GER,MF,34,1990,20,7,794,8.8,0,0,0,0,0,0,3,0,0.0,0.0,0.0,0.0,0.0,8.8,0,12,5,0,1,14,22,,,0,0,4,0,0.0,0.45,0.0,0.0,,0,0
GER-Bundesliga,2425,Freiburg,Noah Atubolu,GER,GK,22,2002,26,26,2307,25.6,0,0,0,0,0,0,2,0,0.0,0.0,0.0,0.0,0.0,25.6,0,0,0,0,0,0,0,,,0,0,0,0,,0.0,0.0,,,0,0
GER-Bundesliga,2425,Freiburg,Noah Weißhaupt,GER,"FW,MF",22,2001,3,0,80,0.9,0,0,0,0,0,0,0,0,0.0,0.0,0.0,0.0,0.0,0.9,0,1,6,0,8,0,0,,,0,0,1,0,0.0,1.13,0.0,0.0,,0,0
GER-Bundesliga,2425,Freiburg,Patrick Osterhage,GER,MF,24,2000,30,27,2267,25.2,1,0,1,1,0,0,6,1,0.04,0.0,0.04,0.04,0.04,25.2,1,25,22,5,21,22,29,,,0,1,21,3,14.3,0.83,0.12,0.05,0.33,0,0
GER-Bundesliga,2425,Freiburg,Philipp Lienhart,AUT,DF,28,1996,32,31,2770,30.8,1,0,1,1,0,0,5,0,0.03,0.0,0.03,0.03,0.03,30.8,0,22,19,3,8,31,13,,,0,1,8,1,12.5,0.26,0.03,0.13,1.0,0,0
GER-Bundesliga,2425,Freiburg,Ritsu Doan,JPN,MF,26,1998,34,33,2862,31.8,10,7,17,10,0,0,2,0,0.31,0.22,0.53,0.31,0.53,31.8,0,27,56,8,80,14,43,,,0,10,61,23,37.7,1.92,0.72,0.16,0.43,0,0
GER-Bundesliga,2425,Freiburg,Roland Sallai,HUN,"DF,FW",27,1997,2,0,46,0.5,0,0,0,0,0,0,0,0,0.0,0.0,0.0,0.0,0.0,0.5,0,0,1,0,4,1,1,,,0,0,3,1,33.3,5.87,1.96,0.0,0.0,0,0
GER-Bundesliga,2425,Freiburg,Vincenzo Grifo,ITA,MF,31,1993,34,31,2432,27.0,8,11,19,8,0,3,2,0,0.3,0.41,0.7,0.3,0.7,27.0,0,15,12,2,157,8,21,,,0,8,66,29,43.9,2.44,1.07,0.12,0.28,0,3
GER-Bundesliga,2425,Gladbach,Alassane Pléa,FRA,MF,31,1993,30,24,1902,21.1,11,4,15,10,1,1,3,0,0.52,0.19,0.71,0.47,0.66,21.1,0,18,33,8,44,1,4,,,0,11,42,14,33.3,1.99,0.66,0.24,0.71,1,1
GER-Bundesliga,2425,Gladbach,Fabio Chiarodia,ITA,DF,19,2005,16,3,379,4.2,1,0,1,1,0,0,0,0,0.24,0.0,0.24,0.24,0.24,4.2,0,7,0,0,0,9,4,,,0,1,4,1,25.0,0.95,0.24,0.25,1.0,0,0
GER-Bundesliga,2425,Gladbach,Florian Neuhaus,GER,MF,27,1997,18,2,382,4.2,0,1,1,0,0,0,1,0,0.0,0.24,0.24,0.0,0.24,4.2,0,4,7,0,8,6,3,,,0,0,9,3,33.3,2.12,0.71,0.0,0.0,0,0
GER-Bundesliga,2425,Gladbach,Franck Honorat,FRA,MF,27,1996,19,18,1439,16.0,4,7,11,4,0,0,0,0,0.25,0.44,0.69,0.25,0.69,16.0,0,7,5,8,123,5,6,,,0,4,31,9,29.0,1.94,0.56,0.13,0.44,0,0
GER-Bundesliga,2425,Gladbach,Grant Ranos,ARM,FW,21,2003,2,0,20,0.2,0,0,0,0,0,0,1,0,0.0,0.0,0.0,0.0,0.0,0.2,0,1,0,0,0,0,0,,,0,0,0,0,,0.0,0.0,,,0,0
GER-Bundesliga,2425,Gladbach,Joe Scally,USA,DF,21,2002,32,30,2578,28.6,0,0,0,0,0,0,6,0,0.0,0.0,0.0,0.0,0.0,28.6,0,23,47,1,49,18,32,,,0,0,6,1,16.7,0.21,0.03,0.0,0.0,0,0
GER-Bundesliga,2425,Gladbach,Jonas Omlin,SUI,GK,30,1994,12,11,978,10.9,0,0,0,0,0,0,0,1,0.0,0.0,0.0,0.0,0.0,10.9,0,1,1,0,0,0,0,,,0,0,0,0,,0.0,0.0,,,0,0
GER-Bundesliga,2425,Gladbach,Julian Weigl,GER,MF,28,1995,33,33,2881,32.0,0,2,2,0,0,0,8,0,0.0,0.06,0.06,0.0,0.06,32.0,0,23,24,0,10,51,26,,,0,0,19,6,31.6,0.59,0.19,0.0,0.0,0,0
GER-Bundesliga,2425,Gladbach,Kevin Stöger,AUT,MF,30,1993,31,16,1551,17.2,3,3,6,1,2,2,3,0,0.17,0.17,0.35,0.06,0.23,17.2,0,22,40,1,114,14,20,,,0,3,26,12,46.2,1.51,0.7,0.04,0.08,2,2
GER-Bundesliga,2425,Gladbach,Ko Itakura,JPN,DF,27,1997,31,31,2790,31.0,3,0,3,3,0,0,5,0,0.1,0.0,0.1,0.1,0.1,31.0,0,28,12,1,8,28,29,,,0,3,21,7,33.3,0.68,0.23,0.14,0.43,0,0
GER-Bundesliga,2425,Gladbach,Luca Netz,GER,DF,21,2003,24,8,969,10.8,0,2,2,0,0,0,2,0,0.0,0.19,0.19,0.0,0.19,10.8,0,8,6,1,16,10,14,,,0,0,3,0,0.0,0.28,0.0,0.0,,0,0
GER-Bundesliga,2425,Gladbach,Lukas Ullrich,GER,DF,20,2004,26,24,1903,21.1,1,2,3,1,0,0,4,0,0.05,0.09,0.14,0.05,0.14,21.1,0,22,17,0,47,20,15,,,0,1,8,2,25.0,0.38,0.09,0.13,0.5,0,0
GER-Bundesliga,2425,Gladbach,Marvin Friedrich,GER,DF,28,1995,22,9,989,11.0,0,1,1,0,0,0,0,0,0.0,0.09,0.09,0.0,0.09,11.0,0,5,4,0,0,6,9,,,0,0,7,2,28.6,0.64,0.18,0.0,0.0,0,0
GER-Bundesliga,2425,Gladbach,Moritz Nicolas,GER,GK,26,1997,19,19,1639,18.2,0,0,0,0,0,0,0,0,0.0,0.0,0.0,0.0,0.0,18.2,0,0,0,0,0,1,0,,,0,0,0,0,,0.0,0.0,,,0,0
GER-Bundesliga,2425,Gladbach,Nathan N'Goumou,CMR,MF,24,2000,19,9,828,9.2,2,1,3,2,0,0,0,0,0.22,0.11,0.33,0.22,0.33,9.2,0,7,12,7,21,4,11,,,0,2,24,13,54.2,2.61,1.41,0.08,0.15,0,0
GER-Bundesliga,2425,Gladbach,Nico Elvedi,SUI,DF,27,1996,25,25,2135,23.7,1,1,2,1,0,0,1,0,0.04,0.04,0.08,0.04,0.08,23.7,0,9,15,1,1,27,24,,,1,1,12,4,33.3,0.51,0.17,0.08,0.25,0,0
GER-Bundesliga,2425,Gladbach,Noah Pesch,CRO,FW,19,2005,1,0,6,0.1,0,0,0,0,0,0,0,0,0.0,0.0,0.0,0.0,0.0,0.1,0,1,0,0,0,0,0,,,0,0,0,0,,0.0,0.0,,,0,0
GER-Bundesliga,2425,Gladbach,Philipp Sander,GER,MF,26,1998,27,16,1400,15.6,1,0,1,1,0,0,2,0,0.06,0.0,0.06,0.06,0.06,15.6,0,16,7,0,22,22,17,,,0,1,18,8,44.4,1.16,0.51,0.06,0.13,0,0
GER-Bundesliga,2425,Gladbach,Robin Hack,GER,MF,25,1998,33,27,2172,24.1,4,7,11,4,0,0,4,0,0.17,0.29,0.46,0.17,0.46,24.1,0,19,21,9,61,9,19,,,0,4,58,24,41.4,2.4,0.99,0.07,0.17,0,0
GER-Bundesliga,2425,Gladbach,Rocco Reitz,GER,MF,22,2002,27,21,1830,20.3,2,1,3,2,0,0,1,0,0.1,0.05,0.15,0.1,0.15,20.3,0,19,38,0,23,54,24,,,0,2,23,7,30.4,1.13,0.34,0.09,0.29,0,0
GER-Bundesliga,2425,Gladbach,Shiō Fukuda,JPN,FW,20,2004,6,0,60,0.7,1,0,1,1,0,0,0,0,1.5,0.0,1.5,1.5,1.5,0.7,0,2,0,1,1,0,0,,,0,1,3,1,33.3,4.5,1.5,0.33,1.0,0,0
GER-Bundesliga,2425,Gladbach,Stefan Lainer,AUT,DF,31,1992,21,6,757,8.4,1,0,1,1,0,0,2,0,0.12,0.0,0.12,0.12,0.12,8.4,0,11,6,3,29,12,13,,,1,1,4,1,25.0,0.48,0.12,0.25,1.0,0,0
GER-Bundesliga,2425,Gladbach,Tiago Cardoso,LUX,GK,18,2006,5,4,380,4.2,0,0,0,0,0,0,0,0,0.0,0.0,0.0,0.0,0.0,4.2,0,0,0,0,0,0,0,,,0,0,0,0,,0.0,0.0,,,0,0
GER-Bundesliga,2425,Gladbach,Tim Kleindienst,GER,FW,28,1995,31,31,2737,30.4,16,7,23,15,1,2,5,1,0.53,0.23,0.76,0.49,0.72,30.4,1,75,25,23,15,13,15,,,0,16,75,39,52.0,2.47,1.28,0.2,0.38,1,2
GER-Bundesliga,2425,Gladbach,Tobias Sippel,GER,GK,36,1988,1,0,59,0.7,0,0,0,0,0,0,0,0,0.0,0.0,0.0,0.0,0.0,0.7,0,0,0,0,0,0,0,,,0,0,0,0,,0.0,0.0,,,0,0
GER-Bundesliga,2425,Gladbach,Tomáš Čvančara,CZE,"MF,FW",23,2000,28,7,831,9.2,2,0,2,2,0,0,5,1,0.22,0.0,0.22,0.22,0.22,9.2,1,11,6,1,15,4,0,,,0,2,24,9,37.5,2.6,0.97,0.08,0.22,0,0
GER-Bundesliga,2425,Heidenheim,Adrian Beck,GER,"MF,FW",27,1997,32,18,1598,17.8,4,1,5,4,0,0,1,0,0.23,0.06,0.28,0.23,0.28,17.8,0,16,14,2,31,9,17,,,0,4,39,13,33.3,2.2,0.73,0.1,0.31,0,0
GER-Bundesliga,2425,Heidenheim,Benedikt Gimber,GER,DF,27,1997,32,32,2671,29.7,0,0,0,0,0,0,9,0,0.0,0.0,0.0,0.0,0.0,29.7,0,63,49,1,3,32,47,,,0,0,13,1,7.7,0.44,0.03,0.0,0.0,0,0
GER-Bundesliga,2425,Heidenheim,Budu Zivzivadze,GEO,FW,30,1994,15,10,958,10.6,2,3,5,2,0,0,0,0,0.19,0.28,0.47,0.19,0.47,10.6,0,9,15,6,5,2,11,,,0,2,22,10,45.5,2.07,0.94,0.09,0.2,0,0
GER-Bundesliga,2425,Heidenheim,Denis Thomalla,GER,"FW,MF",31,1992,1,0,4,0.0,0,0,0,0,0,0,0,0,0.0,0.0,0.0,0.0,0.0,0.0,0,0,0,0,0,0,0,,,0,0,0,0,,0.0,0.0,,,0,0
GER-Bundesliga,2425,Heidenheim,Frank Feller,GER,GK,20,2004,2,1,121,1.3,0,0,0,0,0,0,0,0,0.0,0.0,0.0,0.0,0.0,1.3,0,0,0,0,0,0,0,,,0,0,0,0,,0.0,0.0,,,0,0
GER-Bundesliga,2425,Heidenheim,Frans Krätzig,GER,"MF,DF",21,2003,16,15,1217,13.5,1,2,3,1,0,0,1,0,0.07,0.15,0.22,0.07,0.22,13.5,0,7,4,4,38,18,18,,,0,1,9,3,33.3,0.67,0.22,0.11,0.33,0,0
GER-Bundesliga,2425,Heidenheim,Jan Schöppner,GER,MF,25,1999,33,32,2681,29.8,4,3,7,4,0,0,8,0,0.13,0.1,0.23,0.13,0.23,29.8,0,31,20,2,12,43,31,,,0,4,41,13,31.7,1.38,0.44,0.1,0.31,0,0
GER-Bundesliga,2425,Heidenheim,Jonas Föhrenbach,GER,"DF,MF",28,1996,27,22,1832,20.4,0,1,1,0,0,0,3,0,0.0,0.05,0.05,0.0,0.05,20.4,0,13,4,1,58,15,24,,,0,0,8,1,12.5,0.39,0.05,0.0,0.0,0,0
GER-Bundesliga,2425,Heidenheim,Julian Niehues,GER,MF,23,2001,8,0,154,1.7,0,0,0,0,0,0,1,0,0.0,0.0,0.0,0.0,0.0,1.7,0,1,2,0,0,0,1,,,0,0,2,1,50.0,1.17,0.58,0.0,0.0,0,0
GER-Bundesliga,2425,Heidenheim,Kevin Müller,GER,GK,33,1991,33,33,2939,32.7,0,0,0,0,0,0,0,0,0.0,0.0,0.0,0.0,0.0,32.7,0,0,3,0,0,0,1,,,0,0,0,0,,0.0,0.0,,,0,0
GER-Bundesliga,2425,Heidenheim,Lennard Maloney,USA,"MF,DF",24,1999,11,10,760,8.4,0,0,0,0,0,0,1,0,0.0,0.0,0.0,0.0,0.0,8.4,0,11,4,1,0,13,13,,,0,0,3,0,0.0,0.36,0.0,0.0,,0,0
GER-Bundesliga,2425,Heidenheim,Luca Kerber,GER,MF,22,2002,23,7,783,8.7,2,0,2,2,0,0,4,0,0.23,0.0,0.23,0.23,0.23,8.7,0,22,8,0,3,5,16,,,0,2,7,5,71.4,0.8,0.57,0.29,0.4,0,0
GER-Bundesliga,2425,Heidenheim,Léo Scienza,BRA,"MF,FW",25,1998,25,13,1153,12.8,3,3,6,3,0,0,1,0,0.23,0.23,0.47,0.23,0.47,12.8,0,16,63,5,81,5,11,,,0,3,38,15,39.5,2.97,1.17,0.08,0.2,0,0
GER-Bundesliga,2425,Heidenheim,Marnon Busch,GER,"DF,MF",29,1994,23,15,1396,15.5,0,1,1,0,0,0,1,0,0.0,0.06,0.06,0.0,0.06,15.5,0,8,7,0,50,14,15,,,0,0,13,3,23.1,0.84,0.19,0.0,0.0,0,0
GER-Bundesliga,2425,Heidenheim,Marvin Pieringer,GER,FW,24,1999,31,26,2206,24.5,7,4,11,4,3,3,7,0,0.29,0.16,0.45,0.16,0.33,24.5,0,50,46,15,11,8,11,,,0,7,60,20,33.3,2.45,0.82,0.07,0.2,3,3
GER-Bundesliga,2425,Heidenheim,Mathias Honsak,AUT,"MF,FW",27,1996,22,12,1181,13.1,5,1,6,5,0,0,1,0,0.38,0.08,0.46,0.38,0.46,13.1,0,14,13,2,47,9,9,,,0,5,29,10,34.5,2.21,0.76,0.17,0.5,0,0
GER-Bundesliga,2425,Heidenheim,Maximilian Breunig,GER,FW,23,2000,13,2,350,3.9,2,0,2,1,1,1,0,0,0.51,0.0,0.51,0.26,0.26,3.9,0,8,5,1,1,1,4,,,0,2,11,3,27.3,2.83,0.77,0.09,0.33,1,1
GER-Bundesliga,2425,Heidenheim,Mikkel Kaufmann,DEN,"FW,MF",23,2001,9,3,372,4.1,0,0,0,0,0,0,2,0,0.0,0.0,0.0,0.0,0.0,4.1,0,5,14,0,2,2,4,,,0,0,3,3,100.0,0.73,0.73,0.0,0.0,0,0
GER-Bundesliga,2425,Heidenheim,Niklas Dorsch,GER,MF,26,1998,22,19,1335,14.8,2,2,4,2,0,0,5,1,0.13,0.13,0.27,0.13,0.27,14.8,0,15,20,0,36,16,18,,,0,2,9,3,33.3,0.61,0.2,0.22,0.67,0,0
GER-Bundesliga,2425,Heidenheim,Norman Theuerkauf,GER,"DF,MF",37,1987,1,0,22,0.2,0,0,0,0,0,0,0,0,0.0,0.0,0.0,0.0,0.0,0.2,0,1,0,0,0,0,0,,,0,0,1,0,0.0,4.09,0.0,0.0,,0,0
GER-Bundesliga,2425,Heidenheim,Omar Traoré,GER,"DF,MF",26,1998,30,30,2616,29.1,0,1,1,0,0,0,7,0,0.0,0.03,0.03,0.0,0.03,29.1,0,23,37,1,107,21,28,,,0,0,16,3,18.8,0.55,0.1,0.0,0.0,0,0
GER-Bundesliga,2425,Heidenheim,Patrick Mainka,GER,DF,29,1994,34,34,3060,34.0,1,1,2,1,0,0,3,0,0.03,0.03,0.06,0.03,0.06,34.0,0,17,21,2,5,65,32,,,0,1,25,9,36.0,0.74,0.26,0.04,0.11,0,0
GER-Bundesliga,2425,Heidenheim,Paul Wanner,AUT,"MF,FW",18,2005,29,20,1771,19.7,3,2,5,2,1,1,2,0,0.15,0.1,0.25,0.1,0.2,19.7,0,23,18,1,54,3,28,,,0,3,25,6,24.0,1.27,0.3,0.08,0.33,1,1
GER-Bundesliga,2425,Heidenheim,Sirlord Conteh,GER,"MF,FW",28,1996,29,4,892,9.9,1,1,2,1,0,0,2,0,0.1,0.1,0.2,0.1,0.2,9.9,0,8,11,4,21,0,5,,,0,1,13,5,38.5,1.31,0.5,0.08,0.2,0,0
GER-Bundesliga,2425,Heidenheim,Stefan Schimmer,GER,FW,30,1994,13,0,247,2.7,0,0,0,0,0,0,1,0,0.0,0.0,0.0,0.0,0.0,2.7,0,2,1,2,2,0,0,,,0,0,10,2,20.0,3.64,0.73,0.0,0.0,0,0
GER-Bundesliga,2425,Heidenheim,Thomas Keller,GER,"MF,DF",24,1999,6,2,148,1.6,0,0,0,0,0,0,2,0,0.0,0.0,0.0,0.0,0.0,1.6,0,6,4,0,0,4,5,,,0,0,1,0,0.0,0.61,0.0,0.0,,0,0
GER-Bundesliga,2425,Heidenheim,Tim Siersleben,GER,DF,24,2000,16,14,1182,13.1,0,0,0,0,0,0,4,0,0.0,0.0,0.0,0.0,0.0,13.1,0,16,7,0,10,20,14,,,0,0,4,2,50.0,0.3,0.15,0.0,0.0,0,0
GER-Bundesliga,2425,Hoffenheim,Adam Hložek,CZE,"FW,MF",22,2002,27,22,1871,20.8,8,4,12,8,0,0,2,0,0.38,0.19,0.58,0.38,0.58,20.8,0,16,30,6,20,4,11,,,0,8,59,25,42.4,2.84,1.2,0.14,0.32,0,0
GER-Bundesliga,2425,Hoffenheim,Alexander Prass,AUT,"MF,DF",23,2001,23,19,1566,17.4,0,1,1,0,0,0,1,0,0.0,0.06,0.06,0.0,0.06,17.4,0,17,25,0,55,11,24,,,0,0,12,1,8.3,0.69,0.06,0.0,0.0,0,0
GER-Bundesliga,2425,Hoffenheim,Andrej Kramarić,CRO,MF,33,1991,32,32,2767,30.7,11,8,19,8,3,3,4,0,0.36,0.26,0.62,0.26,0.52,30.7,0,12,28,9,116,9,8,,,0,11,69,26,37.7,2.24,0.85,0.12,0.31,3,3
GER-Bundesliga,2425,Hoffenheim,Anton Stach,GER,"MF,DF",25,1998,30,29,2585,28.7,1,2,3,1,0,0,8,0,0.03,0.07,0.1,0.03,0.1,28.7,0,39,34,0,23,49,47,,,0,1,35,10,28.6,1.22,0.35,0.03,0.1,0,0
GER-Bundesliga,2425,Hoffenheim,Arthur Chaves,BRA,DF,23,2001,26,24,2185,24.3,1,0,1,1,0,0,8,0,0.04,0.0,0.04,0.04,0.04,24.3,0,38,19,1,8,38,35,,,0,1,11,2,18.2,0.45,0.08,0.09,0.5,0,0
GER-Bundesliga,2425,Hoffenheim,Bazoumana Touré,CIV,"MF,FW",18,2006,13,7,609,6.8,0,3,3,0,0,0,1,0,0.0,0.44,0.44,0.0,0.44,6.8,0,13,3,7,25,3,10,,,0,0,19,5,26.3,2.81,0.74,0.0,0.0,0,0
GER-Bundesliga,2425,Hoffenheim,David Jurásek,CZE,"DF,MF",23,2000,14,6,619,6.9,0,1,1,0,0,0,0,0,0.0,0.15,0.15,0.0,0.15,6.9,0,1,2,1,55,7,3,,,0,0,5,2,40.0,0.73,0.29,0.0,0.0,0,0
GER-Bundesliga,2425,Hoffenheim,David Mokwa,FRA,FW,20,2004,2,0,22,0.2,0,0,0,0,0,0,0,0,0.0,0.0,0.0,0.0,0.0,0.2,0,1,0,0,0,0,0,,,0,0,2,2,100.0,8.18,8.18,0.0,0.0,0,0
GER-Bundesliga,2425,Hoffenheim,Dennis Geiger,GER,MF,26,1998,20,7,734,8.2,0,0,0,0,0,0,4,0,0.0,0.0,0.0,0.0,0.0,8.2,0,26,10,0,5,7,14,,,0,0,5,1,20.0,0.61,0.12,0.0,0.0,0,0
GER-Bundesliga,2425,Hoffenheim,Diadie Samassékou,MLI,MF,28,1996,8,6,290,3.2,0,0,0,0,0,0,0,0,0.0,0.0,0.0,0.0,0.0,3.2,0,5,4,0,0,5,6,,,0,0,3,1,33.3,0.93,0.31,0.0,0.0,0,0
GER-Bundesliga,2425,Hoffenheim,Erencan Yardimci,TUR,FW,22,2002,8,3,313,3.5,0,0,0,0,0,0,2,0,0.0,0.0,0.0,0.0,0.0,3.5,0,8,5,5,1,1,3,,,0,0,5,1,20.0,1.44,0.29,0.0,0.0,0,0
GER-Bundesliga,2425,Hoffenheim,Finn Ole Becker,GER,MF,24,2000,13,7,670,7.4,0,1,1,0,0,0,1,0,0.0,0.13,0.13,0.0,0.13,7.4,0,5,7,0,8,9,5,,,0,0,4,2,50.0,0.54,0.27,0.0,0.0,0,0
GER-Bundesliga,2425,Hoffenheim,Florian Grillitsch,AUT,"MF,DF",28,1995,8,8,601,6.7,0,0,0,0,0,0,1,0,0.0,0.0,0.0,0.0,0.0,6.7,0,4,11,0,5,9,9,,,0,0,6,1,16.7,0.9,0.15,0.0,0.0,0,0
GER-Bundesliga,2425,Hoffenheim,Florian Micheler,AUT,MF,19,2005,1,0,32,0.4,0,0,0,0,0,0,1,0,0.0,0.0,0.0,0.0,0.0,0.4,0,1,0,0,0,0,0,,,0,0,0,0,,0.0,0.0,,,0,0
GER-Bundesliga,2425,Hoffenheim,Gift Orban,NGA,FW,22,2002,13,7,687,7.6,4,0,4,4,0,0,2,0,0.52,0.0,0.52,0.52,0.52,7.6,0,15,7,8,6,0,1,,,0,4,11,4,36.4,1.44,0.52,0.36,1.0,0,0
GER-Bundesliga,2425,Hoffenheim,Grischa Prömel,GER,MF,29,1995,2,2,174,1.9,0,0,0,0,0,0,0,0,0.0,0.0,0.0,0.0,0.0,1.9,0,0,3,0,2,1,0,,,0,0,0,0,,0.0,0.0,,,0,0
GER-Bundesliga,2425,Hoffenheim,Hannes Behrens,GER,DF,19,2005,1,0,29,0.3,0,0,0,0,0,0,0,0,0.0,0.0,0.0,0.0,0.0,0.3,0,0,1,0,0,2,1,,,0,0,0,0,,0.0,0.0,,,0,0
GER-Bundesliga,2425,Hoffenheim,Haris Tabaković,BIH,FW,30,1994,22,6,821,9.1,3,1,4,3,0,0,0,0,0.33,0.11,0.44,0.33,0.44,9.1,0,15,8,11,4,1,0,,,0,3,30,10,33.3,3.29,1.1,0.1,0.3,0,0
GER-Bundesliga,2425,Hoffenheim,Ihlas Bebou,TOG,"FW,MF",30,1994,1,0,9,0.1,0,0,0,0,0,0,0,0,0.0,0.0,0.0,0.0,0.0,0.1,0,0,0,0,0,0,0,,,0,0,0,0,,0.0,0.0,,,0,0
GER-Bundesliga,2425,Hoffenheim,Jacob Bruun Larsen,DEN,"MF,FW",25,1998,12,3,400,4.4,2,2,4,2,0,0,0,0,0.45,0.45,0.9,0.45,0.9,4.4,0,2,2,3,19,1,3,,,0,2,14,7,50.0,3.15,1.58,0.14,0.29,0,0
GER-Bundesliga,2425,Hoffenheim,Kevin Akpoguma,NGA,DF,29,1995,32,23,2220,24.7,0,0,0,0,0,0,3,0,0.0,0.0,0.0,0.0,0.0,24.7,0,24,23,1,12,25,26,,,0,0,5,1,20.0,0.2,0.04,0.0,0.0,0,0
GER-Bundesliga,2425,Hoffenheim,Leo Østigård,NOR,DF,24,1999,11,11,927,10.3,0,0,0,0,0,0,0,1,0.0,0.0,0.0,0.0,0.0,10.3,0,18,5,1,2,10,7,,,1,0,5,0,0.0,0.49,0.0,0.0,,0,0
GER-Bundesliga,2425,Hoffenheim,Luca Philipp,GER,GK,23,2000,6,6,540,6.0,0,0,0,0,0,0,0,0,0.0,0.0,0.0,0.0,0.0,6.0,0,0,0,0,0,0,0,,,0,0,0,0,,0.0,0.0,,,0,0
GER-Bundesliga,2425,Hoffenheim,Marius Bülter,GER,"MF,FW",31,1993,25,22,1729,19.2,7,2,9,7,0,0,4,0,0.36,0.1,0.47,0.36,0.47,19.2,0,11,36,6,86,4,10,,,0,7,38,16,42.1,1.98,0.83,0.18,0.44,0,0
GER-Bundesliga,2425,Hoffenheim,Max Moerstedt,GER,"FW,MF",18,2006,12,5,451,5.0,0,0,0,0,0,0,2,0,0.0,0.0,0.0,0.0,0.0,5.0,0,6,10,1,0,0,3,,,0,0,12,4,33.3,2.39,0.8,0.0,0.0,0,0
GER-Bundesliga,2425,Hoffenheim,Mergim Berisha,GER,FW,26,1998,11,3,333,3.7,1,1,2,1,0,0,1,0,0.27,0.27,0.54,0.27,0.54,3.7,0,5,5,3,3,0,2,,,0,1,11,3,27.3,2.97,0.81,0.09,0.33,0,0
GER-Bundesliga,2425,Hoffenheim,Oliver Baumann,GER,GK,34,1990,28,28,2520,28.0,0,0,0,0,0,0,1,0,0.0,0.0,0.0,0.0,0.0,28.0,0,0,6,0,0,0,2,,,0,0,0,0,,0.0,0.0,,,0,0
GER-Bundesliga,2425,Hoffenheim,Paul Hennrich,GER,MF,19,2005,1,0,12,0.1,0,0,0,0,0,0,0,0,0.0,0.0,0.0,0.0,0.0,0.1,0,0,0,0,0,0,0,,,0,0,0,0,,0.0,0.0,,,0,0
GER-Bundesliga,2425,Hoffenheim,Pavel Kadeřábek,CZE,"MF,DF",32,1992,24,18,1576,17.5,2,0,2,2,0,0,6,0,0.11,0.0,0.11,0.11,0.11,17.5,0,21,8,4,73,21,14,,,0,2,14,3,21.4,0.8,0.17,0.14,0.67,0,0
GER-Bundesliga,2425,Hoffenheim,Robin Hranáč,CZE,DF,24,2000,4,2,219,2.4,0,0,0,0,0,0,0,0,0.0,0.0,0.0,0.0,0.0,2.4,0,5,0,0,0,5,0,,,0,0,0,0,,0.0,0.0,,,0,0
GER-Bundesliga,2425,Hoffenheim,Stanley N'Soki,FRA,DF,25,1999,22,16,1308,14.5,0,0,0,0,0,0,3,1,0.0,0.0,0.0,0.0,0.0,14.5,0,12,6,0,1,28,18,,,2,0,3,1,33.3,0.21,0.07,0.0,0.0,0,0
GER-Bundesliga,2425,Hoffenheim,Tim Drexler,GER,DF,19,2005,8,5,357,4.0,0,0,0,0,0,0,2,0,0.0,0.0,0.0,0.0,0.0,4.0,0,8,2,0,1,0,8,,,0,0,2,2,100.0,0.5,0.5,0.0,0.0,0,0
GER-Bundesliga,2425,Hoffenheim,Tom Bischof,GER,MF,19,2005,31,30,2559,28.4,5,2,7,5,0,0,5,0,0.18,0.07,0.25,0.18,0.25,28.4,0,46,33,1,145,32,54,,,0,5,51,18,35.3,1.79,0.63,0.1,0.28,0,0
GER-Bundesliga,2425,Hoffenheim,Umut Tohumcu,GER,MF,19,2004,12,3,375,4.2,0,1,1,0,0,0,3,0,0.0,0.24,0.24,0.0,0.24,4.2,0,6,6,0,8,3,6,,,0,0,3,1,33.3,0.72,0.24,0.0,0.0,0,0
GER-Bundesliga,2425,Hoffenheim,Valentin Gendrey,FRA,"DF,MF",24,2000,22,14,1414,15.7,1,1,2,1,0,0,1,0,0.06,0.06,0.13,0.06,0.13,15.7,0,12,27,2,51,15,13,,,0,1,10,5,50.0,0.64,0.32,0.1,0.2,0,0
GER-Bundesliga,2425,Holstein Kiel,Alexander Bernhardsson,SWE,"FW,MF",25,1998,19,15,1263,14.0,7,2,9,7,0,0,3,0,0.5,0.14,0.64,0.5,0.64,14.0,0,21,15,2,34,5,14,,,0,7,27,14,51.9,1.92,1.0,0.26,0.5,0,0
GER-Bundesliga,2425,Holstein Kiel,Andu Kelati,GER,MF,21,2002,8,2,288,3.2,1,1,2,1,0,0,2,1,0.31,0.31,0.62,0.31,0.62,3.2,1,4,5,0,6,3,4,,,0,1,6,3,50.0,1.87,0.94,0.17,0.33,0,0
GER-Bundesliga,2425,Holstein Kiel,Armin Gigovic,BIH,MF,22,2002,31,23,1895,21.1,5,1,6,5,0,0,5,0,0.24,0.05,0.28,0.24,0.28,21.1,0,22,28,2,14,22,14,,,0,5,26,11,42.3,1.23,0.52,0.19,0.45,0,0
GER-Bundesliga,2425,Holstein Kiel,Benedikt Pichler,AUT,FW,27,1997,18,7,785,8.7,1,2,3,1,0,0,1,0,0.11,0.23,0.34,0.11,0.34,8.7,0,14,16,13,10,2,3,,,0,1,20,9,45.0,2.29,1.03,0.05,0.11,0,0
GER-Bundesliga,2425,Holstein Kiel,Carl Johansson,SWE,DF,30,1994,10,7,568,6.3,0,0,0,0,0,0,0,1,0.0,0.0,0.0,0.0,0.0,6.3,0,5,4,0,0,11,2,,,0,0,1,1,100.0,0.16,0.16,0.0,0.0,0,0
GER-Bundesliga,2425,Holstein Kiel,David Zec,SVN,DF,24,2000,18,18,1541,17.1,2,0,2,2,0,0,5,0,0.12,0.0,0.12,0.12,0.12,17.1,0,21,8,3,1,14,10,,,0,2,11,5,45.5,0.64,0.29,0.18,0.4,0,0
GER-Bundesliga,2425,Holstein Kiel,Dominik Javorček,SVK,"MF,DF",21,2002,13,4,386,4.3,0,2,2,0,0,0,2,0,0.0,0.47,0.47,0.0,0.47,4.3,0,7,6,1,21,5,0,,,0,0,1,0,0.0,0.23,0.0,0.0,,0,0
GER-Bundesliga,2425,Holstein Kiel,Finn Porath,GER,MF,27,1997,31,20,1970,21.9,2,3,5,2,0,0,3,0,0.09,0.14,0.23,0.09,0.23,21.9,0,31,37,0,84,19,27,,,0,2,29,12,41.4,1.32,0.55,0.07,0.17,0,0
GER-Bundesliga,2425,Holstein Kiel,Ivan Nekić,CRO,DF,23,2000,1,1,71,0.8,0,0,0,0,0,0,0,0,0.0,0.0,0.0,0.0,0.0,0.8,0,1,0,0,0,3,1,,,0,0,0,0,,0.0,0.0,,,0,0
GER-Bundesliga,2425,Holstein Kiel,Jann-Fiete Arp,GER,FW,24,2000,23,3,713,7.9,2,0,2,1,1,2,8,1,0.25,0.0,0.25,0.13,0.13,7.9,1,20,18,2,24,3,10,,,0,2,22,11,50.0,2.78,1.39,0.05,0.09,1,2
GER-Bundesliga,2425,Holstein Kiel,John Tolkin,USA,"MF,DF",22,2002,11,9,737,8.2,0,2,2,0,0,0,0,0,0.0,0.24,0.24,0.0,0.24,8.2,0,2,9,0,37,8,11,,,0,0,2,0,0.0,0.24,0.0,0.0,,0,0
GER-Bundesliga,2425,Holstein Kiel,Lasse Rosenboom,GER,MF,22,2002,26,21,1734,19.3,2,2,4,2,0,0,3,0,0.1,0.1,0.21,0.1,0.21,19.3,0,19,12,0,18,19,35,,,0,2,12,5,41.7,0.62,0.26,0.17,0.4,0,0
GER-Bundesliga,2425,Holstein Kiel,Lewis Holtby,GER,MF,33,1990,25,13,1238,13.8,0,1,1,0,0,0,1,1,0.0,0.07,0.07,0.0,0.07,13.8,0,13,23,0,46,19,19,,,0,0,7,1,14.3,0.51,0.07,0.0,0.0,0,0
GER-Bundesliga,2425,Holstein Kiel,Magnus Knudsen,NOR,MF,23,2001,31,22,1850,20.6,0,1,1,0,0,0,7,0,0.0,0.05,0.05,0.0,0.05,20.6,0,27,10,0,7,10,30,,,0,0,12,4,33.3,0.58,0.19,0.0,0.0,0,0
GER-Bundesliga,2425,Holstein Kiel,Marco Komenda,CRO,DF,27,1996,19,17,1307,14.5,0,0,0,0,0,0,3,0,0.0,0.0,0.0,0.0,0.0,14.5,0,16,13,0,15,7,17,,,0,0,3,0,0.0,0.21,0.0,0.0,,0,0
GER-Bundesliga,2425,Holstein Kiel,Marko Ivezić,SRB,DF,22,2001,23,18,1657,18.4,0,0,0,0,0,0,5,0,0.0,0.0,0.0,0.0,0.0,18.4,0,27,5,1,2,26,18,,,0,0,7,0,0.0,0.38,0.0,0.0,,0,0
GER-Bundesliga,2425,Holstein Kiel,Marvin Schulz,GER,"DF,MF",29,1995,12,3,306,3.4,0,0,0,0,0,0,3,0,0.0,0.0,0.0,0.0,0.0,3.4,0,6,1,0,12,0,4,,,0,0,3,1,33.3,0.88,0.29,0.0,0.0,0,0
GER-Bundesliga,2425,Holstein Kiel,Max Geschwill,GER,DF,23,2001,19,13,1282,14.2,1,2,3,1,0,0,2,0,0.07,0.14,0.21,0.07,0.21,14.2,0,13,9,1,10,31,22,,,1,1,9,2,22.2,0.63,0.14,0.11,0.5,0,0
GER-Bundesliga,2425,Holstein Kiel,Nicolai Remberg,GER,MF,24,2000,32,26,2417,26.9,0,1,1,0,0,0,11,0,0.0,0.04,0.04,0.0,0.04,26.9,0,43,45,2,8,29,24,,,2,0,24,3,12.5,0.89,0.11,0.0,0.0,0,0
GER-Bundesliga,2425,Holstein Kiel,Patrick Erras,GER,DF,29,1995,10,10,832,9.2,1,0,1,1,0,0,2,0,0.11,0.0,0.11,0.11,0.11,9.2,0,10,0,0,0,9,6,,,0,1,8,1,12.5,0.87,0.11,0.13,1.0,0,0
GER-Bundesliga,2425,Holstein Kiel,Phil Harres,GER,FW,22,2002,26,17,1544,17.2,8,1,9,8,0,0,3,0,0.47,0.06,0.52,0.47,0.52,17.2,0,35,20,5,6,4,9,,,0,8,37,17,45.9,2.16,0.99,0.22,0.47,0,0
GER-Bundesliga,2425,Holstein Kiel,Shuto Machino,JPN,"FW,MF",24,1999,32,23,1953,21.7,11,2,13,9,2,2,2,0,0.51,0.09,0.6,0.41,0.51,21.7,0,20,25,9,33,7,5,,,0,11,51,23,45.1,2.35,1.06,0.18,0.39,2,2
GER-Bundesliga,2425,Holstein Kiel,Steven Skrzybski,GER,"FW,MF",31,1992,24,15,1323,14.7,6,3,9,5,1,1,0,0,0.41,0.2,0.61,0.34,0.54,14.7,0,16,22,2,30,13,8,,,0,6,33,13,39.4,2.24,0.88,0.15,0.38,1,1
GER-Bundesliga,2425,Holstein Kiel,Thomas Dähne,GER,GK,30,1994,9,9,810,9.0,0,0,0,0,0,0,0,0,0.0,0.0,0.0,0.0,0.0,9.0,0,1,1,0,0,0,0,,,0,0,0,0,,0.0,0.0,,,0,0
GER-Bundesliga,2425,Holstein Kiel,Timo Becker,GER,"DF,MF",27,1997,30,28,2445,27.2,0,2,2,0,0,0,2,0,0.0,0.07,0.07,0.0,0.07,27.2,0,9,9,0,22,17,35,,,0,0,17,4,23.5,0.63,0.15,0.0,0.0,0,0
GER-Bundesliga,2425,Holstein Kiel,Timon Weiner,GER,GK,25,1999,25,25,2250,25.0,0,0,0,0,0,0,4,0,0.0,0.0,0.0,0.0,0.0,25.0,0,2,3,0,0,0,0,,,0,0,0,0,,0.0,0.0,,,0,0
GER-Bundesliga,2425,Holstein Kiel,Tymoteusz Puchacz,POL,MF,25,1999,10,5,396,4.4,0,1,1,0,0,0,0,0,0.0,0.23,0.23,0.0,0.23,4.4,0,2,7,1,38,3,5,,,0,0,4,1,25.0,0.91,0.23,0.0,0.0,0,0
GER-Bundesliga,2425,Leverkusen,Aleix García,ESP,MF,27,1997,28,17,1455,16.2,3,4,7,3,0,0,3,0,0.19,0.25,0.43,0.19,0.43,16.2,0,8,9,1,93,14,9,,,0,3,15,5,33.3,0.93,0.31,0.2,0.6,0,0
GER-Bundesliga,2425,Leverkusen,Amine Adli,MAR,"MF,FW",24,2000,20,6,766,8.5,2,0,2,2,0,0,3,0,0.23,0.0,0.23,0.23,0.23,8.5,0,15,9,7,33,1,9,,,0,2,20,7,35.0,2.35,0.82,0.1,0.29,0,0
GER-Bundesliga,2425,Leverkusen,Arthur,BRA,"MF,DF",21,2003,20,7,752,8.4,0,1,1,0,0,0,1,0,0.0,0.12,0.12,0.0,0.12,8.4,0,20,6,0,16,9,12,,,0,0,1,0,0.0,0.12,0.0,0.0,,0,0
GER-Bundesliga,2425,Leverkusen,Edmond Tapsoba,BFA,DF,25,1999,29,29,2507,27.9,0,0,0,0,0,0,4,0,0.0,0.0,0.0,0.0,0.0,27.9,0,34,6,1,8,24,21,,,1,0,21,2,9.5,0.75,0.07,0.0,0.0,0,0
GER-Bundesliga,2425,Leverkusen,Emi Buendía,ARG,MF,27,1996,11,3,257,2.9,2,0,2,2,0,0,0,0,0.7,0.0,0.7,0.7,0.7,2.9,0,6,7,0,3,1,5,,,0,2,7,4,57.1,2.45,1.4,0.29,0.5,0,0
GER-Bundesliga,2425,Leverkusen,Exequiel Palacios,ARG,MF,25,1998,24,11,1155,12.8,1,6,7,1,0,0,2,0,0.08,0.47,0.55,0.08,0.55,12.8,0,9,18,1,4,12,15,,,0,1,13,9,69.2,1.01,0.7,0.08,0.11,0,0
GER-Bundesliga,2425,Leverkusen,Florian Wirtz,GER,MF,21,2003,31,25,2351,26.1,10,12,22,8,2,4,3,0,0.38,0.46,0.84,0.31,0.77,26.1,0,22,39,11,102,9,22,,,0,10,78,39,50.0,2.99,1.49,0.1,0.21,2,4
GER-Bundesliga,2425,Leverkusen,Granit Xhaka,SUI,MF,31,1992,33,33,2888,32.1,2,7,9,2,0,0,3,0,0.06,0.22,0.28,0.06,0.28,32.1,0,34,34,0,30,11,27,,,1,2,21,3,14.3,0.65,0.09,0.1,0.67,0,0
GER-Bundesliga,2425,Leverkusen,Jeanuël Belocian,FRA,DF,19,2005,5,1,68,0.8,0,0,0,0,0,0,1,0,0.0,0.0,0.0,0.0,0.0,0.8,0,1,4,0,0,0,1,,,0,0,0,0,,0.0,0.0,,,0,0
GER-Bundesliga,2425,Leverkusen,Jeremie Frimpong,NED,MF,23,2000,33,25,2314,25.7,5,5,10,5,0,0,4,0,0.19,0.19,0.39,0.19,0.39,25.7,0,20,31,9,113,8,24,,,0,5,34,16,47.1,1.32,0.62,0.15,0.31,0,0
GER-Bundesliga,2425,Leverkusen,Jonas Hofmann,GER,MF,32,1992,11,4,356,4.0,2,1,3,2,0,0,1,0,0.51,0.25,0.76,0.51,0.76,4.0,0,1,9,0,5,0,0,,,0,2,9,5,55.6,2.28,1.26,0.22,0.4,0,0
GER-Bundesliga,2425,Leverkusen,Jonathan Tah,GER,DF,28,1996,33,33,2970,33.0,3,0,3,3,0,0,3,0,0.09,0.0,0.09,0.09,0.09,33.0,0,16,5,0,7,37,14,,,0,3,24,7,29.2,0.73,0.21,0.13,0.43,0,0
GER-Bundesliga,2425,Leverkusen,Lukáš Hrádecký,FIN,GK,34,1989,29,29,2610,29.0,0,0,0,0,0,0,1,0,0.0,0.0,0.0,0.0,0.0,29.0,0,0,2,0,0,0,0,,,0,0,0,0,,0.0,0.0,,,0,0
GER-Bundesliga,2425,Leverkusen,Mario Hermoso,ESP,DF,29,1995,4,3,293,3.3,0,0,0,0,0,0,0,0,0.0,0.0,0.0,0.0,0.0,3.3,0,2,1,0,4,9,0,,,0,0,4,0,0.0,1.23,0.0,0.0,,0,0
GER-Bundesliga,2425,Leverkusen,Martin Terrier,FRA,"MF,FW",27,1997,15,7,584,6.5,2,1,3,2,0,0,1,0,0.31,0.15,0.46,0.31,0.46,6.5,0,2,9,2,5,1,2,,,0,2,16,6,37.5,2.47,0.92,0.13,0.33,0,0
GER-Bundesliga,2425,Leverkusen,Matej Kovar,CZE,GK,24,2000,5,5,450,5.0,0,0,0,0,0,0,0,0,0.0,0.0,0.0,0.0,0.0,5.0,0,0,1,0,0,0,0,,,0,0,0,0,,0.0,0.0,,,0,0
GER-Bundesliga,2425,Leverkusen,Nathan Tella,NGA,"MF,FW",25,1999,27,17,1359,15.1,2,4,6,2,0,0,1,0,0.13,0.26,0.4,0.13,0.4,15.1,0,22,32,10,25,5,11,,,0,2,28,11,39.3,1.85,0.73,0.07,0.18,0,0
GER-Bundesliga,2425,Leverkusen,Nordi Mukiele,FRA,"DF,MF",26,1997,15,10,899,10.0,1,0,1,1,0,0,4,0,0.1,0.0,0.1,0.1,0.1,10.0,0,6,14,1,13,16,17,,,1,1,7,3,42.9,0.7,0.3,0.14,0.33,0,0
GER-Bundesliga,2425,Leverkusen,Patrik Schick,CZE,FW,28,1996,31,19,1684,18.7,21,0,21,20,1,1,4,0,1.12,0.0,1.12,1.07,1.07,18.7,0,23,23,7,1,4,5,,,0,21,68,34,50.0,3.63,1.82,0.29,0.59,1,1
GER-Bundesliga,2425,Leverkusen,Piero Hincapié,ECU,DF,22,2002,32,28,2670,29.7,2,2,4,2,0,0,8,0,0.07,0.07,0.13,0.07,0.13,29.7,0,26,43,0,36,32,40,,,1,2,22,3,13.6,0.74,0.1,0.09,0.67,0,0
GER-Bundesliga,2425,Leverkusen,Robert Andrich,GER,"MF,DF",29,1994,23,19,1598,17.8,2,2,4,2,0,0,7,0,0.11,0.11,0.23,0.11,0.23,17.8,0,29,17,0,12,27,12,,,0,2,21,5,23.8,1.18,0.28,0.1,0.4,0,0
GER-Bundesliga,2425,Leverkusen,Victor Boniface,NGA,FW,23,2000,19,12,1008,11.2,8,1,9,8,0,1,2,0,0.71,0.09,0.8,0.71,0.8,11.2,0,14,8,6,6,0,4,,,0,8,51,18,35.3,4.55,1.61,0.16,0.44,0,1
GER-Bundesliga,2425,Leverkusen,Álex Grimaldo,ESP,MF,28,1995,32,31,2636,29.3,2,7,9,2,0,0,6,1,0.07,0.24,0.31,0.07,0.31,29.3,1,15,25,8,217,17,15,,,0,2,44,14,31.8,1.5,0.48,0.05,0.14,0,0
GER-Bundesliga,2425,Mainz 05,Andreas Hanche-Olsen,NOR,DF,27,1997,22,12,1284,14.3,1,1,2,1,0,0,4,1,0.07,0.07,0.14,0.07,0.14,14.3,1,20,8,0,1,11,14,,,0,1,12,2,16.7,0.84,0.14,0.08,0.5,0,0
GER-Bundesliga,2425,Mainz 05,Anthony Caci,FRA,MF,27,1997,33,33,2684,29.8,1,7,8,1,0,0,6,0,0.03,0.23,0.27,0.03,0.27,29.8,0,37,11,15,134,27,37,,,0,1,32,12,37.5,1.07,0.4,0.03,0.08,0,0
GER-Bundesliga,2425,Mainz 05,Armindo Sieb,GER,"MF,FW",21,2003,27,5,762,8.5,2,2,4,2,0,0,2,0,0.24,0.24,0.47,0.24,0.47,8.5,0,13,13,10,6,1,5,,,0,2,29,7,24.1,3.43,0.83,0.07,0.29,0,0
GER-Bundesliga,2425,Mainz 05,Arnaud Nordin,FRA,"FW,MF",26,1998,6,0,80,0.9,0,0,0,0,0,0,0,0,0.0,0.0,0.0,0.0,0.0,0.9,0,1,3,0,9,0,0,,,0,0,1,0,0.0,1.13,0.0,0.0,,0,0
GER-Bundesliga,2425,Mainz 05,Aymen Barkok,MAR,MF,26,1998,4,0,73,0.8,0,0,0,0,0,0,0,0,0.0,0.0,0.0,0.0,0.0,0.8,0,2,1,0,5,2,1,,,0,0,0,0,,0.0,0.0,,,0,0
GER-Bundesliga,2425,Mainz 05,Danny da Costa,GER,DF,31,1993,25,25,2006,22.3,0,1,1,0,0,0,0,0,0.0,0.04,0.04,0.0,0.04,22.3,0,19,4,0,22,29,24,,,0,0,5,1,20.0,0.22,0.04,0.0,0.0,0,0
GER-Bundesliga,2425,Mainz 05,Dominik Kohr,GER,"DF,MF",30,1994,28,28,2295,25.5,2,0,2,2,0,0,11,1,0.08,0.0,0.08,0.08,0.08,25.5,0,46,36,1,14,42,46,,,0,2,13,5,38.5,0.51,0.2,0.15,0.4,0,0
GER-Bundesliga,2425,Mainz 05,Gabriel Vidovic,CRO,MF,20,2003,1,0,4,0.0,0,0,0,0,0,0,0,0,0.0,0.0,0.0,0.0,0.0,0.0,0,0,1,0,0,0,0,,,0,0,1,0,0.0,22.5,0.0,0.0,,0,0
GER-Bundesliga,2425,Mainz 05,Hong Hyunseok,KOR,MF,25,1999,23,4,530,5.9,0,1,1,0,0,0,0,0,0.0,0.17,0.17,0.0,0.17,5.9,0,3,8,1,4,7,3,,,0,0,5,2,40.0,0.85,0.34,0.0,0.0,0,0
GER-Bundesliga,2425,Mainz 05,Jonathan Burkardt,GER,FW,24,2000,29,28,2109,23.4,18,2,20,16,2,2,0,0,0.77,0.09,0.85,0.68,0.77,23.4,0,23,24,11,27,1,7,,,0,18,72,30,41.7,3.07,1.28,0.22,0.53,2,2
GER-Bundesliga,2425,Mainz 05,Kaishū Sano,JPN,MF,23,2000,34,34,3043,33.8,0,0,0,0,0,0,3,0,0.0,0.0,0.0,0.0,0.0,33.8,0,16,33,2,11,63,33,,,0,0,20,2,10.0,0.59,0.06,0.0,0.0,0,0
GER-Bundesliga,2425,Mainz 05,Karim Onisiwo,AUT,MF,32,1992,6,1,110,1.2,0,0,0,0,0,0,0,0,0.0,0.0,0.0,0.0,0.0,1.2,0,3,2,1,2,0,0,,,0,0,3,0,0.0,2.45,0.0,0.0,,0,0
GER-Bundesliga,2425,Mainz 05,Lasse Rieß,GER,GK,23,2001,2,2,180,2.0,0,0,0,0,0,0,0,0,0.0,0.0,0.0,0.0,0.0,2.0,0,0,0,0,0,0,0,,,0,0,0,0,,0.0,0.0,,,0,0
GER-Bundesliga,2425,Mainz 05,Lee Jae-sung,KOR,MF,31,1992,33,31,2650,29.4,7,6,13,7,0,0,4,0,0.24,0.2,0.44,0.24,0.44,29.4,0,23,40,9,31,37,24,,,0,7,39,16,41.0,1.32,0.54,0.18,0.44,0,0
GER-Bundesliga,2425,Mainz 05,Lennard Maloney,USA,"DF,MF",24,1999,5,0,26,0.3,0,0,0,0,0,0,1,0,0.0,0.0,0.0,0.0,0.0,0.3,0,2,0,0,0,0,1,,,0,0,0,0,,0.0,0.0,,,0,0
GER-Bundesliga,2425,Mainz 05,Maxim Leitsch,GER,DF,26,1998,14,6,674,7.5,1,0,1,1,0,0,2,0,0.13,0.0,0.13,0.13,0.13,7.5,0,10,4,0,3,8,4,,,0,1,6,1,16.7,0.8,0.13,0.17,1.0,0,0
GER-Bundesliga,2425,Mainz 05,Moritz Jenz,GER,DF,25,1999,19,18,1600,17.8,0,0,0,0,0,0,4,0,0.0,0.0,0.0,0.0,0.0,17.8,0,27,6,1,0,29,23,,,0,0,10,4,40.0,0.56,0.23,0.0,0.0,0,0
GER-Bundesliga,2425,Mainz 05,Nadiem Amiri,GER,MF,27,1996,30,30,2473,27.5,7,5,12,5,2,2,9,2,0.25,0.18,0.44,0.18,0.36,27.5,1,44,51,2,165,19,28,,,0,7,62,26,41.9,2.26,0.95,0.08,0.19,2,2
GER-Bundesliga,2425,Mainz 05,Nelson Weiper,GER,FW,19,2005,23,7,704,7.8,3,2,5,3,0,0,2,0,0.38,0.26,0.64,0.38,0.64,7.8,0,19,0,7,6,2,4,,,0,3,23,13,56.5,2.94,1.66,0.13,0.23,0,0
GER-Bundesliga,2425,Mainz 05,Nikolas Veratschnig,AUT,MF,21,2003,15,2,364,4.0,0,0,0,0,0,0,1,0,0.0,0.0,0.0,0.0,0.0,4.0,0,9,6,4,7,4,7,,,0,0,7,1,14.3,1.73,0.25,0.0,0.0,0,0
GER-Bundesliga,2425,Mainz 05,Paul Nebel,GER,MF,21,2002,31,26,2345,26.1,10,4,14,10,0,0,5,1,0.38,0.15,0.54,0.38,0.54,26.1,1,37,38,5,111,14,27,,,0,10,44,18,40.9,1.69,0.69,0.23,0.56,0,0
GER-Bundesliga,2425,Mainz 05,Phillipp Mwene,AUT,MF,30,1994,32,32,2607,29.0,1,4,5,1,0,0,7,0,0.03,0.14,0.17,0.03,0.17,29.0,0,24,24,3,86,24,30,,,0,1,21,5,23.8,0.72,0.17,0.05,0.2,0,0
GER-Bundesliga,2425,Mainz 05,Robin Zentner,GER,GK,29,1994,32,32,2880,32.0,0,0,0,0,0,0,3,0,0.0,0.0,0.0,0.0,0.0,32.0,0,1,2,0,0,0,1,,,0,0,1,0,0.0,0.03,0.0,0.0,,0,0
GER-Bundesliga,2425,Mainz 05,Silvan Widmer,SUI,MF,31,1993,27,3,504,5.6,0,1,1,0,0,0,3,0,0.0,0.18,0.18,0.0,0.18,5.6,0,5,4,2,12,5,5,,,0,0,3,1,33.3,0.54,0.18,0.0,0.0,0,0
GER-Bundesliga,2425,Mainz 05,Stefan Bell,GER,DF,32,1991,18,15,1436,16.0,0,1,1,0,0,0,4,0,0.0,0.06,0.06,0.0,0.06,16.0,0,24,10,3,0,28,11,,,0,0,12,4,33.3,0.75,0.25,0.0,0.0,0,0
GER-Bundesliga,2425,RB Leipzig,Amadou Haidara,MLI,MF,26,1998,28,16,1320,14.7,0,1,1,0,0,0,7,0,0.0,0.07,0.07,0.0,0.07,14.7,0,23,8,0,12,18,17,,,0,0,18,2,11.1,1.23,0.14,0.0,0.0,0,0
GER-Bundesliga,2425,RB Leipzig,André Silva,POR,FW,28,1995,8,0,132,1.5,1,2,3,0,1,1,0,0,0.68,1.36,2.05,0.0,1.36,1.5,0,0,2,0,0,0,1,,,0,1,8,3,37.5,5.45,2.05,0.0,0.0,1,1
GER-Bundesliga,2425,RB Leipzig,Antonio Nusa,NOR,"MF,DF",19,2005,25,16,1558,17.3,3,3,6,3,0,0,0,0,0.17,0.17,0.35,0.17,0.35,17.3,0,14,28,9,35,8,17,,,0,3,24,7,29.2,1.39,0.4,0.13,0.43,0,0
GER-Bundesliga,2425,RB Leipzig,Arthur Vermeeren,BEL,MF,19,2005,28,18,1572,17.5,0,2,2,0,0,0,7,0,0.0,0.11,0.11,0.0,0.11,17.5,0,22,1,0,3,23,20,,,0,0,4,1,25.0,0.23,0.06,0.0,0.0,0,0
GER-Bundesliga,2425,RB Leipzig,Assan Ouédraogo,GER,MF,18,2006,3,0,50,0.6,0,0,0,0,0,0,0,0,0.0,0.0,0.0,0.0,0.0,0.6,0,1,3,0,1,0,0,,,0,0,1,0,0.0,1.8,0.0,0.0,,0,0
GER-Bundesliga,2425,RB Leipzig,Benjamin Henrichs,GER,"DF,MF",27,1997,15,10,935,10.4,0,2,2,0,0,0,3,0,0.0,0.19,0.19,0.0,0.19,10.4,0,13,9,0,19,15,16,,,0,0,10,1,10.0,0.96,0.1,0.0,0.0,0,0
GER-Bundesliga,2425,RB Leipzig,Benjamin Šeško,SVN,"FW,MF",21,2003,33,30,2380,26.4,13,5,18,11,2,2,2,1,0.49,0.19,0.68,0.42,0.61,26.4,1,26,20,18,7,4,3,,,0,13,68,31,45.6,2.57,1.17,0.16,0.35,2,2
GER-Bundesliga,2425,RB Leipzig,Castello Lukeba,FRA,DF,21,2002,23,18,1577,17.5,0,0,0,0,0,0,2,0,0.0,0.0,0.0,0.0,0.0,17.5,0,12,15,0,11,18,18,,,0,0,4,1,25.0,0.23,0.06,0.0,0.0,0,0
GER-Bundesliga,2425,RB Leipzig,Christoph Baumgartner,AUT,"MF,FW",24,1999,31,18,1610,17.9,2,1,3,2,0,0,5,0,0.11,0.06,0.17,0.11,0.17,17.9,0,44,29,4,14,12,25,,,0,2,39,15,38.5,2.18,0.84,0.05,0.13,0,0
GER-Bundesliga,2425,RB Leipzig,David Raum,GER,"MF,DF",26,1998,22,21,1783,19.8,1,5,6,1,0,0,5,0,0.05,0.25,0.3,0.05,0.3,19.8,0,23,10,6,188,10,28,,,0,1,9,4,44.4,0.45,0.2,0.11,0.25,0,0
GER-Bundesliga,2425,RB Leipzig,El Chadaille Bitshiabu,FRA,DF,19,2005,21,13,1130,12.6,0,0,0,0,0,0,2,1,0.0,0.0,0.0,0.0,0.0,12.6,0,8,2,0,4,13,19,,,0,0,5,3,60.0,0.4,0.24,0.0,0.0,0,0
GER-Bundesliga,2425,RB Leipzig,Elif Elmas,MKD,"FW,MF",24,1999,2,0,44,0.5,0,0,0,0,0,0,1,0,0.0,0.0,0.0,0.0,0.0,0.5,0,2,0,1,0,0,1,,,0,0,2,1,50.0,4.09,2.05,0.0,0.0,0,0
GER-Bundesliga,2425,RB Leipzig,Faik Sakar,GER,MF,16,2008,1,0,1,0.0,0,0,0,0,0,0,0,0,0.0,0.0,0.0,0.0,0.0,0.0,0,0,0,0,0,0,0,,,0,0,0,0,,0.0,0.0,,,0,0
GER-Bundesliga,2425,RB Leipzig,Kevin Kampl,SVN,MF,33,1990,26,18,1593,17.7,1,0,1,1,0,0,5,0,0.06,0.0,0.06,0.06,0.06,17.7,0,20,7,1,29,22,20,,,0,1,7,2,28.6,0.4,0.11,0.14,0.5,0,0
GER-Bundesliga,2425,RB Leipzig,Kosta Nedeljković,SRB,"DF,MF",18,2005,10,6,479,5.3,0,0,0,0,0,0,1,0,0.0,0.0,0.0,0.0,0.0,5.3,0,7,1,1,17,2,8,,,0,0,4,0,0.0,0.75,0.0,0.0,,0,0
GER-Bundesliga,2425,RB Leipzig,Loïs Openda,BEL,FW,24,2000,33,28,2453,27.3,9,5,14,9,0,1,5,1,0.33,0.18,0.51,0.33,0.51,27.3,1,29,77,27,27,5,4,,,0,9,78,33,42.3,2.86,1.21,0.12,0.27,0,1
GER-Bundesliga,2425,RB Leipzig,Lukas Klostermann,GER,DF,28,1996,28,20,1838,20.4,1,0,1,1,0,0,5,0,0.05,0.0,0.05,0.05,0.05,20.4,0,13,7,0,12,25,14,,,0,1,4,2,50.0,0.2,0.1,0.25,0.5,0,0
GER-Bundesliga,2425,RB Leipzig,Lutsharel Geertruida,NED,DF,24,2000,24,17,1557,17.3,1,0,1,1,0,0,2,0,0.06,0.0,0.06,0.06,0.06,17.3,0,17,6,1,13,16,24,,,0,1,8,2,25.0,0.46,0.12,0.13,0.5,0,0
GER-Bundesliga,2425,RB Leipzig,Maarten Vandevoordt,BEL,GK,22,2002,6,4,429,4.8,0,0,0,0,0,0,0,0,0.0,0.0,0.0,0.0,0.0,4.8,0,0,0,0,0,0,0,,,0,0,0,0,,0.0,0.0,,,0,0
GER-Bundesliga,2425,RB Leipzig,Mohamed Simakan,FRA,DF,24,2000,1,1,54,0.6,0,0,0,0,0,0,0,0,0.0,0.0,0.0,0.0,0.0,0.6,0,0,1,0,1,2,0,,,0,0,0,0,,0.0,0.0,,,0,0
GER-Bundesliga,2425,RB Leipzig,Nicolas Seiwald,AUT,"MF,DF",23,2001,30,20,2084,23.2,0,0,0,0,0,0,2,0,0.0,0.0,0.0,0.0,0.0,23.2,0,27,2,0,46,31,32,,,0,0,5,0,0.0,0.22,0.0,0.0,,0,0
GER-Bundesliga,2425,RB Leipzig,Péter Gulácsi,HUN,GK,34,1990,30,30,2631,29.2,0,0,0,0,0,0,0,0,0.0,0.0,0.0,0.0,0.0,29.2,0,0,1,0,0,0,1,,,0,0,0,0,,0.0,0.0,,,0,0
GER-Bundesliga,2425,RB Leipzig,Ridle Baku,GER,MF,26,1998,19,15,1275,14.2,2,3,5,2,0,0,1,0,0.14,0.21,0.35,0.14,0.35,14.2,0,13,14,3,33,11,19,,,0,2,17,5,29.4,1.2,0.35,0.12,0.4,0,0
GER-Bundesliga,2425,RB Leipzig,Tidiam Gomis,FRA,FW,17,2006,8,1,152,1.7,0,1,1,0,0,0,2,0,0.0,0.59,0.59,0.0,0.59,1.7,0,3,2,2,4,1,0,,,0,0,5,1,20.0,2.96,0.59,0.0,0.0,0,0
GER-Bundesliga,2425,RB Leipzig,Viggo Gebel,GER,MF,16,2007,1,0,14,0.2,0,0,0,0,0,0,0,0,0.0,0.0,0.0,0.0,0.0,0.2,0,0,1,0,0,0,0,,,0,0,0,0,,0.0,0.0,,,0,0
GER-Bundesliga,2425,RB Leipzig,Willi Orban,HUN,DF,31,1992,25,25,2222,24.7,5,0,5,5,0,0,4,2,0.2,0.0,0.2,0.2,0.2,24.7,0,23,14,4,5,20,24,,,0,5,22,7,31.8,0.89,0.28,0.23,0.71,0,0
GER-Bundesliga,2425,RB Leipzig,Xaver Schlager,AUT,MF,26,1997,4,2,181,2.0,0,0,0,0,0,0,1,0,0.0,0.0,0.0,0.0,0.0,2.0,0,4,3,0,1,0,1,,,0,0,1,0,0.0,0.5,0.0,0.0,,0,0
GER-Bundesliga,2425,RB Leipzig,Xavi Simons,NED,MF,21,2003,25,25,2150,23.9,10,6,16,10,0,0,5,0,0.42,0.25,0.67,0.42,0.67,23.9,0,24,56,5,80,13,22,,,0,10,50,23,46.0,2.09,0.96,0.2,0.43,0,0
GER-Bundesliga,2425,RB Leipzig,Yussuf Poulsen,DEN,"MF,FW",30,1994,22,2,378,4.2,2,0,2,2,0,0,1,0,0.48,0.0,0.48,0.48,0.48,4.2,0,8,14,1,2,0,5,,,0,2,14,7,50.0,3.33,1.67,0.14,0.29,0,0
GER-Bundesliga,2425,St Pauli,Abdoulie Ceesay,GAM,FW,20,2004,7,0,60,0.7,0,0,0,0,0,0,1,0,0.0,0.0,0.0,0.0,0.0,0.7,0,2,3,0,0,0,3,,,0,0,0,0,,0.0,0.0,,,0,0
GER-Bundesliga,2425,St Pauli,Adam Dźwigała,POL,DF,28,1995,16,2,373,4.1,0,0,0,0,0,0,2,1,0.0,0.0,0.0,0.0,0.0,4.1,0,5,3,0,3,3,10,,,0,0,6,0,0.0,1.45,0.0,0.0,,0,0
GER-Bundesliga,2425,St Pauli,Andreas Albers,DEN,"FW,MF",34,1990,14,0,62,0.7,1,0,1,1,0,0,0,0,1.45,0.0,1.45,1.45,1.45,0.7,0,3,2,0,0,0,0,,,0,1,3,1,33.3,4.35,1.45,0.33,1.0,0,0
GER-Bundesliga,2425,St Pauli,Ben Alexander Voll,GER,GK,23,2000,2,1,91,1.0,0,0,0,0,0,0,1,0,0.0,0.0,0.0,0.0,0.0,1.0,0,0,0,0,0,0,0,,,0,0,0,0,,0.0,0.0,,,0,0
GER-Bundesliga,2425,St Pauli,Carlo Boukhalfa,MAR,MF,25,1999,25,19,1646,18.3,2,0,2,2,0,0,1,0,0.11,0.0,0.11,0.11,0.11,18.3,0,18,17,2,11,10,11,,,0,2,21,4,19.0,1.15,0.22,0.1,0.5,0,0
GER-Bundesliga,2425,St Pauli,Connor Metcalfe,AUS,"MF,FW",24,1999,10,3,358,4.0,0,0,0,0,0,0,2,1,0.0,0.0,0.0,0.0,0.0,4.0,1,5,4,0,7,3,0,,,0,0,6,3,50.0,1.51,0.75,0.0,0.0,0,0
GER-Bundesliga,2425,St Pauli,Danel Sinani,LUX,"FW,MF",27,1997,26,14,1250,13.9,2,2,4,2,0,0,3,0,0.14,0.14,0.29,0.14,0.29,13.9,0,25,14,4,70,2,11,,,0,2,35,12,34.3,2.52,0.86,0.06,0.17,0,0
GER-Bundesliga,2425,St Pauli,Dapo Afolayan,ENG,"FW,MF",26,1997,32,17,1639,18.2,3,1,4,3,0,0,3,0,0.16,0.05,0.22,0.16,0.22,18.2,0,21,42,9,50,8,8,,,0,3,38,13,34.2,2.09,0.71,0.08,0.23,0,0
GER-Bundesliga,2425,St Pauli,David Nemeth,AUT,DF,23,2001,24,24,2137,23.7,0,1,1,0,0,0,3,0,0.0,0.04,0.04,0.0,0.04,23.7,0,21,14,0,7,18,29,,,0,0,5,1,20.0,0.21,0.04,0.0,0.0,0,0
GER-Bundesliga,2425,St Pauli,Elias Saad,TUN,"FW,MF",24,1999,18,10,900,10.0,3,2,5,3,0,0,1,0,0.3,0.2,0.5,0.3,0.5,10.0,0,17,24,7,14,4,14,,,0,3,26,8,30.8,2.6,0.8,0.12,0.38,0,0
GER-Bundesliga,2425,St Pauli,Eric Smith,SWE,"DF,MF",27,1997,32,32,2827,31.4,1,1,2,1,0,0,7,0,0.03,0.03,0.06,0.03,0.06,31.4,0,27,24,3,100,37,27,,,0,1,24,9,37.5,0.76,0.29,0.04,0.11,0,0
GER-Bundesliga,2425,St Pauli,Erik Ahlstrand,SWE,MF,22,2001,5,0,43,0.5,0,0,0,0,0,0,0,0,0.0,0.0,0.0,0.0,0.0,0.5,0,0,0,1,0,1,0,,,0,0,0,0,,0.0,0.0,,,0,0
GER-Bundesliga,2425,St Pauli,Finley Stevens,WAL,DF,21,2003,1,0,1,0.0,0,0,0,0,0,0,0,0,0.0,0.0,0.0,0.0,0.0,0.0,0,0,0,0,0,0,0,,,0,0,0,0,,0.0,0.0,,,0,0
GER-Bundesliga,2425,St Pauli,Hauke Wahl,GER,DF,30,1994,33,33,2970,33.0,0,0,0,0,0,0,1,0,0.0,0.0,0.0,0.0,0.0,33.0,0,13,15,2,8,29,29,,,0,0,11,4,36.4,0.33,0.12,0.0,0.0,0,0
GER-Bundesliga,2425,St Pauli,Jackson Irvine,AUS,MF,31,1993,29,29,2610,29.0,0,6,6,0,0,0,2,0,0.0,0.21,0.21,0.0,0.21,29.0,0,38,16,2,17,35,29,,,0,0,41,13,31.7,1.41,0.45,0.0,0.0,0,0
GER-Bundesliga,2425,St Pauli,James Sands,USA,MF,24,2000,7,5,453,5.0,0,0,0,0,0,0,1,0,0.0,0.0,0.0,0.0,0.0,5.0,0,11,5,1,2,6,7,,,0,0,1,0,0.0,0.2,0.0,0.0,,0,0
GER-Bundesliga,2425,St Pauli,Johannes Eggestein,GER,FW,26,1998,27,22,1853,20.6,3,4,7,2,1,2,3,0,0.15,0.19,0.34,0.1,0.29,20.6,0,12,12,14,35,0,4,,,0,3,36,13,36.1,1.75,0.63,0.06,0.15,1,2
GER-Bundesliga,2425,St Pauli,Karol Mets,EST,DF,31,1993,10,10,900,10.0,0,0,0,0,0,0,1,0,0.0,0.0,0.0,0.0,0.0,10.0,0,7,5,0,3,11,8,,,0,0,3,0,0.0,0.3,0.0,0.0,,0,0
GER-Bundesliga,2425,St Pauli,Lars Ritzka,GER,"MF,DF",26,1998,21,11,922,10.2,1,0,1,1,0,0,1,0,0.1,0.0,0.1,0.1,0.1,10.2,0,10,6,1,19,10,28,,,0,1,8,1,12.5,0.78,0.1,0.13,1.0,0,0
GER-Bundesliga,2425,St Pauli,Manolis Saliakas,GRE,MF,27,1996,30,26,2314,25.7,2,1,3,2,0,0,4,0,0.08,0.04,0.12,0.08,0.12,25.7,0,16,15,0,83,16,23,,,0,2,29,6,20.7,1.13,0.23,0.07,0.33,0,0
GER-Bundesliga,2425,St Pauli,Maurides,BRA,FW,30,1994,1,0,2,0.0,0,0,0,0,0,0,0,0,0.0,0.0,0.0,0.0,0.0,0.0,0,0,0,0,0,0,0,,,0,0,0,0,,0.0,0.0,,,0,0
GER-Bundesliga,2425,St Pauli,Morgan Guilavogui,GUI,"FW,MF",26,1998,25,21,1807,20.1,6,2,8,6,0,0,6,0,0.3,0.1,0.4,0.3,0.4,20.1,0,47,34,11,10,13,19,,,0,6,41,15,36.6,2.04,0.75,0.15,0.4,0,0
GER-Bundesliga,2425,St Pauli,Nikola Vasilj,BIH,GK,28,1995,33,33,2969,33.0,0,0,0,0,0,0,2,1,0.0,0.0,0.0,0.0,0.0,33.0,1,1,1,0,0,0,0,,,0,0,0,0,,0.0,0.0,,,0,0
GER-Bundesliga,2425,St Pauli,Noah Weißhaupt,GER,"FW,MF",22,2001,19,13,1160,12.9,1,0,1,1,0,0,0,0,0.08,0.0,0.08,0.08,0.08,12.9,0,10,42,6,72,1,6,,,0,1,18,4,22.2,1.4,0.31,0.06,0.25,0,0
GER-Bundesliga,2425,St Pauli,Philipp Treu,GER,MF,23,2000,33,33,2881,32.0,0,2,2,0,0,0,2,0,0.0,0.06,0.06,0.0,0.06,32.0,0,20,36,2,59,22,43,,,1,0,18,4,22.2,0.56,0.12,0.0,0.0,0,0
GER-Bundesliga,2425,St Pauli,Robert Wagner,GER,MF,21,2003,12,5,407,4.5,0,0,0,0,0,0,1,0,0.0,0.0,0.0,0.0,0.0,4.5,0,6,5,0,2,2,4,,,0,0,2,0,0.0,0.44,0.0,0.0,,0,0
GER-Bundesliga,2425,St Pauli,Scott Banks,SCO,MF,22,2001,12,0,116,1.3,0,0,0,0,0,0,1,0,0.0,0.0,0.0,0.0,0.0,1.3,0,2,4,0,6,2,1,,,0,0,3,0,0.0,2.33,0.0,0.0,,0,0
GER-Bundesliga,2425,St Pauli,Siebe Van Der Heyden,BEL,"DF,MF",26,1998,13,11,872,9.7,1,0,1,1,0,0,4,1,0.1,0.0,0.1,0.1,0.1,9.7,1,16,9,0,18,15,10,,,0,1,3,2,66.7,0.31,0.21,0.33,0.5,0,0
GER-Bundesliga,2425,Stuttgart,Alexander Nübel,GER,GK,27,1996,34,34,3060,34.0,0,1,1,0,0,0,0,0,0.0,0.03,0.03,0.0,0.03,34.0,0,0,4,0,0,0,0,,,0,0,0,0,,0.0,0.0,,,0,0
GER-Bundesliga,2425,Stuttgart,Ameen Al-Dakhil,BEL,DF,22,2002,7,6,432,4.8,0,0,0,0,0,0,0,1,0.0,0.0,0.0,0.0,0.0,4.8,0,4,5,0,0,9,6,,,0,0,1,0,0.0,0.21,0.0,0.0,,0,0
GER-Bundesliga,2425,Stuttgart,Angelo Stiller,GER,MF,23,2001,32,31,2741,30.5,1,8,9,1,0,0,6,0,0.03,0.26,0.3,0.03,0.3,30.5,0,21,48,1,94,26,26,,,1,1,21,4,19.0,0.69,0.13,0.05,0.25,0,0
GER-Bundesliga,2425,Stuttgart,Anrie Chase,JPN,DF,20,2004,12,7,734,8.2,0,0,0,0,0,0,1,0,0.0,0.0,0.0,0.0,0.0,8.2,0,12,2,0,4,9,5,,,0,0,5,0,0.0,0.61,0.0,0.0,,0,0
GER-Bundesliga,2425,Stuttgart,Anthony Rouault,FRA,DF,23,2001,18,14,1212,13.5,1,0,1,1,0,0,1,0,0.07,0.0,0.07,0.07,0.07,13.5,0,19,8,0,1,17,11,,,0,1,5,1,20.0,0.37,0.07,0.2,1.0,0,0
GER-Bundesliga,2425,Stuttgart,Atakan Karazor,TUR,MF,27,1996,32,31,2618,29.1,2,4,6,2,0,0,10,1,0.07,0.14,0.21,0.07,0.21,29.1,1,37,59,2,4,33,32,,,0,2,14,7,50.0,0.48,0.24,0.14,0.29,0,0
GER-Bundesliga,2425,Stuttgart,Chris Führich,GER,MF,26,1998,33,23,1981,22.0,2,3,5,2,0,0,1,0,0.09,0.14,0.23,0.09,0.23,22.0,0,9,6,1,83,7,11,,,0,2,36,12,33.3,1.64,0.55,0.06,0.17,0,0
GER-Bundesliga,2425,Stuttgart,Dan-Axel Zagadou,FRA,DF,25,1999,2,0,29,0.3,0,0,0,0,0,0,1,0,0.0,0.0,0.0,0.0,0.0,0.3,0,1,0,0,0,1,0,,,0,0,0,0,,0.0,0.0,,,0,0
GER-Bundesliga,2425,Stuttgart,Deniz Undav,GER,"FW,MF",28,1996,27,20,1726,19.2,9,3,12,9,0,0,4,0,0.47,0.16,0.63,0.47,0.63,19.2,0,25,22,12,11,2,10,,,0,9,75,31,41.3,3.91,1.62,0.12,0.29,0,0
GER-Bundesliga,2425,Stuttgart,El Bilal Touré,MLI,FW,22,2001,12,3,356,4.0,2,1,3,2,0,0,0,0,0.51,0.25,0.76,0.51,0.76,4.0,0,9,3,1,0,0,1,,,0,2,14,4,28.6,3.54,1.01,0.14,0.5,0,0
GER-Bundesliga,2425,Stuttgart,Enzo Millot,FRA,MF,22,2002,29,22,1843,20.5,6,5,11,6,0,1,9,0,0.29,0.24,0.54,0.29,0.54,20.5,0,25,37,3,41,13,13,,,0,6,44,19,43.2,2.15,0.93,0.14,0.32,0,1
GER-Bundesliga,2425,Stuttgart,Ermedin Demirović,BIH,FW,26,1998,34,20,1855,20.6,15,1,16,15,0,2,2,0,0.73,0.05,0.78,0.73,0.78,20.6,0,24,27,18,3,1,7,,,0,15,65,30,46.2,3.15,1.46,0.23,0.5,0,2
GER-Bundesliga,2425,Stuttgart,Fabian Rieder,SUI,MF,22,2002,21,8,867,9.6,1,3,4,1,0,0,1,0,0.1,0.31,0.42,0.1,0.42,9.6,0,14,11,0,40,11,15,,,0,1,20,7,35.0,2.08,0.73,0.05,0.14,0,0
GER-Bundesliga,2425,Stuttgart,Finn Jeltsch,GER,DF,18,2006,12,9,780,8.7,0,0,0,0,0,0,2,0,0.0,0.0,0.0,0.0,0.0,8.7,0,7,5,0,3,13,14,,,0,0,2,0,0.0,0.23,0.0,0.0,,0,0
GER-Bundesliga,2425,Stuttgart,Frans Krätzig,GER,DF,21,2003,1,1,56,0.6,0,0,0,0,0,0,0,0,0.0,0.0,0.0,0.0,0.0,0.6,0,1,0,0,1,0,1,,,0,0,0,0,,0.0,0.0,,,0,0
GER-Bundesliga,2425,Stuttgart,Jacob Bruun Larsen,DEN,MF,25,1998,15,3,414,4.6,1,0,1,1,0,0,1,0,0.22,0.0,0.22,0.22,0.22,4.6,0,2,2,6,17,1,1,,,0,1,6,3,50.0,1.3,0.65,0.17,0.33,0,0
GER-Bundesliga,2425,Stuttgart,Jamie Leweling,GER,MF,23,2001,27,22,1663,18.5,2,2,4,2,0,0,4,0,0.11,0.11,0.22,0.11,0.22,18.5,0,17,29,4,57,11,7,,,0,2,29,16,55.2,1.57,0.87,0.07,0.13,0,0
GER-Bundesliga,2425,Stuttgart,Jarzinho Malanga,GER,MF,18,2006,1,0,2,0.0,0,0,0,0,0,0,0,0,0.0,0.0,0.0,0.0,0.0,0.0,0,0,0,0,0,0,0,,,0,0,0,0,,0.0,0.0,,,0,0
GER-Bundesliga,2425,Stuttgart,Josha Vagnoman,GER,"DF,MF",23,2000,26,19,1834,20.4,1,1,2,1,0,0,4,0,0.05,0.05,0.1,0.05,0.1,20.4,0,18,20,0,44,14,13,,,0,1,15,7,46.7,0.74,0.34,0.07,0.14,0,0
GER-Bundesliga,2425,Stuttgart,Julian Chabot,GER,DF,26,1998,31,27,2269,25.2,3,1,4,3,0,0,11,1,0.12,0.04,0.16,0.12,0.16,25.2,1,35,28,5,2,35,25,,,0,3,19,4,21.1,0.75,0.16,0.16,0.75,0,0
GER-Bundesliga,2425,Stuttgart,Justin Diehl,GER,MF,19,2004,6,0,104,1.2,1,0,1,1,0,0,0,0,0.87,0.0,0.87,0.87,0.87,1.2,0,2,0,0,10,0,0,,,0,1,7,1,14.3,6.06,0.87,0.14,1.0,0,0
GER-Bundesliga,2425,Stuttgart,Leonidas Stergiou,SUI,DF,22,2002,12,11,852,9.5,1,2,3,1,0,0,0,1,0.11,0.21,0.32,0.11,0.32,9.5,0,6,0,1,14,14,11,,,0,1,3,1,33.3,0.32,0.11,0.33,1.0,0,0
GER-Bundesliga,2425,Stuttgart,Luca Jaquez,SUI,DF,21,2003,5,2,253,2.8,0,0,0,0,0,0,0,0,0.0,0.0,0.0,0.0,0.0,2.8,0,4,0,0,1,3,0,,,0,0,1,0,0.0,0.36,0.0,0.0,,0,0
GER-Bundesliga,2425,Stuttgart,Maximilian Mittelstädt,GER,"DF,MF",27,1997,31,28,2469,27.4,1,7,8,1,0,0,5,0,0.04,0.26,0.29,0.04,0.29,27.4,0,24,38,2,166,47,55,,,0,1,21,4,19.0,0.77,0.15,0.05,0.25,0,0
GER-Bundesliga,2425,Stuttgart,Nick Woltemade,GER,"FW,MF",22,2002,28,17,1622,18.0,12,2,14,10,2,3,5,1,0.67,0.11,0.78,0.55,0.67,18.0,1,24,35,6,6,1,6,,,0,12,49,26,53.1,2.72,1.44,0.2,0.38,2,3
GER-Bundesliga,2425,Stuttgart,Nikolas Nartey,DEN,MF,24,2000,1,0,22,0.2,0,0,0,0,0,0,0,0,0.0,0.0,0.0,0.0,0.0,0.2,0,0,0,0,0,0,0,,,0,0,0,0,,0.0,0.0,,,0,0
GER-Bundesliga,2425,Stuttgart,Pascal Stenzel,GER,DF,28,1996,10,4,290,3.2,0,0,0,0,0,0,0,0,0.0,0.0,0.0,0.0,0.0,3.2,0,4,2,0,27,2,2,,,0,0,8,2,25.0,2.48,0.62,0.0,0.0,0,0
GER-Bundesliga,2425,Stuttgart,Ramon Hendriks,NED,DF,23,2001,25,10,1154,12.8,0,1,1,0,0,0,3,0,0.0,0.08,0.08,0.0,0.08,12.8,0,12,14,0,12,15,11,,,0,0,5,1,20.0,0.39,0.08,0.0,0.0,0,0
GER-Bundesliga,2425,Stuttgart,Yannik Keitel,GER,MF,24,2000,11,2,270,3.0,0,0,0,0,0,0,1,0,0.0,0.0,0.0,0.0,0.0,3.0,0,2,6,0,2,4,6,,,0,0,5,2,40.0,1.67,0.67,0.0,0.0,0,0
GER-Bundesliga,2425,Union Berlin,Alexander Schwolow,GER,GK,32,1992,6,6,540,6.0,0,0,0,0,0,0,0,0,0.0,0.0,0.0,0.0,0.0,6.0,0,0,0,0,0,0,0,,,0,0,0,0,,0.0,0.0,,,0,0
GER-Bundesliga,2425,Union Berlin,Aljoscha Kemlein,GER,MF,19,2004,15,11,922,10.2,1,0,1,1,0,0,3,0,0.1,0.0,0.1,0.1,0.1,10.2,0,15,2,1,5,7,5,,,0,1,11,3,27.3,1.07,0.29,0.09,0.33,0,0
GER-Bundesliga,2425,Union Berlin,Andrej Ilic,SRB,FW,24,2000,16,11,937,10.4,7,0,7,6,1,1,1,0,0.67,0.0,0.67,0.58,0.58,10.4,0,14,8,8,3,3,2,,,0,7,27,11,40.7,2.59,1.06,0.22,0.55,1,1
GER-Bundesliga,2425,Union Berlin,András Schäfer,HUN,MF,25,1999,26,17,1534,17.0,1,1,2,1,0,0,3,0,0.06,0.06,0.12,0.06,0.12,17.0,0,27,33,0,17,24,25,,,0,1,12,1,8.3,0.7,0.06,0.08,1.0,0,0
GER-Bundesliga,2425,Union Berlin,Benedict Hollerbach,GER,"FW,MF",23,2001,34,30,2540,28.2,9,1,10,9,0,0,3,0,0.32,0.04,0.35,0.32,0.35,28.2,0,43,45,17,73,3,20,,,0,9,77,24,31.2,2.73,0.85,0.12,0.38,0,0
GER-Bundesliga,2425,Union Berlin,Christopher Trimmel,AUT,"MF,DF",37,1987,26,20,1740,19.3,0,3,3,0,0,0,5,0,0.0,0.16,0.16,0.0,0.16,19.3,0,14,5,1,109,17,24,,,0,0,9,3,33.3,0.47,0.16,0.0,0.0,0,0
GER-Bundesliga,2425,Union Berlin,Danilho Doekhi,NED,DF,26,1998,34,34,3060,34.0,1,1,2,1,0,0,4,0,0.03,0.03,0.06,0.03,0.06,34.0,0,36,14,2,10,44,23,,,0,1,32,4,12.5,0.94,0.12,0.03,0.25,0,0
GER-Bundesliga,2425,Union Berlin,David Preu,GER,MF,19,2004,5,1,121,1.3,0,0,0,0,0,0,1,0,0.0,0.0,0.0,0.0,0.0,1.3,0,1,1,1,4,0,0,,,0,0,2,0,0.0,1.49,0.0,0.0,,0,0
GER-Bundesliga,2425,Union Berlin,Diogo Leite,POR,DF,25,1999,30,29,2546,28.3,1,2,3,1,0,0,3,0,0.04,0.07,0.11,0.04,0.11,28.3,0,25,37,2,9,53,34,,,1,1,18,8,44.4,0.64,0.28,0.06,0.13,0,0
GER-Bundesliga,2425,Union Berlin,Frederik Rønnow,DEN,GK,31,1992,28,28,2520,28.0,0,0,0,0,0,0,2,0,0.0,0.0,0.0,0.0,0.0,28.0,0,0,4,0,0,0,0,,,0,0,1,0,0.0,0.04,0.0,0.0,,0,0
GER-Bundesliga,2425,Union Berlin,Ivan Prtajin,CRO,FW,28,1996,5,2,161,1.8,0,0,0,0,0,0,0,0,0.0,0.0,0.0,0.0,0.0,1.8,0,1,1,2,3,0,2,,,0,0,8,2,25.0,4.47,1.12,0.0,0.0,0,0
GER-Bundesliga,2425,Union Berlin,Janik Haberer,GER,MF,30,1994,28,21,1696,18.8,0,0,0,0,0,0,1,0,0.0,0.0,0.0,0.0,0.0,18.8,0,21,15,3,15,18,28,,,0,0,15,3,20.0,0.8,0.16,0.0,0.0,0,0
GER-Bundesliga,2425,Union Berlin,Jeong Woo-yeong,KOR,"MF,FW",24,1999,23,17,1263,14.0,3,2,5,3,0,0,2,0,0.21,0.14,0.36,0.21,0.36,14.0,0,16,15,4,37,11,7,,,0,3,25,6,24.0,1.78,0.43,0.12,0.5,0,0
GER-Bundesliga,2425,Union Berlin,Jordan Pefok,USA,FW,28,1996,18,10,908,10.1,0,1,1,0,0,0,2,0,0.0,0.1,0.1,0.0,0.1,10.1,0,22,15,7,0,4,6,,,0,0,23,8,34.8,2.28,0.79,0.0,0.0,0,0
GER-Bundesliga,2425,Union Berlin,Josip Juranović,CRO,"MF,DF",28,1995,17,13,1159,12.9,0,1,1,0,0,0,4,0,0.0,0.08,0.08,0.0,0.08,12.9,0,8,6,1,77,6,13,,,0,0,6,2,33.3,0.47,0.16,0.0,0.0,0,0
GER-Bundesliga,2425,Union Berlin,Jérôme Roussillon,GLP,DF,31,1993,7,1,136,1.5,0,0,0,0,0,0,0,0,0.0,0.0,0.0,0.0,0.0,1.5,0,1,3,0,10,2,0,,,0,0,2,0,0.0,1.32,0.0,0.0,,0,0
GER-Bundesliga,2425,Union Berlin,Kevin Vogt,GER,DF,32,1991,18,16,1367,15.2,1,0,1,0,1,1,6,0,0.07,0.0,0.07,0.0,0.0,15.2,0,10,7,0,0,9,7,,,0,1,1,1,100.0,0.07,0.07,0.0,0.0,1,1
GER-Bundesliga,2425,Union Berlin,Kevin Volland,GER,"FW,MF",32,1992,4,0,61,0.7,0,0,0,0,0,0,1,0,0.0,0.0,0.0,0.0,0.0,0.7,0,3,0,0,0,0,0,,,0,0,0,0,,0.0,0.0,,,0,0
GER-Bundesliga,2425,Union Berlin,Leopold Querfeld,AUT,DF,20,2003,27,17,1747,19.4,2,2,4,2,0,0,8,0,0.1,0.1,0.21,0.1,0.21,19.4,0,20,13,0,1,17,15,,,0,2,16,4,25.0,0.82,0.21,0.13,0.5,0,0
GER-Bundesliga,2425,Union Berlin,Lucas Tousart,FRA,MF,27,1997,15,6,561,6.2,0,1,1,0,0,0,2,0,0.0,0.16,0.16,0.0,0.16,6.2,0,11,6,0,2,6,9,,,0,0,9,5,55.6,1.44,0.8,0.0,0.0,0,0
GER-Bundesliga,2425,Union Berlin,László Bénes,SVK,"MF,FW",26,1997,23,3,589,6.5,2,1,3,2,0,0,4,0,0.31,0.15,0.46,0.31,0.46,6.5,0,10,4,1,49,4,3,,,0,2,19,7,36.8,2.9,1.07,0.11,0.29,0,0
GER-Bundesliga,2425,Union Berlin,Marin Ljubicic,CRO,FW,22,2002,13,1,281,3.1,1,1,2,1,0,0,1,0,0.32,0.32,0.64,0.32,0.64,3.1,0,9,8,1,1,0,1,,,0,1,2,1,50.0,0.64,0.32,0.5,1.0,0,0
GER-Bundesliga,2425,Union Berlin,Rani Khedira,TUN,MF,30,1994,32,31,2723,30.3,1,1,2,1,0,0,7,0,0.03,0.03,0.07,0.03,0.07,30.3,0,44,19,1,22,47,42,,,0,1,14,1,7.1,0.46,0.03,0.07,1.0,0,0
GER-Bundesliga,2425,Union Berlin,Robert Skov,DEN,"MF,DF",28,1996,15,11,852,9.5,2,2,4,1,1,1,1,0,0.21,0.21,0.42,0.11,0.32,9.5,0,14,10,1,62,9,10,,,0,2,17,6,35.3,1.8,0.63,0.06,0.17,1,1
GER-Bundesliga,2425,Union Berlin,Robin Gosens,GER,MF,30,1994,1,1,90,1.0,0,0,0,0,0,0,1,0,0.0,0.0,0.0,0.0,0.0,1.0,0,5,0,0,1,1,0,,,0,0,1,0,0.0,1.0,0.0,0.0,,0,0
GER-Bundesliga,2425,Union Berlin,Tim Skarke,GER,"FW,MF",27,1996,33,11,1164,12.9,0,2,2,0,0,0,1,0,0.0,0.15,0.15,0.0,0.15,12.9,0,10,15,10,28,5,12,,,0,0,20,9,45.0,1.55,0.7,0.0,0.0,0,0
GER-Bundesliga,2425,Union Berlin,Tom Rothe,GER,"MF,DF",19,2004,26,19,1670,18.6,3,3,6,3,0,0,4,1,0.16,0.16,0.32,0.16,0.32,18.6,0,25,11,2,46,18,30,,,0,3,22,9,40.9,1.19,0.49,0.14,0.33,0,0
GER-Bundesliga,2425,Union Berlin,Yorbe Vertessen,BEL,"MF,FW",23,2001,17,7,718,8.0,1,0,1,1,0,0,2,0,0.13,0.0,0.13,0.13,0.13,8.0,0,14,17,2,23,3,4,,,0,1,27,5,18.5,3.38,0.63,0.04,0.2,0,0
GER-Bundesliga,2425,Werder Bremen,Amos Pieper,GER,DF,26,1998,23,16,1498,16.6,0,0,0,0,0,0,3,0,0.0,0.0,0.0,0.0,0.0,16.6,0,11,11,0,4,23,17,,,0,0,7,1,14.3,0.42,0.06,0.0,0.0,0,0
GER-Bundesliga,2425,Werder Bremen,André Silva,POR,FW,28,1995,7,4,375,4.2,1,0,1,0,1,2,1,0,0.24,0.0,0.24,0.0,0.0,4.2,0,4,7,2,2,0,2,,,0,1,14,7,50.0,3.36,1.68,0.0,0.0,1,2
GER-Bundesliga,2425,Werder Bremen,Anthony Jung,GER,DF,32,1991,28,20,1898,21.1,0,0,0,0,0,0,1,0,0.0,0.0,0.0,0.0,0.0,21.1,0,9,15,2,4,26,21,,,0,0,1,0,0.0,0.05,0.0,0.0,,0,0
GER-Bundesliga,2425,Werder Bremen,Derrick Köhn,GHA,"MF,DF",25,1999,27,14,1343,14.9,2,2,4,2,0,0,2,0,0.13,0.13,0.27,0.13,0.27,14.9,0,14,19,4,56,11,12,,,0,2,13,4,30.8,0.87,0.27,0.15,0.5,0,0
GER-Bundesliga,2425,Werder Bremen,Felix Agu,NGA,MF,24,1999,22,21,1751,19.5,3,0,3,3,0,0,1,0,0.15,0.0,0.15,0.15,0.15,19.5,0,11,43,4,50,19,16,,,1,3,10,5,50.0,0.51,0.26,0.3,0.6,0,0
GER-Bundesliga,2425,Werder Bremen,Issa Kaboré,BFA,MF,23,2001,9,3,308,3.4,0,0,0,0,0,0,0,0,0.0,0.0,0.0,0.0,0.0,3.4,0,4,8,1,19,2,5,,,0,0,7,0,0.0,2.05,0.0,0.0,,0,0
GER-Bundesliga,2425,Werder Bremen,Jens Stage,DEN,MF,27,1996,28,26,2204,24.5,10,5,15,10,0,0,10,0,0.41,0.2,0.61,0.41,0.61,24.5,0,37,30,4,24,18,29,,,0,10,44,15,34.1,1.8,0.61,0.23,0.67,0,0
GER-Bundesliga,2425,Werder Bremen,Julián Malatini,ARG,DF,23,2001,10,5,454,5.0,1,1,2,1,0,0,1,0,0.2,0.2,0.4,0.2,0.4,5.0,0,9,5,0,3,7,9,,,0,1,3,1,33.3,0.59,0.2,0.33,1.0,0,0
GER-Bundesliga,2425,Werder Bremen,Justin Njinmah,GER,"FW,MF",23,2000,26,10,952,10.6,3,2,5,3,0,0,1,0,0.28,0.19,0.47,0.28,0.47,10.6,0,7,17,12,19,4,1,,,0,3,31,7,22.6,2.93,0.66,0.1,0.43,0,0
GER-Bundesliga,2425,Werder Bremen,Keke Topp,GER,FW,20,2004,19,1,252,2.8,2,2,4,2,0,0,1,0,0.71,0.71,1.43,0.71,1.43,2.8,0,8,6,2,6,1,1,,,0,2,7,4,57.1,2.5,1.43,0.29,0.5,0,0
GER-Bundesliga,2425,Werder Bremen,Leonardo Bittencourt,GER,MF,30,1993,27,10,982,10.9,2,1,3,2,0,0,3,0,0.18,0.09,0.27,0.18,0.27,10.9,0,15,19,2,23,15,8,,,0,2,27,9,33.3,2.47,0.82,0.07,0.22,0,0
GER-Bundesliga,2425,Werder Bremen,Marco Friedl,AUT,DF,26,1998,26,25,2161,24.0,0,0,0,0,0,0,10,2,0.0,0.0,0.0,0.0,0.0,24.0,1,26,16,3,2,36,41,,,2,0,4,3,75.0,0.17,0.12,0.0,0.0,0,0
GER-Bundesliga,2425,Werder Bremen,Marco Grüll,AUT,"FW,MF",26,1998,30,13,1181,13.1,6,1,7,6,0,0,1,0,0.46,0.08,0.53,0.46,0.53,13.1,0,22,31,6,21,5,10,,,0,6,25,10,40.0,1.91,0.76,0.24,0.6,0,0
GER-Bundesliga,2425,Werder Bremen,Marvin Ducksch,GER,FW,30,1994,32,30,2418,26.9,8,8,16,7,1,2,3,0,0.3,0.3,0.6,0.26,0.56,26.9,0,6,17,14,169,7,6,,,0,8,71,29,40.8,2.64,1.08,0.1,0.24,1,2
GER-Bundesliga,2425,Werder Bremen,Michael Zetterer,GER,GK,29,1995,34,34,3060,34.0,0,0,0,0,0,0,2,0,0.0,0.0,0.0,0.0,0.0,34.0,0,0,6,0,0,1,0,,,0,0,0,0,,0.0,0.0,,,0,0
GER-Bundesliga,2425,Werder Bremen,Miloš Veljković,SRB,DF,28,1995,14,11,1029,11.4,0,1,1,0,0,0,1,0,0.0,0.09,0.09,0.0,0.09,11.4,0,5,3,2,9,3,5,,,0,0,2,1,50.0,0.17,0.09,0.0,0.0,0,0
GER-Bundesliga,2425,Werder Bremen,Mitchell Weiser,GER,MF,30,1994,32,32,2868,31.9,5,9,14,5,0,0,9,1,0.16,0.28,0.44,0.16,0.44,31.9,1,30,45,1,80,22,42,,,0,5,43,15,34.9,1.35,0.47,0.12,0.33,0,0
GER-Bundesliga,2425,Werder Bremen,Niklas Stark,GER,DF,29,1995,26,25,2106,23.4,0,1,1,0,0,0,6,1,0.0,0.04,0.04,0.0,0.04,23.4,1,30,28,2,4,36,24,,,0,0,12,3,25.0,0.51,0.13,0.0,0.0,0,0
GER-Bundesliga,2425,Werder Bremen,Oliver Burke,SCO,FW,27,1997,25,9,908,10.1,5,0,5,5,0,0,4,0,0.5,0.0,0.5,0.5,0.5,10.1,0,12,2,8,20,2,4,,,0,5,35,13,37.1,3.47,1.29,0.14,0.38,0,0
GER-Bundesliga,2425,Werder Bremen,Olivier Deman,BEL,"DF,FW",24,2000,9,0,67,0.7,0,0,0,0,0,0,1,0,0.0,0.0,0.0,0.0,0.0,0.7,0,1,2,0,6,4,3,,,0,0,0,0,,0.0,0.0,,,0,0
GER-Bundesliga,2425,Werder Bremen,Romano Schmid,AUT,MF,24,2000,32,32,2834,31.5,5,4,9,4,1,1,4,0,0.16,0.13,0.29,0.13,0.25,31.5,0,28,42,3,143,12,25,,,0,5,48,15,31.3,1.52,0.48,0.08,0.27,1,1
GER-Bundesliga,2425,Werder Bremen,Senne Lynen,BEL,MF,25,1999,32,32,2733,30.4,0,1,1,0,0,0,9,0,0.0,0.03,0.03,0.0,0.03,30.4,0,39,25,0,5,64,38,,,0,0,24,3,12.5,0.79,0.1,0.0,0.0,0,0
GER-Bundesliga,2425,Werder Bremen,Skelly Alvero,FRA,MF,22,2002,12,1,236,2.6,0,0,0,0,0,0,1,0,0.0,0.0,0.0,0.0,0.0,2.6,0,7,5,0,0,2,6,,,0,0,1,0,0.0,0.38,0.0,0.0,,0,0
GER-Bundesliga,2425,Wolfsburg,Andreas Skov Olsen,DEN,"MF,FW",24,1999,12,4,535,5.9,1,1,2,1,0,0,0,0,0.17,0.17,0.34,0.17,0.34,5.9,0,2,3,2,29,2,7,,,0,1,7,1,14.3,1.18,0.17,0.14,1.0,0,0
GER-Bundesliga,2425,Wolfsburg,Aster Vranckx,BEL,MF,21,2002,14,6,556,6.2,0,0,0,0,0,0,1,0,0.0,0.0,0.0,0.0,0.0,6.2,0,12,11,0,3,10,6,,,0,0,0,0,,0.0,0.0,,,0,0
GER-Bundesliga,2425,Wolfsburg,Bence Dárdai,HUN,MF,18,2006,21,16,1304,14.5,1,1,2,1,0,0,0,0,0.07,0.07,0.14,0.07,0.14,14.5,0,9,16,0,10,12,14,,,0,1,11,1,9.1,0.76,0.07,0.09,1.0,0,0
GER-Bundesliga,2425,Wolfsburg,Cedric Zesiger,SUI,DF,26,1998,7,5,522,5.8,0,0,0,0,0,0,4,0,0.0,0.0,0.0,0.0,0.0,5.8,0,14,5,0,3,5,9,,,0,0,2,1,50.0,0.34,0.17,0.0,0.0,0,0
GER-Bundesliga,2425,Wolfsburg,David Odogu,GER,DF,18,2006,3,2,195,2.2,0,0,0,0,0,0,0,0,0.0,0.0,0.0,0.0,0.0,2.2,0,2,0,1,0,2,4,,,0,0,2,0,0.0,0.92,0.0,0.0,,0,0
GER-Bundesliga,2425,Wolfsburg,Denis Vavro,SVK,DF,28,1996,29,27,2461,27.3,2,0,2,2,0,0,4,0,0.07,0.0,0.07,0.07,0.07,27.3,0,7,5,0,8,36,13,,,0,2,25,7,28.0,0.91,0.26,0.08,0.29,0,0
GER-Bundesliga,2425,Wolfsburg,Jakub Kamiński,POL,"MF,DF",22,2002,22,12,1130,12.6,0,2,2,0,0,0,2,0,0.0,0.16,0.16,0.0,0.16,12.6,0,10,3,0,52,11,9,,,1,0,15,3,20.0,1.19,0.24,0.0,0.0,0,0
GER-Bundesliga,2425,Wolfsburg,Joakim Mæhle,DEN,"DF,MF",27,1997,28,25,2188,24.3,3,4,7,3,0,0,6,0,0.12,0.16,0.29,0.12,0.29,24.3,0,9,16,0,25,26,14,,,0,3,18,7,38.9,0.74,0.29,0.17,0.43,0,0
GER-Bundesliga,2425,Wolfsburg,Jonas Wind,DEN,"FW,MF",25,1999,31,21,1966,21.8,9,3,12,8,1,2,2,0,0.41,0.14,0.55,0.37,0.5,21.8,0,15,40,4,7,6,6,,,0,9,40,13,32.5,1.83,0.6,0.2,0.62,1,2
GER-Bundesliga,2425,Wolfsburg,Kamil Grabara,POL,GK,25,1999,29,29,2585,28.7,0,0,0,0,0,0,2,0,0.0,0.0,0.0,0.0,0.0,28.7,0,0,3,0,0,0,0,,,0,0,0,0,,0.0,0.0,,,0,0
GER-Bundesliga,2425,Wolfsburg,Kevin Behrens,GER,FW,33,1991,18,0,170,1.9,1,0,1,1,0,0,2,0,0.53,0.0,0.53,0.53,0.53,1.9,0,4,1,0,0,1,1,,,0,1,9,3,33.3,4.76,1.59,0.11,0.33,0,0
GER-Bundesliga,2425,Wolfsburg,Kevin Paredes,USA,MF,21,2003,2,2,123,1.4,0,1,1,0,0,0,1,0,0.0,0.73,0.73,0.0,0.73,1.4,0,1,4,0,1,1,2,,,0,0,4,0,0.0,2.93,0.0,0.0,,0,0
GER-Bundesliga,2425,Wolfsburg,Kilian Fischer,GER,DF,23,2000,32,29,2297,25.5,1,0,1,1,0,0,7,0,0.04,0.0,0.04,0.04,0.04,25.5,0,34,7,0,39,19,46,,,0,1,6,1,16.7,0.24,0.04,0.17,1.0,0,0
GER-Bundesliga,2425,Wolfsburg,Konstantinos Koulierakis,GRE,DF,20,2003,30,28,2468,27.4,0,2,2,0,0,0,4,0,0.0,0.07,0.07,0.0,0.07,27.4,0,24,13,2,13,32,22,,,0,0,22,3,13.6,0.8,0.11,0.0,0.0,0,0
GER-Bundesliga,2425,Wolfsburg,Lovro Majer,CRO,MF,26,1998,9,3,304,3.4,2,1,3,1,1,1,1,0,0.59,0.3,0.89,0.3,0.59,3.4,0,6,6,0,16,1,2,,,0,2,7,5,71.4,2.07,1.48,0.14,0.2,1,1
GER-Bundesliga,2425,Wolfsburg,Lukas Nmecha,GER,FW,25,1998,19,3,467,5.2,3,0,3,3,0,0,1,0,0.58,0.0,0.58,0.58,0.58,5.2,0,7,15,0,6,2,0,,,0,3,20,9,45.0,3.85,1.73,0.15,0.33,0,0
GER-Bundesliga,2425,Wolfsburg,Mads Roerslev,DEN,DF,25,1999,7,2,298,3.3,0,0,0,0,0,0,0,0,0.0,0.0,0.0,0.0,0.0,3.3,0,2,3,0,7,5,8,,,0,0,0,0,,0.0,0.0,,,0,0
GER-Bundesliga,2425,Wolfsburg,Marius Müller,GER,GK,31,1993,6,5,475,5.3,0,0,0,0,0,0,0,0,0.0,0.0,0.0,0.0,0.0,5.3,0,0,0,0,0,0,0,,,0,0,0,0,,0.0,0.0,,,0,0
GER-Bundesliga,2425,Wolfsburg,Mattias Svanberg,SWE,MF,25,1999,20,14,1219,13.5,3,1,4,3,0,0,4,0,0.22,0.07,0.3,0.22,0.3,13.5,0,16,22,0,34,15,10,,,0,3,21,8,38.1,1.55,0.59,0.14,0.38,0,0
GER-Bundesliga,2425,Wolfsburg,Maximilian Arnold,GER,MF,30,1994,28,27,2356,26.2,3,5,8,3,0,0,7,1,0.11,0.19,0.31,0.11,0.31,26.2,0,30,52,0,153,24,21,,,0,3,27,12,44.4,1.03,0.46,0.11,0.25,0,0
GER-Bundesliga,2425,Wolfsburg,Mohamed Amoura,ALG,"FW,MF",24,2000,31,29,2467,27.4,10,9,19,8,2,2,6,0,0.36,0.33,0.69,0.29,0.62,27.4,0,31,20,23,36,9,21,,,0,10,76,28,36.8,2.77,1.02,0.11,0.29,2,2
GER-Bundesliga,2425,Wolfsburg,Patrick Wimmer,AUT,"MF,FW",23,2001,29,22,1770,19.7,3,4,7,3,0,0,5,1,0.15,0.2,0.36,0.15,0.36,19.7,0,35,40,6,44,34,33,,,0,3,42,10,23.8,2.14,0.51,0.07,0.3,0,0
GER-Bundesliga,2425,Wolfsburg,Ridle Baku,GER,MF,26,1998,15,14,1170,13.0,2,1,3,2,0,0,2,0,0.15,0.08,0.23,0.15,0.23,13.0,0,13,10,1,36,14,16,,,0,2,18,6,33.3,1.38,0.46,0.11,0.33,0,0
GER-Bundesliga,2425,Wolfsburg,Salih Özcan,TUR,MF,26,1998,11,3,353,3.9,0,0,0,0,0,0,0,0,0.0,0.0,0.0,0.0,0.0,3.9,0,5,6,0,8,7,2,,,0,0,2,0,0.0,0.51,0.0,0.0,,0,0
GER-Bundesliga,2425,Wolfsburg,Sebastiaan Bornauw,BEL,DF,25,1999,15,8,788,8.8,2,1,3,2,0,0,2,0,0.23,0.11,0.34,0.23,0.34,8.8,0,12,2,0,1,12,6,,,0,2,8,3,37.5,0.91,0.34,0.25,0.67,0,0
GER-Bundesliga,2425,Wolfsburg,Tiago Tomás,POR,"MF,FW",22,2002,32,23,1884,20.9,6,1,7,6,0,0,7,0,0.29,0.05,0.33,0.29,0.33,20.9,0,30,50,6,21,10,19,,,0,6,42,20,47.6,2.01,0.96,0.14,0.3,0,0
GER-Bundesliga,2425,Wolfsburg,Yannick Gerhardt,GER,"MF,DF",30,1994,29,15,1518,16.9,1,1,2,1,0,0,5,1,0.06,0.06,0.12,0.06,0.12,16.9,0,20,13,2,23,16,14,,,0,1,15,4,26.7,0.89,0.24,0.07,0.25,0,0
ITA-Serie A,2425,Atalanta,Ademola Lookman,NGA,"MF,FW",26,1997,31,28,2247,25.0,15,5,20,14,1,1,4,0,0.6,0.2,0.8,0.56,0.76,25.0,0,31,20,26,123,4,16,,,0,15,82,35,42.7,3.28,1.4,0.17,0.4,1,1
ITA-Serie A,2425,Atalanta,Alberto Manzoni,ITA,MF,19,2005,1,0,6,0.1,0,0,0,0,0,0,0,0,0.0,0.0,0.0,0.0,0.0,0.1,0,1,1,0,0,0,0,,,0,0,1,0,0.0,15.0,0.0,0.0,,0,0
ITA-Serie A,2425,Atalanta,Ben Godfrey,ENG,"DF,MF",26,1998,1,0,23,0.3,0,0,0,0,0,0,0,0,0.0,0.0,0.0,0.0,0.0,0.3,0,1,0,0,0,0,0,,,0,0,0,0,,0.0,0.0,,,0,0
ITA-Serie A,2425,Atalanta,Berat Djimsiti,ALB,DF,31,1993,34,32,2640,29.3,1,2,3,1,0,0,6,0,0.03,0.07,0.1,0.03,0.1,29.3,0,23,21,0,11,41,34,,,1,1,20,4,20.0,0.68,0.14,0.05,0.25,0,0
ITA-Serie A,2425,Atalanta,Charles De Ketelaere,BEL,"MF,FW",23,2001,36,25,2070,23.0,7,7,14,7,0,0,1,0,0.3,0.3,0.61,0.3,0.61,23.0,0,22,39,2,54,3,9,,,0,7,48,21,43.8,2.09,0.91,0.15,0.33,0,0
ITA-Serie A,2425,Atalanta,Daniel Maldini,ITA,MF,22,2001,10,2,258,2.9,3,0,3,3,0,0,0,0,1.05,0.0,1.05,1.05,1.05,2.9,0,3,7,1,5,2,2,,,0,3,10,5,50.0,3.49,1.74,0.3,0.6,0,0
ITA-Serie A,2425,Atalanta,Davide Zappacosta,ITA,MF,32,1992,30,26,2067,23.0,4,2,6,4,0,0,3,0,0.17,0.09,0.26,0.17,0.26,23.0,0,19,14,6,95,10,16,,,0,4,39,12,30.8,1.7,0.52,0.1,0.33,0,0
ITA-Serie A,2425,Atalanta,Federico Cassa,ITA,MF,18,2006,2,0,14,0.2,0,0,0,0,0,0,0,0,0.0,0.0,0.0,0.0,0.0,0.2,0,2,1,0,0,0,0,,,0,0,0,0,,0.0,0.0,,,0,0
ITA-Serie A,2425,Atalanta,Gianluca Scamacca,ITA,FW,25,1999,1,0,6,0.1,0,0,0,0,0,0,0,0,0.0,0.0,0.0,0.0,0.0,0.1,0,0,0,0,0,0,0,,,0,0,1,1,100.0,15.0,15.0,0.0,0.0,0,0
ITA-Serie A,2425,Atalanta,Giorgio Scalvini,ITA,DF,20,2003,6,4,272,3.0,0,0,0,0,0,0,2,0,0.0,0.0,0.0,0.0,0.0,3.0,0,7,1,0,0,5,4,,,0,0,4,0,0.0,1.32,0.0,0.0,,0,0
ITA-Serie A,2425,Atalanta,Ibrahim Sulemana,GHA,MF,21,2003,9,3,283,3.1,2,0,2,2,0,0,1,0,0.64,0.0,0.64,0.64,0.64,3.1,0,2,2,0,0,0,3,,,0,2,5,2,40.0,1.59,0.64,0.4,1.0,0,0
ITA-Serie A,2425,Atalanta,Isak Hien,SWE,DF,25,1999,30,27,2327,25.9,0,0,0,0,0,0,10,0,0.0,0.0,0.0,0.0,0.0,25.9,0,36,19,0,1,30,30,,,0,0,8,2,25.0,0.31,0.08,0.0,0.0,0,0
ITA-Serie A,2425,Atalanta,Juan Cuadrado,COL,"MF,FW",36,1988,23,7,832,9.2,0,2,2,0,0,0,3,0,0.0,0.22,0.22,0.0,0.22,9.2,0,9,27,0,56,7,9,,,0,0,16,4,25.0,1.73,0.43,0.0,0.0,0,0
ITA-Serie A,2425,Atalanta,Juan Musso,ARG,GK,30,1994,1,1,90,1.0,0,0,0,0,0,0,0,0,0.0,0.0,0.0,0.0,0.0,1.0,0,0,1,0,0,0,0,,,0,0,0,0,,0.0,0.0,,,0,0
ITA-Serie A,2425,Atalanta,Lazar Samardzic,SRB,MF,22,2002,31,7,1169,13.0,2,1,3,2,0,0,3,0,0.15,0.08,0.23,0.15,0.23,13.0,0,19,10,1,60,3,14,,,0,2,33,13,39.4,2.54,1.0,0.06,0.15,0,0
ITA-Serie A,2425,Atalanta,Marco Brescianini,ITA,MF,24,2000,29,9,991,11.0,4,2,6,4,0,0,1,0,0.36,0.18,0.54,0.36,0.54,11.0,0,22,9,2,19,2,11,,,0,4,20,8,40.0,1.82,0.73,0.2,0.5,0,0
ITA-Serie A,2425,Atalanta,Marco Carnesecchi,ITA,GK,24,2000,34,34,3060,34.0,0,0,0,0,0,0,1,0,0.0,0.0,0.0,0.0,0.0,34.0,0,0,5,0,0,0,0,,,0,0,0,0,,0.0,0.0,,,0,0
ITA-Serie A,2425,Atalanta,Marco Palestra,ITA,MF,19,2005,9,2,222,2.5,0,0,0,0,0,0,0,0,0.0,0.0,0.0,0.0,0.0,2.5,0,1,10,1,11,1,4,,,0,0,0,0,,0.0,0.0,,,0,0
ITA-Serie A,2425,Atalanta,Mario Pašalić,CRO,MF,29,1995,34,23,1967,21.9,3,4,7,3,0,1,1,0,0.14,0.18,0.32,0.14,0.32,21.9,0,19,10,2,11,12,16,,,0,3,46,12,26.1,2.1,0.55,0.07,0.25,0,1
ITA-Serie A,2425,Atalanta,Marten de Roon,NED,"MF,DF",33,1991,36,34,3058,34.0,4,4,8,4,0,0,5,0,0.12,0.12,0.24,0.12,0.24,34.0,0,48,23,1,28,48,47,,,0,4,14,4,28.6,0.41,0.12,0.29,1.0,0,0
ITA-Serie A,2425,Atalanta,Mateo Retegui,ITA,FW,25,1999,36,32,2383,26.5,25,8,33,21,4,5,3,0,0.94,0.3,1.25,0.79,1.1,26.5,0,32,34,6,14,3,10,,,0,25,104,38,36.5,3.93,1.44,0.2,0.55,4,5
ITA-Serie A,2425,Atalanta,Matteo Ruggeri,ITA,"MF,DF",22,2002,30,19,1751,19.5,0,3,3,0,0,0,2,0,0.0,0.15,0.15,0.0,0.15,19.5,0,12,5,2,82,24,24,,,0,0,3,2,66.7,0.15,0.1,0.0,0.0,0,0
ITA-Serie A,2425,Atalanta,Mitchel Bakker,NED,"DF,MF",24,2000,1,0,22,0.2,0,0,0,0,0,0,0,0,0.0,0.0,0.0,0.0,0.0,0.2,0,1,0,0,1,0,0,,,0,0,0,0,,0.0,0.0,,,0,0
ITA-Serie A,2425,Atalanta,Nicolò Zaniolo,ITA,"FW,MF",25,1999,14,0,356,4.0,2,2,4,2,0,0,4,0,0.51,0.51,1.01,0.51,1.01,4.0,0,9,17,0,4,1,0,,,0,2,11,4,36.4,2.78,1.01,0.18,0.5,0,0
ITA-Serie A,2425,Atalanta,Odilon Kossounou,CIV,DF,23,2001,18,12,1125,12.5,0,0,0,0,0,0,1,0,0.0,0.0,0.0,0.0,0.0,12.5,0,15,6,1,3,13,10,,,0,0,6,4,66.7,0.48,0.32,0.0,0.0,0,0
ITA-Serie A,2425,Atalanta,Rafael Tolói,ITA,DF,33,1990,11,2,468,5.2,0,0,0,0,0,0,1,0,0.0,0.0,0.0,0.0,0.0,5.2,0,6,2,0,2,7,5,,,0,0,3,0,0.0,0.58,0.0,0.0,,0,0
ITA-Serie A,2425,Atalanta,Raoul Bellanova,ITA,MF,24,2000,34,27,2402,26.7,0,9,9,0,0,0,3,0,0.0,0.34,0.34,0.0,0.34,26.7,0,15,33,0,155,19,13,,,0,0,18,5,27.8,0.67,0.19,0.0,0.0,0,0
ITA-Serie A,2425,Atalanta,Rui Patrício,POR,GK,36,1988,3,3,270,3.0,0,0,0,0,0,0,0,0,0.0,0.0,0.0,0.0,0.0,3.0,0,0,0,0,0,0,0,,,0,0,0,0,,0.0,0.0,,,0,0
ITA-Serie A,2425,Atalanta,Sead Kolašinac,BIH,DF,31,1993,23,23,1903,21.1,0,2,2,0,0,0,7,0,0.0,0.09,0.09,0.0,0.09,21.1,0,38,20,3,10,27,26,,,1,0,10,3,30.0,0.47,0.14,0.0,0.0,0,0
ITA-Serie A,2425,Atalanta,Stefan Posch,AUT,DF,27,1997,5,4,387,4.3,0,0,0,0,0,0,0,0,0.0,0.0,0.0,0.0,0.0,4.3,0,11,0,0,5,4,11,,,0,0,3,2,66.7,0.7,0.47,0.0,0.0,0,0
ITA-Serie A,2425,Atalanta,Vanja Vlahović,SRB,MF,20,2004,3,0,60,0.7,0,0,0,0,0,0,0,0,0.0,0.0,0.0,0.0,0.0,0.7,0,0,3,0,0,0,1,,,0,0,1,1,100.0,1.5,1.5,0.0,0.0,0,0
ITA-Serie A,2425,Atalanta,Éderson Silva,BRA,MF,25,1999,37,32,2881,32.0,4,1,5,4,0,0,5,1,0.12,0.03,0.16,0.12,0.16,32.0,1,31,53,0,23,33,33,,,0,4,39,12,30.8,1.22,0.37,0.1,0.33,0,0
ITA-Serie A,2425,Bologna,Babis Lykogiannis,GRE,DF,30,1993,17,12,1048,11.6,0,4,4,0,0,0,3,0,0.0,0.34,0.34,0.0,0.34,11.6,0,10,7,2,105,14,14,,,0,0,6,2,33.3,0.52,0.17,0.0,0.0,0,0
ITA-Serie A,2425,Bologna,Benjamín Domínguez,ARG,MF,20,2003,24,16,1281,14.2,3,2,5,3,0,0,0,0,0.21,0.14,0.35,0.21,0.35,14.2,0,10,31,4,11,4,8,,,0,3,30,17,56.7,2.11,1.19,0.1,0.18,0,0
ITA-Serie A,2425,Bologna,Dan Ndoye,SUI,"MF,FW",23,2000,30,26,2143,23.8,8,4,12,6,2,2,4,0,0.34,0.17,0.5,0.25,0.42,23.8,0,23,101,13,43,9,20,,,0,8,52,20,38.5,2.18,0.84,0.12,0.3,2,2
ITA-Serie A,2425,Bologna,Davide Calabria,ITA,DF,27,1996,11,7,632,7.0,0,1,1,0,0,0,3,0,0.0,0.14,0.14,0.0,0.14,7.0,0,7,5,0,16,4,7,,,0,0,3,0,0.0,0.43,0.0,0.0,,0,0
ITA-Serie A,2425,Bologna,Emil Holm,SWE,DF,24,2000,21,12,1137,12.6,1,1,2,1,0,0,3,0,0.08,0.08,0.16,0.08,0.16,12.6,0,16,24,1,42,9,21,,,0,1,10,3,30.0,0.79,0.24,0.1,0.33,0,0
ITA-Serie A,2425,Bologna,Estanis,ESP,FW,20,2003,1,0,9,0.1,0,0,0,0,0,0,0,0,0.0,0.0,0.0,0.0,0.0,0.1,0,1,0,0,0,0,0,,,0,0,2,0,0.0,20.0,0.0,0.0,,0,0
ITA-Serie A,2425,Bologna,Federico Ravaglia,ITA,GK,24,1999,12,11,1056,11.7,0,0,0,0,0,0,0,0,0.0,0.0,0.0,0.0,0.0,11.7,0,0,4,0,0,0,0,,,0,0,0,0,,0.0,0.0,,,0,0
ITA-Serie A,2425,Bologna,Giovanni Fabbian,ITA,MF,21,2003,30,9,1023,11.4,3,1,4,3,0,0,2,0,0.26,0.09,0.35,0.26,0.35,11.4,0,21,22,1,8,2,6,,,0,3,21,5,23.8,1.85,0.44,0.14,0.6,0,0
ITA-Serie A,2425,Bologna,Jens Odgaard,DEN,MF,25,1999,29,24,1952,21.7,6,1,7,6,0,0,1,0,0.28,0.05,0.32,0.28,0.32,21.7,0,42,44,4,23,10,13,,,0,6,49,22,44.9,2.26,1.01,0.12,0.27,0,0
ITA-Serie A,2425,Bologna,Jesper Karlsson,SWE,"MF,FW",26,1998,7,3,298,3.3,1,0,1,1,0,0,1,0,0.3,0.0,0.3,0.3,0.3,3.3,0,6,4,1,4,0,0,,,0,1,6,2,33.3,1.81,0.6,0.17,0.5,0,0
ITA-Serie A,2425,Bologna,Jhon Lucumí,COL,DF,26,1998,32,29,2614,29.0,0,1,1,0,0,0,8,1,0.0,0.03,0.03,0.0,0.03,29.0,0,22,16,0,4,24,29,,,0,0,13,2,15.4,0.45,0.07,0.0,0.0,0,0
ITA-Serie A,2425,Bologna,Juan Miranda,ESP,DF,24,2000,31,25,2277,25.3,0,6,6,0,0,0,4,1,0.0,0.24,0.24,0.0,0.24,25.3,0,27,32,2,212,23,20,,,0,0,22,5,22.7,0.87,0.2,0.0,0.0,0,0
ITA-Serie A,2425,Bologna,Kacper Urbanski,POL,MF,19,2004,7,1,247,2.7,1,0,1,1,0,0,2,0,0.36,0.0,0.36,0.36,0.36,2.7,0,5,3,0,8,2,2,,,0,1,4,1,25.0,1.46,0.36,0.25,1.0,0,0
ITA-Serie A,2425,Bologna,Lewis Ferguson,SCO,MF,24,1999,16,10,983,10.9,1,1,2,0,1,1,0,0,0.09,0.09,0.18,0.0,0.09,10.9,0,26,20,1,17,4,15,,,0,1,6,2,33.3,0.55,0.18,0.0,0.0,1,1
ITA-Serie A,2425,Bologna,Lorenzo De Silvestri,ITA,DF,36,1988,18,13,1060,11.8,1,0,1,1,0,0,1,0,0.08,0.0,0.08,0.08,0.08,11.8,0,17,8,1,23,9,6,,,0,1,9,4,44.4,0.76,0.34,0.11,0.25,0,0
ITA-Serie A,2425,Bologna,Martin Erlić,CRO,DF,26,1998,8,5,334,3.7,0,0,0,0,0,0,0,0,0.0,0.0,0.0,0.0,0.0,3.7,0,7,7,0,0,2,0,,,0,0,6,0,0.0,1.62,0.0,0.0,,0,0
ITA-Serie A,2425,Bologna,Michel Aebischer,SUI,MF,27,1997,14,9,724,8.0,0,0,0,0,0,0,2,0,0.0,0.0,0.0,0.0,0.0,8.0,0,16,16,0,13,7,13,,,0,0,10,5,50.0,1.24,0.62,0.0,0.0,0,0
ITA-Serie A,2425,Bologna,Nicolò Cambiaghi,ITA,"MF,FW",23,2000,18,4,620,6.9,1,3,4,1,0,0,0,0,0.15,0.44,0.58,0.15,0.58,6.9,0,9,34,0,47,1,8,,,0,1,14,4,28.6,2.03,0.58,0.07,0.25,0,0
ITA-Serie A,2425,Bologna,Nicolò Casale,ITA,DF,26,1998,15,9,900,10.0,0,1,1,0,0,0,1,0,0.0,0.1,0.1,0.0,0.1,10.0,0,23,8,0,0,20,4,,,1,0,4,1,25.0,0.4,0.1,0.0,0.0,0,0
ITA-Serie A,2425,Bologna,Nikola Moro,CRO,MF,26,1998,22,15,1208,13.4,0,2,2,0,0,0,1,0,0.0,0.15,0.15,0.0,0.15,13.4,0,22,9,0,33,12,27,,,0,0,14,2,14.3,1.04,0.15,0.0,0.0,0,0
ITA-Serie A,2425,Bologna,Oussama El Azzouzi,MAR,MF,23,2001,2,0,19,0.2,0,0,0,0,0,0,0,0,0.0,0.0,0.0,0.0,0.0,0.2,0,0,2,0,0,2,0,,,0,0,0,0,,0.0,0.0,,,0,0
ITA-Serie A,2425,Bologna,Remo Freuler,SUI,MF,32,1992,37,37,3204,35.6,1,2,3,1,0,0,6,0,0.03,0.06,0.08,0.03,0.08,35.6,0,47,18,1,20,41,40,,,0,1,17,4,23.5,0.48,0.11,0.06,0.25,0,0
ITA-Serie A,2425,Bologna,Riccardo Orsolini,ITA,"MF,FW",27,1997,30,23,1878,20.9,15,4,19,12,3,3,2,0,0.72,0.19,0.91,0.58,0.77,20.9,0,27,46,12,70,9,14,,,0,15,75,28,37.3,3.59,1.34,0.16,0.43,3,3
ITA-Serie A,2425,Bologna,Sam Beukema,NED,DF,25,1998,35,33,3012,33.5,0,1,1,0,0,0,1,0,0.0,0.03,0.03,0.0,0.03,33.5,0,28,36,2,8,30,28,,,0,0,15,4,26.7,0.45,0.12,0.0,0.0,0,0
ITA-Serie A,2425,Bologna,Samuel Iling-Junior,ENG,MF,20,2003,7,0,118,1.3,1,0,1,1,0,0,0,0,0.76,0.0,0.76,0.76,0.76,1.3,0,2,1,0,9,2,2,,,0,1,4,1,25.0,3.05,0.76,0.25,1.0,0,0
ITA-Serie A,2425,Bologna,Santiago Castro,ARG,FW,19,2004,36,27,2294,25.5,8,4,12,8,0,1,7,0,0.31,0.16,0.47,0.31,0.47,25.5,0,49,53,9,9,3,10,,,1,8,63,21,33.3,2.47,0.82,0.13,0.38,0,1
ITA-Serie A,2425,Bologna,Stefan Posch,AUT,DF,27,1997,14,7,714,7.9,0,0,0,0,0,0,1,0,0.0,0.0,0.0,0.0,0.0,7.9,0,16,17,1,18,5,14,,,0,0,2,0,0.0,0.25,0.0,0.0,,0,0
ITA-Serie A,2425,Bologna,Thijs Dallinga,NED,FW,23,2000,31,11,1154,12.8,3,2,5,3,0,0,1,0,0.23,0.16,0.39,0.23,0.39,12.8,0,24,17,8,2,1,6,,,0,3,31,11,35.5,2.42,0.86,0.1,0.27,0,0
ITA-Serie A,2425,Bologna,Tommaso Pobega,ITA,MF,25,1999,21,13,1178,13.1,2,2,4,2,0,0,6,2,0.15,0.15,0.31,0.15,0.31,13.1,1,33,14,0,8,15,20,,,0,2,24,8,33.3,1.83,0.61,0.08,0.25,0,0
ITA-Serie A,2425,Bologna,Łukasz Skorupski,POL,GK,33,1991,27,27,2364,26.3,0,0,0,0,0,0,1,0,0.0,0.0,0.0,0.0,0.0,26.3,0,1,4,0,0,1,0,,,0,0,0,0,,0.0,0.0,,,0,0
ITA-Serie A,2425,Cagliari,Adam Obert,SVK,"DF,MF",21,2002,21,13,1077,12.0,1,1,2,1,0,0,4,0,0.08,0.08,0.17,0.08,0.17,12.0,0,22,7,0,10,21,17,,,0,1,9,2,22.2,0.75,0.17,0.11,0.5,0,0
ITA-Serie A,2425,Cagliari,Alen Sherri,ALB,GK,26,1997,7,7,621,6.9,0,0,0,0,0,0,0,0,0.0,0.0,0.0,0.0,0.0,6.9,0,0,0,0,0,1,0,,,0,0,0,0,,0.0,0.0,,,0,0
ITA-Serie A,2425,Cagliari,Alessandro Deiola,ITA,MF,28,1995,29,16,1432,15.9,2,1,3,2,0,0,6,0,0.13,0.06,0.19,0.13,0.19,15.9,0,32,11,0,14,13,20,,,0,2,18,5,27.8,1.13,0.31,0.11,0.4,0,0
ITA-Serie A,2425,Cagliari,Antoine Makoumbou,CGO,MF,26,1998,33,27,2150,23.9,0,3,3,0,0,0,4,1,0.0,0.13,0.13,0.0,0.13,23.9,1,27,15,0,7,17,22,,,0,0,7,1,14.3,0.29,0.04,0.0,0.0,0,0
ITA-Serie A,2425,Cagliari,Elia Caprile,ITA,GK,22,2001,18,18,1620,18.0,0,0,0,0,0,0,0,0,0.0,0.0,0.0,0.0,0.0,18.0,0,0,6,0,0,0,0,,,0,0,0,0,,0.0,0.0,,,0,0
ITA-Serie A,2425,Cagliari,Florinel Coman,ROU,"MF,FW",26,1998,9,2,263,2.9,1,0,1,1,0,0,2,0,0.34,0.0,0.34,0.34,0.34,2.9,0,8,9,0,2,1,3,,,0,1,4,1,25.0,1.37,0.34,0.25,1.0,0,0
ITA-Serie A,2425,Cagliari,Gabriele Zappa,ITA,DF,24,1999,37,35,3060,34.0,2,0,2,2,0,0,4,0,0.06,0.0,0.06,0.06,0.06,34.0,0,25,18,0,73,22,25,,,0,2,11,5,45.5,0.32,0.15,0.18,0.4,0,0
ITA-Serie A,2425,Cagliari,Gianluca Gaetano,ITA,"MF,FW",24,2000,28,8,1009,11.2,2,4,6,2,0,0,0,0,0.18,0.36,0.54,0.18,0.54,11.2,0,16,13,4,23,7,8,,,0,2,30,6,20.0,2.68,0.54,0.07,0.33,0,0
ITA-Serie A,2425,Cagliari,Gianluca Lapadula,PER,FW,34,1990,12,1,310,3.4,0,0,0,0,0,0,1,0,0.0,0.0,0.0,0.0,0.0,3.4,0,9,1,1,3,0,0,,,0,0,15,3,20.0,4.35,0.87,0.0,0.0,0,0
ITA-Serie A,2425,Cagliari,Giuseppe Ciocci,ITA,GK,22,2002,1,0,9,0.1,0,0,0,0,0,0,0,0,0.0,0.0,0.0,0.0,0.0,0.1,0,0,1,0,0,0,0,,,0,0,0,0,,0.0,0.0,,,0,0
ITA-Serie A,2425,Cagliari,José Luis Palomino,ARG,DF,34,1990,18,10,1081,12.0,1,0,1,1,0,0,3,0,0.08,0.0,0.08,0.08,0.08,12.0,0,11,2,0,0,21,17,,,0,1,2,1,50.0,0.17,0.08,0.5,1.0,0,0
ITA-Serie A,2425,Cagliari,Kingstone Mutandwa,ZAM,FW,21,2003,6,0,127,1.4,0,0,0,0,0,0,0,0,0.0,0.0,0.0,0.0,0.0,1.4,0,7,1,0,1,0,0,,,0,0,4,0,0.0,2.83,0.0,0.0,,0,0
ITA-Serie A,2425,Cagliari,Leonardo Pavoletti,ITA,FW,35,1988,26,1,445,4.9,2,0,2,2,0,0,5,0,0.4,0.0,0.4,0.4,0.4,4.9,0,25,7,7,0,0,0,,,0,2,18,7,38.9,3.64,1.42,0.11,0.29,0,0
ITA-Serie A,2425,Cagliari,Mateusz Wieteska,POL,DF,27,1997,5,1,184,2.0,0,0,0,0,0,0,1,0,0.0,0.0,0.0,0.0,0.0,2.0,0,4,0,0,0,7,0,,,0,0,1,0,0.0,0.49,0.0,0.0,,0,0
ITA-Serie A,2425,Cagliari,Matteo Prati,ITA,MF,20,2003,12,8,570,6.3,0,0,0,0,0,0,1,0,0.0,0.0,0.0,0.0,0.0,6.3,0,8,6,0,5,7,4,,,0,0,4,0,0.0,0.63,0.0,0.0,,0,0
ITA-Serie A,2425,Cagliari,Mattia Felici,ITA,MF,23,2001,20,9,925,10.3,0,3,3,0,0,0,1,0,0.0,0.29,0.29,0.0,0.29,10.3,0,18,17,4,25,5,13,,,0,0,10,7,70.0,0.97,0.68,0.0,0.0,0,0
ITA-Serie A,2425,Cagliari,Michel Ndary Adopo,FRA,MF,24,2000,35,27,2409,26.8,1,1,2,1,0,0,5,1,0.04,0.04,0.07,0.04,0.07,26.8,1,29,16,0,8,26,34,,,0,1,20,4,20.0,0.75,0.15,0.05,0.25,0,0
ITA-Serie A,2425,Cagliari,Nadir Zortea,ITA,MF,25,1999,35,33,2713,30.1,6,2,8,6,0,0,2,0,0.2,0.07,0.27,0.2,0.27,30.1,0,33,22,1,119,19,13,,,0,6,32,10,31.3,1.06,0.33,0.19,0.6,0,0
ITA-Serie A,2425,Cagliari,Nicola Pintus,ITA,DF,19,2005,1,0,4,0.0,0,0,0,0,0,0,0,0,0.0,0.0,0.0,0.0,0.0,0.0,0,0,0,0,0,0,0,,,0,0,0,0,,0.0,0.0,,,0,0
ITA-Serie A,2425,Cagliari,Nicolas Viola,ITA,"MF,FW",34,1989,27,18,1267,14.1,3,1,4,3,0,0,2,0,0.21,0.07,0.28,0.21,0.28,14.1,0,20,34,8,80,3,7,,,0,3,31,9,29.0,2.2,0.64,0.1,0.33,0,0
ITA-Serie A,2425,Cagliari,Paulo Azzi,BRA,MF,30,1994,6,5,426,4.7,0,0,0,0,0,0,2,0,0.0,0.0,0.0,0.0,0.0,4.7,0,5,3,0,22,4,9,,,0,0,8,3,37.5,1.69,0.63,0.0,0.0,0,0
ITA-Serie A,2425,Cagliari,Roberto Piccoli,ITA,FW,23,2001,37,37,3127,34.7,10,1,11,9,1,1,6,0,0.29,0.03,0.32,0.26,0.29,34.7,0,60,54,23,8,3,10,,,0,10,98,31,31.6,2.82,0.89,0.09,0.29,1,1
ITA-Serie A,2425,Cagliari,Răzvan Marin,ROU,MF,28,1996,33,13,1406,15.6,3,2,5,1,2,2,4,0,0.19,0.13,0.32,0.06,0.19,15.6,0,25,13,0,77,2,14,,,0,3,24,10,41.7,1.54,0.64,0.04,0.1,2,2
ITA-Serie A,2425,Cagliari,Sebastiano Luperto,ITA,DF,27,1996,36,36,3240,36.0,1,3,4,1,0,0,4,0,0.03,0.08,0.11,0.03,0.11,36.0,0,23,20,1,8,30,28,,,0,1,21,5,23.8,0.58,0.14,0.05,0.2,0,0
ITA-Serie A,2425,Cagliari,Simone Scuffet,ITA,GK,28,1996,13,13,1170,13.0,0,0,0,0,0,0,0,0,0.0,0.0,0.0,0.0,0.0,13.0,0,0,1,0,0,0,0,,,0,0,0,0,,0.0,0.0,,,0,0
ITA-Serie A,2425,Cagliari,Tommaso Augello,ITA,"MF,DF",29,1994,38,30,2713,30.1,0,7,7,0,0,0,3,0,0.0,0.23,0.23,0.0,0.23,30.1,0,15,11,3,208,14,27,,,0,0,8,0,0.0,0.27,0.0,0.0,,0,0
ITA-Serie A,2425,Cagliari,Yerry Mina,COL,DF,29,1994,31,31,2569,28.5,1,0,1,1,0,0,6,1,0.04,0.0,0.04,0.04,0.04,28.5,1,40,57,2,1,39,34,,,0,1,26,8,30.8,0.91,0.28,0.04,0.13,0,0
ITA-Serie A,2425,Cagliari,Zito Luvumbo,ANG,"FW,MF",22,2002,26,19,1606,17.8,2,2,4,2,0,0,2,0,0.11,0.11,0.22,0.11,0.22,17.8,0,38,51,11,65,4,7,,,0,2,23,4,17.4,1.29,0.22,0.09,0.5,0,0
ITA-Serie A,2425,Como,Alberto Cerri,ITA,FW,28,1996,5,0,87,1.0,0,0,0,0,0,0,0,0,0.0,0.0,0.0,0.0,0.0,1.0,0,3,1,2,0,0,0,,,0,0,4,1,25.0,4.14,1.03,0.0,0.0,0,0
ITA-Serie A,2425,Como,Alberto Dossena,ITA,DF,25,1998,23,20,1825,20.3,0,2,2,0,0,0,1,1,0.0,0.1,0.1,0.0,0.1,20.3,0,22,16,0,1,22,20,,,0,0,12,4,33.3,0.59,0.2,0.0,0.0,0,0
ITA-Serie A,2425,Como,Alberto Moreno,ESP,DF,32,1992,24,21,1727,19.2,0,0,0,0,0,0,4,0,0.0,0.0,0.0,0.0,0.0,19.2,0,17,14,1,49,13,13,,,0,0,14,6,42.9,0.73,0.31,0.0,0.0,0,0
ITA-Serie A,2425,Como,Alessandro Gabrielloni,ITA,FW,30,1994,15,0,142,1.6,1,1,2,1,0,0,1,0,0.63,0.63,1.27,0.63,1.27,1.6,0,6,4,1,1,0,0,,,0,1,5,2,40.0,3.17,1.27,0.2,0.5,0,0
ITA-Serie A,2425,Como,Alessio Iovine,ITA,DF,33,1991,10,3,387,4.3,0,0,0,0,0,0,2,0,0.0,0.0,0.0,0.0,0.0,4.3,0,5,6,0,17,3,2,,,0,0,1,0,0.0,0.23,0.0,0.0,,0,0
ITA-Serie A,2425,Como,Ali Jasim,IRQ,MF,20,2004,2,0,10,0.1,0,0,0,0,0,0,0,0,0.0,0.0,0.0,0.0,0.0,0.1,0,1,0,0,1,0,0,,,0,0,0,0,,0.0,0.0,,,0,0
ITA-Serie A,2425,Como,Alieu Fadera,GAM,MF,22,2001,28,20,1644,18.3,1,3,4,1,0,0,2,1,0.05,0.16,0.22,0.05,0.22,18.3,0,40,50,14,39,12,47,,,0,1,28,9,32.1,1.53,0.49,0.04,0.11,0,0
ITA-Serie A,2425,Como,Anastasios Douvikas,GRE,FW,24,1999,13,6,580,6.4,2,2,4,2,0,0,1,0,0.31,0.31,0.62,0.31,0.62,6.4,0,13,17,1,2,1,2,,,0,2,14,5,35.7,2.17,0.78,0.14,0.4,0,0
ITA-Serie A,2425,Como,Andrea Belotti,ITA,FW,30,1993,18,7,593,6.6,2,0,2,2,0,0,1,0,0.3,0.0,0.3,0.3,0.3,6.6,0,9,19,5,5,1,5,,,0,2,19,3,15.8,2.88,0.46,0.11,0.67,0,0
ITA-Serie A,2425,Como,Assane Diao,SEN,"MF,FW",18,2005,15,14,1252,13.9,8,1,9,8,0,0,2,0,0.58,0.07,0.65,0.58,0.65,13.9,0,20,49,6,12,2,14,,,0,8,28,13,46.4,2.01,0.93,0.29,0.62,0,0
ITA-Serie A,2425,Como,Ben Lhassine Kone,CIV,MF,24,2000,4,0,51,0.6,0,0,0,0,0,0,1,0,0.0,0.0,0.0,0.0,0.0,0.6,0,1,1,0,0,1,2,,,0,0,1,0,0.0,1.76,0.0,0.0,,0,0
ITA-Serie A,2425,Como,Daniele Baselli,ITA,MF,32,1992,2,1,22,0.2,0,0,0,0,0,0,0,0,0.0,0.0,0.0,0.0,0.0,0.2,0,0,1,0,0,1,0,,,0,0,0,0,,0.0,0.0,,,0,0
ITA-Serie A,2425,Como,Dele Alli,ENG,"FW,MF",28,1996,1,0,9,0.1,0,0,0,0,0,0,0,1,0.0,0.0,0.0,0.0,0.0,0.1,0,1,0,0,0,0,0,,,0,0,0,0,,0.0,0.0,,,0,0
ITA-Serie A,2425,Como,Edoardo Goldaniga,ITA,DF,30,1993,32,28,2532,28.1,1,0,1,1,0,0,12,1,0.04,0.0,0.04,0.04,0.04,28.1,1,44,36,4,9,31,21,,,0,1,12,5,41.7,0.43,0.18,0.08,0.2,0,0
ITA-Serie A,2425,Como,Emil Audero,IDN,GK,27,1997,8,8,720,8.0,0,0,0,0,0,0,0,0,0.0,0.0,0.0,0.0,0.0,8.0,0,0,1,0,0,0,0,,,0,0,0,0,,0.0,0.0,,,0,0
ITA-Serie A,2425,Como,Federico Barba,ITA,DF,30,1993,7,5,431,4.8,0,0,0,0,0,0,0,0,0.0,0.0,0.0,0.0,0.0,4.8,0,3,1,0,3,4,2,,,0,0,2,1,50.0,0.42,0.21,0.0,0.0,0,0
ITA-Serie A,2425,Como,Fellipe Jack,BRA,DF,18,2006,7,1,171,1.9,0,0,0,0,0,0,2,0,0.0,0.0,0.0,0.0,0.0,1.9,0,5,1,0,0,4,4,,,0,0,0,0,,0.0,0.0,,,0,0
ITA-Serie A,2425,Como,Gabriel Strefezza,BRA,"MF,FW",27,1997,37,32,2619,29.1,6,4,10,6,0,0,5,0,0.21,0.14,0.34,0.21,0.34,29.1,0,46,71,2,124,13,38,,,0,6,57,22,38.6,1.96,0.76,0.11,0.27,0,0
ITA-Serie A,2425,Como,Ignace Van Der Brempt,BEL,DF,22,2002,20,14,1257,14.0,0,1,1,0,0,0,3,0,0.0,0.07,0.07,0.0,0.07,14.0,0,21,15,0,20,16,30,,,0,0,7,3,42.9,0.5,0.21,0.0,0.0,0,0
ITA-Serie A,2425,Como,Ivan Smolčić,CRO,DF,23,2000,9,7,630,7.0,0,0,0,0,0,0,2,0,0.0,0.0,0.0,0.0,0.0,7.0,0,11,5,0,4,10,9,,,0,0,7,3,42.9,1.0,0.43,0.0,0.0,0,0
ITA-Serie A,2425,Como,Jean Butez,FRA,GK,29,1995,19,18,1666,18.5,0,0,0,0,0,0,0,0,0.0,0.0,0.0,0.0,0.0,18.5,0,1,2,0,0,0,0,,,0,0,0,0,,0.0,0.0,,,0,0
ITA-Serie A,2425,Como,Jonathan Ikone,FRA,"MF,FW",26,1998,13,5,540,6.0,2,0,2,2,0,0,1,0,0.33,0.0,0.33,0.33,0.33,6.0,0,3,7,2,1,0,9,,,0,2,16,5,31.3,2.67,0.83,0.13,0.4,0,0
ITA-Serie A,2425,Como,Luca Mazzitelli,ITA,MF,28,1995,11,3,335,3.7,1,1,2,1,0,0,1,0,0.27,0.27,0.54,0.27,0.54,3.7,0,8,4,0,12,3,7,,,0,1,7,3,42.9,1.88,0.81,0.14,0.33,0,0
ITA-Serie A,2425,Como,Lucas Da Cunha,FRA,MF,23,2001,36,30,2613,29.0,3,2,5,3,0,0,4,0,0.1,0.07,0.17,0.1,0.17,29.0,0,21,29,1,101,16,26,,,0,3,37,14,37.8,1.27,0.48,0.08,0.21,0,0
ITA-Serie A,2425,Como,Marc-Oliver Kempf,GER,DF,29,1995,31,30,2615,29.1,0,0,0,0,0,0,6,1,0.0,0.0,0.0,0.0,0.0,29.1,1,21,20,0,4,29,21,,,0,0,20,4,20.0,0.69,0.14,0.0,0.0,0,0
ITA-Serie A,2425,Como,Marco Sala,ITA,DF,25,1999,8,3,261,2.9,0,0,0,0,0,0,3,0,0.0,0.0,0.0,0.0,0.0,2.9,0,5,1,0,9,1,7,,,0,0,0,0,,0.0,0.0,,,0,0
ITA-Serie A,2425,Como,Matthias Braunöder,AUT,MF,22,2002,8,3,268,3.0,0,0,0,0,0,0,3,1,0.0,0.0,0.0,0.0,0.0,3.0,1,10,5,0,0,2,4,,,0,0,2,0,0.0,0.67,0.0,0.0,,0,0
ITA-Serie A,2425,Como,Maxence Caqueret,FRA,MF,24,2000,18,15,1087,12.1,2,3,5,2,0,0,4,0,0.17,0.25,0.41,0.17,0.41,12.1,0,17,11,1,16,6,20,,,0,2,8,3,37.5,0.66,0.25,0.25,0.67,0,0
ITA-Serie A,2425,Como,Máximo Perrone,ARG,MF,21,2003,26,20,1857,20.6,0,3,3,0,0,0,6,0,0.0,0.15,0.15,0.0,0.15,20.6,0,26,13,0,4,20,26,,,0,0,10,2,20.0,0.48,0.1,0.0,0.0,0,0
ITA-Serie A,2425,Como,Mërgim Vojvoda,KVX,DF,29,1995,11,8,717,8.0,1,2,3,1,0,0,2,0,0.13,0.25,0.38,0.13,0.38,8.0,0,8,2,1,26,4,6,,,0,1,4,1,25.0,0.5,0.13,0.25,1.0,0,0
ITA-Serie A,2425,Como,Nicolás Paz,ARG,"MF,FW",19,2004,35,30,2687,29.9,6,8,14,6,0,1,6,0,0.2,0.27,0.47,0.2,0.47,29.9,0,47,33,2,42,20,32,,,0,6,110,38,34.5,3.68,1.27,0.05,0.16,0,1
ITA-Serie A,2425,Como,Oliver Abildgaard,DEN,"DF,MF",28,1996,1,0,7,0.1,0,0,0,0,0,0,0,0,0.0,0.0,0.0,0.0,0.0,0.1,0,0,1,0,0,0,0,,,0,0,0,0,,0.0,0.0,,,0,0
ITA-Serie A,2425,Como,Patrick Cutrone,ITA,FW,26,1998,33,23,2047,22.7,7,4,11,7,0,1,1,0,0.31,0.18,0.48,0.31,0.48,22.7,0,23,28,20,30,5,9,,,0,7,70,26,37.1,3.08,1.14,0.1,0.27,0,1
ITA-Serie A,2425,Como,Pepe Reina,ESP,GK,41,1982,12,12,1034,11.5,0,0,0,0,0,0,0,1,0.0,0.0,0.0,0.0,0.0,11.5,0,1,1,0,0,0,0,,,0,0,0,0,,0.0,0.0,,,0,0
ITA-Serie A,2425,Como,Sergi Roberto,ESP,MF,32,1992,13,8,696,7.7,0,1,1,0,0,0,4,0,0.0,0.13,0.13,0.0,0.13,7.7,0,7,14,0,6,9,10,,,0,0,6,1,16.7,0.78,0.13,0.0,0.0,0,0
ITA-Serie A,2425,Como,Simone Verdi,ITA,"FW,MF",32,1992,9,0,115,1.3,0,0,0,0,0,0,1,0,0.0,0.0,0.0,0.0,0.0,1.3,0,1,1,0,13,0,2,,,0,0,2,2,100.0,1.57,1.57,0.0,0.0,0,0
ITA-Serie A,2425,Como,Yannik Engelhardt,GER,"MF,DF",23,2001,26,11,1164,12.9,1,1,2,1,0,0,4,0,0.08,0.08,0.15,0.08,0.15,12.9,0,22,20,1,1,13,14,,,0,1,8,2,25.0,0.62,0.15,0.13,0.5,0,0
ITA-Serie A,2425,Como,Álex Valle,ESP,DF,20,2004,15,12,1030,11.4,0,0,0,0,0,0,2,0,0.0,0.0,0.0,0.0,0.0,11.4,0,14,18,1,15,6,11,,,0,0,9,1,11.1,0.79,0.09,0.0,0.0,0,0
ITA-Serie A,2425,Empoli,Alberto Grassi,ITA,MF,29,1995,28,27,2203,24.5,1,0,1,1,0,0,8,0,0.04,0.0,0.04,0.04,0.04,24.5,0,28,34,1,11,32,20,,,0,1,11,4,36.4,0.45,0.16,0.09,0.25,0,0
ITA-Serie A,2425,Empoli,Ardian Ismajli,ALB,DF,27,1996,29,29,2508,27.9,0,0,0,0,0,0,3,0,0.0,0.0,0.0,0.0,0.0,27.9,0,21,29,0,0,53,21,,,0,0,5,0,0.0,0.18,0.0,0.0,,0,0
ITA-Serie A,2425,Empoli,Christian Kouamé,CIV,"FW,MF",26,1997,8,5,507,5.6,1,0,1,1,0,0,0,0,0.18,0.0,0.18,0.18,0.18,5.6,0,7,15,2,2,0,4,,,0,1,16,5,31.3,2.84,0.89,0.06,0.2,0,0
ITA-Serie A,2425,Empoli,Devis Vásquez,COL,GK,26,1998,32,32,2880,32.0,0,0,0,0,0,0,2,0,0.0,0.0,0.0,0.0,0.0,32.0,0,1,4,0,1,0,0,,,0,0,0,0,,0.0,0.0,,,0,0
ITA-Serie A,2425,Empoli,Emmanuel Ekong,SWE,FW,22,2002,15,0,186,2.1,0,0,0,0,0,0,1,0,0.0,0.0,0.0,0.0,0.0,2.1,0,3,5,1,0,1,3,,,0,0,4,1,25.0,1.94,0.48,0.0,0.0,0,0
ITA-Serie A,2425,Empoli,Emmanuel Gyasi,GHA,MF,30,1994,37,37,3217,35.7,2,1,3,2,0,0,5,0,0.06,0.03,0.08,0.06,0.08,35.7,0,56,21,14,37,12,29,,,1,2,22,8,36.4,0.62,0.22,0.09,0.25,0,0
ITA-Serie A,2425,Empoli,Faustino Anjorin,ENG,MF,22,2001,22,14,1114,12.4,2,3,5,2,0,0,3,0,0.16,0.24,0.4,0.16,0.4,12.4,0,24,19,0,17,13,15,,,0,2,23,7,30.4,1.86,0.57,0.09,0.29,0,0
ITA-Serie A,2425,Empoli,Francesco Caputo,ITA,FW,36,1987,1,0,6,0.1,0,0,0,0,0,0,0,0,0.0,0.0,0.0,0.0,0.0,0.1,0,0,0,0,0,0,0,,,0,0,0,0,,0.0,0.0,,,0,0
ITA-Serie A,2425,Empoli,Giuseppe Pezzella,ITA,MF,26,1997,35,34,2878,32.0,0,3,3,0,0,0,7,0,0.0,0.09,0.09,0.0,0.09,32.0,0,48,33,6,177,16,32,,,0,0,15,3,20.0,0.47,0.09,0.0,0.0,0,0
ITA-Serie A,2425,Empoli,Ismael Konate,ITA,FW,18,2006,12,0,116,1.3,0,1,1,0,0,0,0,0,0.0,0.78,0.78,0.0,0.78,1.3,0,5,2,0,1,0,2,,,0,0,3,2,66.7,2.33,1.55,0.0,0.0,0,0
ITA-Serie A,2425,Empoli,Jacopo Bacci,ITA,MF,19,2005,3,0,31,0.3,0,0,0,0,0,0,0,0,0.0,0.0,0.0,0.0,0.0,0.3,0,0,1,0,0,1,0,,,0,0,0,0,,0.0,0.0,,,0,0
ITA-Serie A,2425,Empoli,Jacopo Fazzini,ITA,MF,21,2003,20,16,1383,15.4,4,1,5,4,0,0,1,1,0.26,0.07,0.33,0.26,0.33,15.4,0,23,32,4,32,7,19,,,0,4,26,9,34.6,1.69,0.59,0.15,0.44,0,0
ITA-Serie A,2425,Empoli,Jacopo Seghetti,ITA,GK,19,2005,1,1,90,1.0,0,0,0,0,0,0,0,0,0.0,0.0,0.0,0.0,0.0,1.0,0,0,0,0,0,0,0,,,0,0,0,0,,0.0,0.0,,,0,0
ITA-Serie A,2425,Empoli,Junior Sambia,CTA,MF,27,1996,17,2,387,4.3,0,0,0,0,0,0,0,0,0.0,0.0,0.0,0.0,0.0,4.3,0,5,9,0,28,3,10,,,0,0,10,1,10.0,2.33,0.23,0.0,0.0,0,0
ITA-Serie A,2425,Empoli,Liam Henderson,SCO,MF,28,1996,36,27,2337,26.0,0,4,4,0,0,0,10,0,0.0,0.15,0.15,0.0,0.15,26.0,0,83,23,2,97,15,22,,,0,0,22,3,13.6,0.85,0.12,0.0,0.0,0,0
ITA-Serie A,2425,Empoli,Liberato Cacace,NZL,"MF,DF",23,2000,33,24,2230,24.8,2,4,6,2,0,0,6,0,0.08,0.16,0.24,0.08,0.24,24.8,0,27,17,5,103,22,27,,,0,2,29,9,31.0,1.17,0.36,0.07,0.22,0,0
ITA-Serie A,2425,Empoli,Lorenzo Colombo,ITA,"FW,MF",22,2002,37,26,2233,24.8,6,2,8,5,1,1,5,1,0.24,0.08,0.32,0.2,0.28,24.8,1,46,41,6,10,3,15,,,0,6,56,20,35.7,2.26,0.81,0.09,0.25,1,1
ITA-Serie A,2425,Empoli,Lorenzo Tosto,ITA,DF,18,2006,1,0,1,0.0,0,0,0,0,0,0,0,0,0.0,0.0,0.0,0.0,0.0,0.0,0,0,0,0,0,0,0,,,0,0,0,0,,0.0,0.0,,,0,0
ITA-Serie A,2425,Empoli,Luca Marianucci,ITA,DF,20,2004,18,12,1069,11.9,0,0,0,0,0,0,0,1,0.0,0.0,0.0,0.0,0.0,11.9,0,11,5,0,6,21,12,,,0,0,8,2,25.0,0.67,0.17,0.0,0.0,0,0
ITA-Serie A,2425,Empoli,Marco Silvestri,ITA,GK,33,1991,5,5,450,5.0,0,0,0,0,0,0,0,0,0.0,0.0,0.0,0.0,0.0,5.0,0,0,0,0,0,0,0,,,0,0,0,0,,0.0,0.0,,,0,0
ITA-Serie A,2425,Empoli,Mattia De Sciglio,ITA,DF,31,1992,16,7,769,8.5,1,0,1,1,0,0,0,0,0.12,0.0,0.12,0.12,0.12,8.5,0,8,5,0,7,10,13,,,0,1,5,3,60.0,0.59,0.35,0.2,0.33,0,0
ITA-Serie A,2425,Empoli,Mattia Viti,ITA,DF,22,2002,30,30,2572,28.6,1,0,1,1,0,0,3,0,0.03,0.0,0.03,0.03,0.03,28.6,0,29,29,1,0,45,42,,,0,1,11,2,18.2,0.38,0.07,0.09,0.5,0,0
ITA-Serie A,2425,Empoli,Nicolas Haas,SUI,MF,28,1996,10,2,287,3.2,0,0,0,0,0,0,1,0,0.0,0.0,0.0,0.0,0.0,3.2,0,11,3,0,0,3,8,,,0,0,1,0,0.0,0.31,0.0,0.0,,0,0
ITA-Serie A,2425,Empoli,Ola Solbakken,NOR,"MF,FW",25,1998,21,8,760,8.4,0,0,0,0,0,0,2,0,0.0,0.0,0.0,0.0,0.0,8.4,0,8,2,2,7,3,3,,,0,0,4,3,75.0,0.47,0.36,0.0,0.0,0,0
ITA-Serie A,2425,Empoli,Petar Stojanović,SVN,"DF,MF",28,1995,1,0,3,0.0,0,0,0,0,0,0,0,0,0.0,0.0,0.0,0.0,0.0,0.0,0,0,0,0,0,0,0,,,0,0,0,0,,0.0,0.0,,,0,0
ITA-Serie A,2425,Empoli,Pietro Pellegri,ITA,FW,23,2001,11,5,414,4.6,3,0,3,3,0,0,2,0,0.65,0.0,0.65,0.65,0.65,4.6,0,10,5,1,3,0,2,,,0,3,8,4,50.0,1.74,0.87,0.38,0.75,0,0
ITA-Serie A,2425,Empoli,Saba Goglichidze,GEO,DF,20,2004,33,29,2539,28.2,0,1,1,0,0,0,3,1,0.0,0.04,0.04,0.0,0.04,28.2,0,27,34,1,5,33,41,,,0,0,6,0,0.0,0.21,0.0,0.0,,0,0
ITA-Serie A,2425,Empoli,Sebastian Walukiewicz,POL,DF,24,2000,2,2,180,2.0,0,0,0,0,0,0,0,0,0.0,0.0,0.0,0.0,0.0,2.0,0,4,0,0,2,1,0,,,0,0,0,0,,0.0,0.0,,,0,0
ITA-Serie A,2425,Empoli,Sebastiano Esposito,ITA,"FW,MF",22,2002,33,27,2331,25.9,8,0,8,7,1,2,1,0,0.31,0.0,0.31,0.27,0.27,25.9,0,47,56,10,55,11,29,,,0,8,61,21,34.4,2.36,0.81,0.11,0.33,1,2
ITA-Serie A,2425,Empoli,Szymon Żurkowski,POL,MF,26,1997,5,0,106,1.2,0,0,0,0,0,0,0,0,0.0,0.0,0.0,0.0,0.0,1.2,0,2,1,0,0,1,4,,,0,0,2,0,0.0,1.7,0.0,0.0,,0,0
ITA-Serie A,2425,Empoli,Thomas Campaniello,ITA,FW,16,2008,3,0,25,0.3,0,0,0,0,0,0,0,0,0.0,0.0,0.0,0.0,0.0,0.3,0,0,1,0,0,0,0,,,0,0,1,0,0.0,3.6,0.0,0.0,,0,0
ITA-Serie A,2425,Empoli,Tyronne Ebuehi,NGA,DF,28,1995,4,0,74,0.8,0,0,0,0,0,0,0,0,0.0,0.0,0.0,0.0,0.0,0.8,0,0,2,0,2,2,2,,,0,0,0,0,,0.0,0.0,,,0,0
ITA-Serie A,2425,Empoli,Viktor Kovalenko,UKR,MF,28,1996,6,0,77,0.9,0,0,0,0,0,0,0,0,0.0,0.0,0.0,0.0,0.0,0.9,0,2,2,0,1,0,1,,,0,0,3,1,33.3,3.51,1.17,0.0,0.0,0,0
ITA-Serie A,2425,Empoli,Youssef Maleh,MAR,MF,25,1998,22,17,1510,16.8,0,1,1,0,0,0,5,1,0.0,0.06,0.06,0.0,0.06,16.8,1,32,29,1,16,14,24,,,0,0,17,3,17.6,1.01,0.18,0.0,0.0,0,0
ITA-Serie A,2425,Fiorentina,Albert Guðmundsson,ISL,"FW,MF",27,1997,24,16,1273,14.1,6,1,7,4,2,2,2,0,0.42,0.07,0.49,0.28,0.35,14.1,0,13,18,3,24,6,5,,,0,6,27,15,55.6,1.91,1.06,0.15,0.27,2,2
ITA-Serie A,2425,Fiorentina,Alessandro Bianco,ITA,MF,21,2002,1,0,18,0.2,0,0,0,0,0,0,0,0,0.0,0.0,0.0,0.0,0.0,0.2,0,0,0,0,0,0,0,,,0,0,0,0,,0.0,0.0,,,0,0
ITA-Serie A,2425,Fiorentina,Amir Richardson,MAR,MF,22,2002,27,10,1099,12.2,1,1,2,1,0,0,6,0,0.08,0.08,0.16,0.08,0.16,12.2,0,31,19,1,5,5,12,,,0,1,11,5,45.5,0.9,0.41,0.09,0.2,0,0
ITA-Serie A,2425,Fiorentina,Andrea Colpani,ITA,MF,25,1999,25,18,1450,16.1,2,1,3,2,0,0,1,0,0.12,0.06,0.19,0.12,0.19,16.1,0,22,24,1,33,9,8,,,0,2,36,12,33.3,2.23,0.74,0.06,0.17,0,0
ITA-Serie A,2425,Fiorentina,Antonín Barák,CZE,MF,29,1994,1,1,54,0.6,0,0,0,0,0,0,0,0,0.0,0.0,0.0,0.0,0.0,0.6,0,0,0,0,1,0,0,,,0,0,2,2,100.0,3.33,3.33,0.0,0.0,0,0
ITA-Serie A,2425,Fiorentina,Cher Ndour,ITA,MF,20,2004,9,4,406,4.5,0,0,0,0,0,0,1,0,0.0,0.0,0.0,0.0,0.0,4.5,0,6,6,0,7,2,1,,,0,0,4,0,0.0,0.89,0.0,0.0,,0,0
ITA-Serie A,2425,Fiorentina,Christian Kouamé,CIV,"MF,FW",26,1997,18,5,622,6.9,0,1,1,0,0,0,1,0,0.0,0.14,0.14,0.0,0.14,6.9,0,13,14,2,6,1,8,,,0,0,11,1,9.1,1.59,0.14,0.0,0.0,0,0
ITA-Serie A,2425,Fiorentina,Cristiano Biraghi,ITA,"DF,MF",31,1992,8,5,433,4.8,1,0,1,1,0,0,1,0,0.21,0.0,0.21,0.21,0.21,4.8,0,4,7,0,30,4,4,,,0,1,5,2,40.0,1.04,0.42,0.2,0.5,0,0
ITA-Serie A,2425,Fiorentina,Danilo Cataldi,ITA,MF,29,1994,25,23,1728,19.2,3,0,3,3,0,0,1,0,0.16,0.0,0.16,0.16,0.16,19.2,0,15,22,0,21,23,18,,,0,3,13,5,38.5,0.68,0.26,0.23,0.6,0,0
ITA-Serie A,2425,Fiorentina,David de Gea,ESP,GK,33,1990,35,35,3150,35.0,0,1,1,0,0,0,1,0,0.0,0.03,0.03,0.0,0.03,35.0,0,0,2,0,0,0,0,,,0,0,0,0,,0.0,0.0,,,0,0
ITA-Serie A,2425,Fiorentina,Dodô,BRA,"DF,MF",25,1998,35,35,3115,34.6,0,5,5,0,0,0,8,0,0.0,0.14,0.14,0.0,0.14,34.6,0,23,62,3,143,36,29,,,0,0,27,6,22.2,0.78,0.17,0.0,0.0,0,0
ITA-Serie A,2425,Fiorentina,Edoardo Bove,ITA,MF,22,2002,12,11,851,9.5,1,2,3,1,0,0,3,0,0.11,0.21,0.32,0.11,0.32,9.5,0,16,21,0,2,6,16,,,0,1,7,2,28.6,0.74,0.21,0.14,0.5,0,0
ITA-Serie A,2425,Fiorentina,Fabiano Parisi,ITA,"MF,DF",23,2000,26,11,1124,12.5,2,0,2,2,0,0,3,0,0.16,0.0,0.16,0.16,0.16,12.5,0,17,28,0,13,17,17,,,0,2,9,5,55.6,0.72,0.4,0.22,0.4,0,0
ITA-Serie A,2425,Fiorentina,Jonathan Ikone,FRA,MF,26,1998,14,1,334,3.7,0,0,0,0,0,0,0,0,0.0,0.0,0.0,0.0,0.0,3.7,0,3,7,0,1,1,2,,,0,0,9,5,55.6,2.43,1.35,0.0,0.0,0,0
ITA-Serie A,2425,Fiorentina,Luca Ranieri,ITA,DF,25,1999,36,35,3071,34.1,1,3,4,1,0,0,7,0,0.03,0.09,0.12,0.03,0.12,34.1,0,25,23,1,8,28,25,,,0,1,11,5,45.5,0.32,0.15,0.09,0.2,0,0
ITA-Serie A,2425,Fiorentina,Lucas Beltrán,ARG,"MF,FW",23,2001,33,21,1953,21.7,5,4,9,3,2,3,6,0,0.23,0.18,0.41,0.14,0.32,21.7,0,32,50,4,7,5,11,,,0,5,29,9,31.0,1.34,0.41,0.1,0.33,2,3
ITA-Serie A,2425,Fiorentina,Lucas Martínez Quarta,ARG,DF,28,1996,8,4,351,3.9,1,0,1,1,0,0,1,0,0.26,0.0,0.26,0.26,0.26,3.9,0,8,2,0,0,1,7,,,0,1,3,1,33.3,0.77,0.26,0.33,1.0,0,0
ITA-Serie A,2425,Fiorentina,Maat Daniel Caprini,ITA,FW,18,2006,2,0,8,0.1,0,0,0,0,0,0,0,0,0.0,0.0,0.0,0.0,0.0,0.1,0,0,0,1,0,0,0,,,0,0,0,0,,0.0,0.0,,,0,0
ITA-Serie A,2425,Fiorentina,Marin Pongračić,CRO,DF,26,1997,20,14,1367,15.2,0,0,0,0,0,0,3,1,0.0,0.0,0.0,0.0,0.0,15.2,1,26,7,0,1,12,12,,,1,0,2,1,50.0,0.13,0.07,0.0,0.0,0,0
ITA-Serie A,2425,Fiorentina,Matias Moreno,ARG,DF,20,2003,4,2,144,1.6,0,0,0,0,0,0,0,0,0.0,0.0,0.0,0.0,0.0,1.6,0,4,0,0,2,1,8,,,0,0,0,0,,0.0,0.0,,,0,0
ITA-Serie A,2425,Fiorentina,Michael Folorunsho,ITA,MF,26,1998,14,6,650,7.2,0,0,0,0,0,0,5,0,0.0,0.0,0.0,0.0,0.0,7.2,0,16,23,0,22,4,13,,,0,0,9,3,33.3,1.25,0.42,0.0,0.0,0,0
ITA-Serie A,2425,Fiorentina,Michael Kayode,ITA,DF,20,2004,5,1,127,1.4,0,0,0,0,0,0,0,0,0.0,0.0,0.0,0.0,0.0,1.4,0,1,2,0,6,2,1,,,0,0,1,0,0.0,0.71,0.0,0.0,,0,0
ITA-Serie A,2425,Fiorentina,Moise Kean,ITA,FW,24,2000,32,31,2704,30.0,19,3,22,18,1,2,6,0,0.63,0.1,0.73,0.6,0.7,30.0,0,41,52,57,9,6,5,,,0,19,105,51,48.6,3.49,1.7,0.17,0.35,1,2
ITA-Serie A,2425,Fiorentina,Nicolò Fagioli,ITA,MF,23,2001,15,10,962,10.7,1,2,3,1,0,0,0,0,0.09,0.19,0.28,0.09,0.28,10.7,0,8,14,0,27,5,10,,,0,1,10,4,40.0,0.94,0.37,0.1,0.25,0,0
ITA-Serie A,2425,Fiorentina,Nicolò Zaniolo,ITA,"FW,MF",25,1999,9,4,343,3.8,0,0,0,0,0,0,2,1,0.0,0.0,0.0,0.0,0.0,3.8,0,11,15,3,4,0,1,,,0,0,9,4,44.4,2.36,1.05,0.0,0.0,0,0
ITA-Serie A,2425,Fiorentina,Pablo Marí,ESP,DF,30,1993,13,12,1098,12.2,0,0,0,0,0,0,2,0,0.0,0.0,0.0,0.0,0.0,12.2,0,14,5,0,0,25,10,,,0,0,5,1,20.0,0.41,0.08,0.0,0.0,0,0
ITA-Serie A,2425,Fiorentina,Pietro Comuzzo,ITA,DF,19,2005,33,24,2200,24.4,1,0,1,1,0,0,5,0,0.04,0.0,0.04,0.04,0.04,24.4,0,25,12,0,3,27,19,,,0,1,4,2,50.0,0.16,0.08,0.25,0.5,0,0
ITA-Serie A,2425,Fiorentina,Pietro Terracciano,ITA,GK,34,1990,3,3,270,3.0,0,0,0,0,0,0,0,0,0.0,0.0,0.0,0.0,0.0,3.0,0,0,0,0,0,0,0,,,0,0,0,0,,0.0,0.0,,,0,0
ITA-Serie A,2425,Fiorentina,Riccardo Sottil,ITA,MF,25,1999,18,8,833,9.3,1,1,2,1,0,0,1,0,0.11,0.11,0.22,0.11,0.22,9.3,0,7,33,1,41,5,4,,,0,1,22,6,27.3,2.38,0.65,0.05,0.17,0,0
ITA-Serie A,2425,Fiorentina,Robin Gosens,GER,"DF,MF",30,1994,32,29,2521,28.0,5,5,10,5,0,0,6,0,0.18,0.18,0.36,0.18,0.36,28.0,0,24,22,9,65,20,34,,,0,5,23,8,34.8,0.82,0.29,0.22,0.63,0,0
ITA-Serie A,2425,Fiorentina,Rolando Mandragora,ITA,MF,27,1997,29,22,1931,21.5,4,3,7,3,1,1,7,0,0.19,0.14,0.33,0.14,0.28,21.5,0,21,39,2,42,14,14,,,0,4,38,15,39.5,1.77,0.7,0.08,0.2,1,1
ITA-Serie A,2425,Fiorentina,Sofyan Amrabat,MAR,MF,27,1996,2,2,180,2.0,0,0,0,0,0,0,0,0,0.0,0.0,0.0,0.0,0.0,2.0,0,4,1,0,3,0,2,,,0,0,0,0,,0.0,0.0,,,0,0
ITA-Serie A,2425,Fiorentina,Tommaso Rubino,ITA,FW,17,2006,1,0,8,0.1,0,0,0,0,0,0,0,0,0.0,0.0,0.0,0.0,0.0,0.1,0,1,0,0,0,0,0,,,0,0,0,0,,0.0,0.0,,,0,0
ITA-Serie A,2425,Fiorentina,Yacine Adli,FRA,MF,24,2000,26,15,1234,13.7,4,6,10,4,0,0,3,1,0.29,0.44,0.73,0.29,0.73,13.7,1,9,20,0,62,5,20,,,0,4,14,5,35.7,1.02,0.36,0.29,0.8,0,0
ITA-Serie A,2425,Genoa,Aarón Martín,ESP,"DF,MF",27,1997,36,35,3085,34.3,0,8,8,0,0,0,5,0,0.0,0.23,0.23,0.0,0.23,34.3,0,38,28,4,257,20,48,,,0,0,16,4,25.0,0.47,0.12,0.0,0.0,0,0
ITA-Serie A,2425,Genoa,Alan Matturro,URU,DF,19,2004,13,9,900,10.0,0,0,0,0,0,0,2,0,0.0,0.0,0.0,0.0,0.0,10.0,0,10,5,2,8,14,6,,,0,0,4,3,75.0,0.4,0.3,0.0,0.0,0,0
ITA-Serie A,2425,Genoa,Alessandro Marcandalli,ITA,DF,21,2002,2,1,46,0.5,0,0,0,0,0,0,0,0,0.0,0.0,0.0,0.0,0.0,0.5,0,0,0,0,0,0,0,,,0,0,0,0,,0.0,0.0,,,0,0
ITA-Serie A,2425,Genoa,Alessandro Vogliacco,ITA,DF,25,1998,12,8,715,7.9,2,0,2,2,0,0,3,0,0.25,0.0,0.25,0.25,0.25,7.9,0,12,2,0,11,9,3,,,0,2,5,2,40.0,0.63,0.25,0.4,1.0,0,0
ITA-Serie A,2425,Genoa,Alessandro Zanoli,ITA,MF,23,2000,31,19,1711,19.0,1,0,1,1,0,0,3,0,0.05,0.0,0.05,0.05,0.05,19.0,0,17,19,1,65,12,21,,,0,1,11,3,27.3,0.58,0.16,0.09,0.33,0,0
ITA-Serie A,2425,Genoa,Andrea Pinamonti,ITA,FW,25,1999,36,33,2850,31.7,10,1,11,10,0,1,4,0,0.32,0.03,0.35,0.32,0.35,31.7,0,21,43,15,17,1,6,,,0,10,79,30,38.0,2.49,0.95,0.13,0.33,0,1
ITA-Serie A,2425,Genoa,Benjamin Siegrist,SUI,GK,32,1992,2,2,152,1.7,0,0,0,0,0,0,0,0,0.0,0.0,0.0,0.0,0.0,1.7,0,0,0,0,0,1,0,,,0,0,0,0,,0.0,0.0,,,0,0
ITA-Serie A,2425,Genoa,Brooke Norton-Cuffy,ENG,"MF,DF",20,2004,14,8,719,8.0,0,0,0,0,0,0,0,0,0.0,0.0,0.0,0.0,0.0,8.0,0,7,3,0,12,3,7,,,0,0,5,2,40.0,0.63,0.25,0.0,0.0,0,0
ITA-Serie A,2425,Genoa,Caleb Ekuban,GHA,FW,30,1994,18,3,555,6.2,1,3,4,1,0,0,1,0,0.16,0.49,0.65,0.16,0.65,6.2,0,15,9,5,3,1,3,,,0,1,18,6,33.3,2.92,0.97,0.06,0.17,0,0
ITA-Serie A,2425,Genoa,Daniele Sommariva,ITA,GK,27,1997,1,0,28,0.3,0,0,0,0,0,0,0,0,0.0,0.0,0.0,0.0,0.0,0.3,0,0,0,0,0,0,0,,,0,0,0,0,,0.0,0.0,,,0,0
ITA-Serie A,2425,Genoa,David Akpan Ankeye,NGA,FW,22,2002,4,0,45,0.5,0,0,0,0,0,0,0,0,0.0,0.0,0.0,0.0,0.0,0.5,0,3,1,0,0,0,0,,,0,0,0,0,,0.0,0.0,,,0,0
ITA-Serie A,2425,Genoa,Emil Bohinen,NOR,MF,25,1999,3,1,166,1.8,0,0,0,0,0,0,0,0,0.0,0.0,0.0,0.0,0.0,1.8,0,3,3,0,0,1,4,,,0,0,2,0,0.0,1.08,0.0,0.0,,0,0
ITA-Serie A,2425,Genoa,Fabio Miretti,ITA,MF,20,2003,25,22,1677,18.6,3,3,6,3,0,0,2,0,0.16,0.16,0.32,0.16,0.32,18.6,0,23,55,3,61,7,15,,,0,3,24,6,25.0,1.29,0.32,0.13,0.5,0,0
ITA-Serie A,2425,Genoa,Federico Accornero,ITA,MF,20,2004,1,0,5,0.1,0,0,0,0,0,0,0,0,0.0,0.0,0.0,0.0,0.0,0.1,0,0,0,0,1,0,0,,,0,0,0,0,,0.0,0.0,,,0,0
ITA-Serie A,2425,Genoa,Filippo Melegoni,ITA,MF,25,1999,3,1,89,1.0,0,1,1,0,0,0,0,0,0.0,1.01,1.01,0.0,1.01,1.0,0,0,1,0,2,0,1,,,0,0,1,0,0.0,1.01,0.0,0.0,,0,0
ITA-Serie A,2425,Genoa,Gastón Pereiro,URU,"FW,MF",29,1995,2,0,31,0.3,0,0,0,0,0,0,0,0,0.0,0.0,0.0,0.0,0.0,0.3,0,0,1,0,1,0,0,,,0,0,0,0,,0.0,0.0,,,0,0
ITA-Serie A,2425,Genoa,Honest Ahanor,ITA,"MF,DF",16,2008,6,3,270,3.0,0,0,0,0,0,0,0,0,0.0,0.0,0.0,0.0,0.0,3.0,0,2,8,0,4,1,4,,,0,0,3,1,33.3,1.0,0.33,0.0,0.0,0,0
ITA-Serie A,2425,Genoa,Jean Onana,CMR,MF,24,2000,9,2,304,3.4,0,0,0,0,0,0,1,0,0.0,0.0,0.0,0.0,0.0,3.4,0,12,2,0,1,4,6,,,0,0,1,0,0.0,0.3,0.0,0.0,,0,0
ITA-Serie A,2425,Genoa,Jeff Ekhator,ITA,"FW,MF",17,2006,24,6,769,8.5,1,1,2,1,0,0,1,0,0.12,0.12,0.23,0.12,0.23,8.5,0,15,13,3,10,2,4,,,0,1,10,3,30.0,1.17,0.35,0.1,0.33,0,0
ITA-Serie A,2425,Genoa,Johan Vásquez,MEX,DF,25,1998,36,34,3041,33.8,3,0,3,3,0,0,9,0,0.09,0.0,0.09,0.09,0.09,33.8,0,31,32,1,7,50,32,,,0,3,36,8,22.2,1.07,0.24,0.08,0.38,0,0
ITA-Serie A,2425,Genoa,Junior Messias,BRA,"MF,FW",33,1991,17,8,847,9.4,1,1,2,1,0,1,1,0,0.11,0.11,0.21,0.11,0.21,9.4,0,8,21,0,22,6,7,,,0,1,18,6,33.3,1.91,0.64,0.06,0.17,0,1
ITA-Serie A,2425,Genoa,Koni De Winter,BEL,DF,22,2002,25,23,2135,23.7,3,0,3,3,0,0,6,0,0.13,0.0,0.13,0.13,0.13,23.7,0,43,13,1,3,27,19,,,0,3,13,7,53.8,0.55,0.3,0.23,0.43,0,0
ITA-Serie A,2425,Genoa,Lior Kasa,ISR,MF,18,2005,8,2,230,2.6,0,0,0,0,0,0,2,0,0.0,0.0,0.0,0.0,0.0,2.6,0,4,3,0,2,3,2,,,0,0,5,2,40.0,1.96,0.78,0.0,0.0,0,0
ITA-Serie A,2425,Genoa,Lorenzo Venturino,ITA,MF,18,2006,6,1,167,1.9,2,0,2,2,0,0,0,0,1.08,0.0,1.08,1.08,1.08,1.9,0,3,1,0,10,0,3,,,0,2,4,3,75.0,2.16,1.62,0.5,0.67,0,0
ITA-Serie A,2425,Genoa,Mario Balotelli,ITA,FW,33,1990,6,0,62,0.7,0,0,0,0,0,0,2,0,0.0,0.0,0.0,0.0,0.0,0.7,0,2,2,0,3,0,0,,,0,0,2,0,0.0,2.9,0.0,0.0,,0,0
ITA-Serie A,2425,Genoa,Mattia Bani,ITA,DF,30,1993,20,19,1507,16.7,0,0,0,0,0,0,3,0,0.0,0.0,0.0,0.0,0.0,16.7,0,7,11,1,4,21,11,,,0,0,8,3,37.5,0.48,0.18,0.0,0.0,0,0
ITA-Serie A,2425,Genoa,Maxwel Cornet,CIV,MF,27,1996,7,2,246,2.7,2,1,3,2,0,0,0,0,0.73,0.37,1.1,0.73,1.1,2.7,0,0,1,1,8,2,1,,,0,2,5,3,60.0,1.83,1.1,0.4,0.67,0,0
ITA-Serie A,2425,Genoa,Milan Badelj,CRO,MF,35,1989,23,21,1472,16.4,1,0,1,1,0,0,2,0,0.06,0.0,0.06,0.06,0.06,16.4,0,18,19,0,5,22,16,,,0,1,14,3,21.4,0.86,0.18,0.07,0.33,0,0
ITA-Serie A,2425,Genoa,Morten Frendrup,DEN,MF,23,2001,35,35,3103,34.5,2,0,2,2,0,0,5,0,0.06,0.0,0.06,0.06,0.06,34.5,0,51,30,1,3,46,60,,,1,2,30,9,30.0,0.87,0.26,0.07,0.22,0,0
ITA-Serie A,2425,Genoa,Morten Thorsby,NOR,MF,28,1996,30,22,1898,21.1,0,1,1,0,0,0,6,0,0.0,0.05,0.05,0.0,0.05,21.1,0,53,15,9,9,5,28,,,1,0,15,7,46.7,0.71,0.33,0.0,0.0,0,0
ITA-Serie A,2425,Genoa,Nicola Leali,ITA,GK,31,1993,29,29,2610,29.0,0,0,0,0,0,0,1,0,0.0,0.0,0.0,0.0,0.0,29.0,0,1,6,0,0,0,0,,,1,0,0,0,,0.0,0.0,,,0,0
ITA-Serie A,2425,Genoa,Patrizio Masini,ITA,MF,23,2001,26,16,1538,17.1,1,0,1,1,0,0,3,0,0.06,0.0,0.06,0.06,0.06,17.1,0,36,48,0,26,16,28,,,0,1,8,1,12.5,0.47,0.06,0.13,1.0,0,0
ITA-Serie A,2425,Genoa,Pierluigi Gollini,ITA,GK,29,1995,7,7,630,7.0,0,0,0,0,0,0,1,0,0.0,0.0,0.0,0.0,0.0,7.0,0,0,0,0,0,0,0,,,0,0,0,0,,0.0,0.0,,,0,0
ITA-Serie A,2425,Genoa,Ruslan Malinovskyi,UKR,MF,31,1993,9,4,383,4.3,0,2,2,0,0,0,2,0,0.0,0.47,0.47,0.0,0.47,4.3,0,9,5,0,3,1,10,,,0,0,9,3,33.3,2.11,0.7,0.0,0.0,0,0
ITA-Serie A,2425,Genoa,Sebastian Otoa,DEN,DF,20,2004,3,3,179,2.0,0,0,0,0,0,0,1,1,0.0,0.0,0.0,0.0,0.0,2.0,0,5,0,0,0,3,0,,,0,0,0,0,,0.0,0.0,,,0,0
ITA-Serie A,2425,Genoa,Stefano Sabelli,ITA,"DF,MF",31,1993,34,23,2058,22.9,0,2,2,0,0,0,3,0,0.0,0.09,0.09,0.0,0.09,22.9,0,25,23,0,59,21,31,,,0,0,6,1,16.7,0.26,0.04,0.0,0.0,0,0
ITA-Serie A,2425,Genoa,Vitinha,POR,"FW,MF",24,2000,25,16,1328,14.8,2,3,5,2,0,0,2,0,0.14,0.2,0.34,0.14,0.34,14.8,0,23,25,8,46,13,8,,,0,2,33,6,18.2,2.24,0.41,0.06,0.33,0,0
ITA-Serie A,2425,Hellas Verona,Abdou Harroui,NED,"MF,FW",26,1998,10,5,463,5.1,1,2,3,1,0,0,1,0,0.19,0.39,0.58,0.19,0.58,5.1,0,10,3,0,9,2,5,,,0,1,15,4,26.7,2.92,0.78,0.07,0.25,0,0
ITA-Serie A,2425,Hellas Verona,Alphadjo Cissè,ITA,MF,17,2006,2,0,9,0.1,0,0,0,0,0,0,0,0,0.0,0.0,0.0,0.0,0.0,0.1,0,1,0,0,0,0,0,,,0,0,2,2,100.0,20.0,20.0,0.0,0.0,0,0
ITA-Serie A,2425,Hellas Verona,Amin Sarr,SWE,FW,23,2001,32,25,1907,21.2,4,1,5,4,0,0,1,0,0.19,0.05,0.24,0.19,0.24,21.2,0,47,20,13,7,3,11,,,0,4,23,7,30.4,1.09,0.33,0.17,0.57,0,0
ITA-Serie A,2425,Hellas Verona,Antoine Bernede,FRA,MF,25,1999,14,7,594,6.6,1,0,1,1,0,0,2,0,0.15,0.0,0.15,0.15,0.15,6.6,0,16,4,0,14,5,8,,,0,1,4,2,50.0,0.61,0.3,0.25,0.5,0,0
ITA-Serie A,2425,Hellas Verona,Casper Tengstedt,DEN,FW,24,2000,25,20,1517,16.9,6,1,7,5,1,1,2,0,0.36,0.06,0.42,0.3,0.36,16.9,0,6,9,6,11,4,5,,,0,6,38,11,28.9,2.25,0.65,0.13,0.45,1,1
ITA-Serie A,2425,Hellas Verona,Cheikh Niasse,SEN,MF,24,2000,11,8,755,8.4,0,0,0,0,0,0,4,0,0.0,0.0,0.0,0.0,0.0,8.4,0,11,14,0,2,16,15,,,0,0,3,1,33.3,0.36,0.12,0.0,0.0,0,0
ITA-Serie A,2425,Hellas Verona,Dailon Livramento,CPV,"MF,FW",23,2001,29,8,940,10.4,1,1,2,1,0,0,2,1,0.1,0.1,0.19,0.1,0.19,10.4,0,21,6,8,18,3,11,,,0,1,13,4,30.8,1.24,0.38,0.08,0.25,0,0
ITA-Serie A,2425,Hellas Verona,Daniel Bandeira,POR,MF,24,2000,11,4,407,4.5,0,0,0,0,0,0,1,0,0.0,0.0,0.0,0.0,0.0,4.5,0,4,4,0,8,5,0,,,0,0,2,1,50.0,0.44,0.22,0.0,0.0,0,0
ITA-Serie A,2425,Hellas Verona,Daniel Mosquera,COL,FW,24,1999,35,12,1375,15.3,5,1,6,5,0,0,4,0,0.33,0.07,0.39,0.33,0.39,15.3,0,44,17,8,2,3,8,,,0,5,57,16,28.1,3.73,1.05,0.09,0.31,0,0
ITA-Serie A,2425,Hellas Verona,Daniel Oyegoke,ENG,"DF,MF",21,2003,5,0,103,1.1,0,0,0,0,0,0,1,0,0.0,0.0,0.0,0.0,0.0,1.1,0,2,0,0,4,1,2,,,0,0,1,0,0.0,0.87,0.0,0.0,,0,0
ITA-Serie A,2425,Hellas Verona,Daniele Ghilardi,ITA,DF,21,2003,24,21,2029,22.5,0,0,0,0,0,0,7,1,0.0,0.0,0.0,0.0,0.0,22.5,0,33,29,0,10,30,28,,,0,0,12,4,33.3,0.53,0.18,0.0,0.0,0,0
ITA-Serie A,2425,Hellas Verona,Darko Lazović,SRB,MF,33,1990,27,17,1459,16.2,2,3,5,1,1,1,0,0,0.12,0.19,0.31,0.06,0.25,16.2,0,9,5,4,69,11,11,,,0,2,20,4,20.0,1.23,0.25,0.05,0.25,1,1
ITA-Serie A,2425,Hellas Verona,Davide Faraoni,ITA,"MF,DF",32,1991,8,3,260,2.9,0,0,0,0,0,0,1,0,0.0,0.0,0.0,0.0,0.0,2.9,0,7,1,2,12,2,9,,,0,0,1,0,0.0,0.35,0.0,0.0,,0,0
ITA-Serie A,2425,Hellas Verona,Diego Coppola,ITA,DF,20,2003,34,33,2927,32.5,2,0,2,2,0,0,10,0,0.06,0.0,0.06,0.06,0.06,32.5,0,44,0,0,0,66,38,,,0,2,10,4,40.0,0.31,0.12,0.2,0.5,0,0
ITA-Serie A,2425,Hellas Verona,Domagoj Bradarić,CRO,"MF,DF",24,1999,28,24,1933,21.5,1,0,1,1,0,0,6,0,0.05,0.0,0.05,0.05,0.05,21.5,0,21,14,3,79,16,30,,,0,1,9,4,44.4,0.42,0.19,0.11,0.25,0,0
ITA-Serie A,2425,Hellas Verona,Faride Alidou,GER,FW,23,2001,3,0,71,0.8,0,0,0,0,0,0,0,0,0.0,0.0,0.0,0.0,0.0,0.8,0,1,0,0,3,1,0,,,0,0,1,0,0.0,1.27,0.0,0.0,,0,0
ITA-Serie A,2425,Hellas Verona,Flavius Daniliuc,AUT,DF,23,2001,18,9,1004,11.2,0,0,0,0,0,0,0,0,0.0,0.0,0.0,0.0,0.0,11.2,0,12,2,0,6,6,20,,,0,0,3,1,33.3,0.27,0.09,0.0,0.0,0,0
ITA-Serie A,2425,Hellas Verona,Giangiacomo Magnani,ITA,DF,28,1995,17,11,1065,11.8,1,0,1,1,0,0,2,0,0.08,0.0,0.08,0.08,0.08,11.8,0,8,11,0,2,17,15,,,0,1,11,2,18.2,0.93,0.17,0.09,0.5,0,0
ITA-Serie A,2425,Hellas Verona,Grigoris Kastanos,CYP,"MF,FW",26,1998,27,8,872,9.7,1,1,2,1,0,0,4,0,0.1,0.1,0.21,0.1,0.21,9.7,0,16,19,1,24,7,15,,,0,1,22,5,22.7,2.27,0.52,0.05,0.2,0,0
ITA-Serie A,2425,Hellas Verona,Jackson Tchatchoua,CMR,"MF,DF",22,2001,36,36,3167,35.2,2,3,5,2,0,0,7,1,0.06,0.09,0.14,0.06,0.14,35.2,0,26,11,8,118,14,31,,,0,2,18,3,16.7,0.51,0.09,0.11,0.67,0,0
ITA-Serie A,2425,Hellas Verona,Junior Ajayi,CIV,FW,19,2004,2,0,13,0.1,0,0,0,0,0,0,0,0,0.0,0.0,0.0,0.0,0.0,0.1,0,1,1,0,0,0,0,,,0,0,0,0,,0.0,0.0,,,0,0
ITA-Serie A,2425,Hellas Verona,Lorenzo Montipò,ITA,GK,28,1996,36,36,3240,36.0,0,0,0,0,0,0,0,0,0.0,0.0,0.0,0.0,0.0,36.0,0,0,7,0,0,0,0,,,1,0,0,0,,0.0,0.0,,,0,0
ITA-Serie A,2425,Hellas Verona,Martin Frese,DEN,"DF,MF",26,1998,11,5,549,6.1,0,0,0,0,0,0,0,0,0.0,0.0,0.0,0.0,0.0,6.1,0,9,9,0,10,8,11,,,0,0,2,0,0.0,0.33,0.0,0.0,,0,0
ITA-Serie A,2425,Hellas Verona,Mathis Lambourde,FRA,FW,18,2006,7,0,89,1.0,1,0,1,1,0,0,1,0,1.01,0.0,1.01,1.01,1.01,1.0,0,4,1,0,1,0,1,,,0,1,2,1,50.0,2.02,1.01,0.5,1.0,0,0
ITA-Serie A,2425,Hellas Verona,Nicolás Valentini,ARG,DF,23,2001,14,13,1129,12.5,0,0,0,0,0,0,5,1,0.0,0.0,0.0,0.0,0.0,12.5,1,22,5,0,5,15,22,,,0,0,8,0,0.0,0.64,0.0,0.0,,0,0
ITA-Serie A,2425,Hellas Verona,Ondrej Duda,SVK,MF,29,1994,28,27,2395,26.6,1,3,4,1,0,0,12,1,0.04,0.11,0.15,0.04,0.15,26.6,1,51,57,0,89,28,27,,,0,1,25,5,20.0,0.94,0.19,0.04,0.2,0,0
ITA-Serie A,2425,Hellas Verona,Paweł Dawidowicz,POL,"DF,MF",29,1995,26,24,1845,20.5,0,0,0,0,0,0,7,1,0.0,0.0,0.0,0.0,0.0,20.5,0,36,11,0,0,21,22,,,0,0,4,0,0.0,0.2,0.0,0.0,,0,0
ITA-Serie A,2425,Hellas Verona,Reda Belahyane,MAR,MF,20,2004,22,17,1658,18.4,0,2,2,0,0,0,6,1,0.0,0.11,0.11,0.0,0.11,18.4,1,31,9,0,3,10,26,,,0,0,6,2,33.3,0.33,0.11,0.0,0.0,0,0
ITA-Serie A,2425,Hellas Verona,Simone Perilli,ITA,GK,29,1995,2,2,180,2.0,0,0,0,0,0,0,0,0,0.0,0.0,0.0,0.0,0.0,2.0,0,0,0,0,0,0,0,,,0,0,0,0,,0.0,0.0,,,0,0
ITA-Serie A,2425,Hellas Verona,Suat Serdar,GER,MF,27,1997,22,16,1376,15.3,2,1,3,2,0,0,4,1,0.13,0.07,0.2,0.13,0.2,15.3,1,32,18,0,9,7,24,,,0,2,30,8,26.7,1.96,0.52,0.07,0.25,0,0
ITA-Serie A,2425,Hellas Verona,Tomáš Suslov,SVK,"MF,FW",22,2002,31,27,2080,23.1,0,1,1,0,0,0,7,1,0.0,0.04,0.04,0.0,0.04,23.1,1,54,65,2,50,17,38,,,0,0,32,7,21.9,1.38,0.3,0.0,0.0,0,0
ITA-Serie A,2425,Hellas Verona,Yllan Okou,FRA,DF,21,2002,1,0,2,0.0,0,0,0,0,0,0,0,0,0.0,0.0,0.0,0.0,0.0,0.0,0,0,0,0,0,0,0,,,0,0,0,0,,0.0,0.0,,,0,0
ITA-Serie A,2425,Inter,Alessandro Bastoni,ITA,DF,25,1999,33,31,2401,26.7,1,5,6,1,0,0,6,1,0.04,0.19,0.22,0.04,0.22,26.7,1,44,39,1,62,23,23,,,0,1,13,2,15.4,0.49,0.07,0.08,0.5,0,0
ITA-Serie A,2425,Inter,Benjamin Pavard,FRA,DF,28,1996,23,18,1584,17.6,0,1,1,0,0,0,4,0,0.0,0.06,0.06,0.0,0.06,17.6,0,18,9,2,11,16,16,,,0,0,8,1,12.5,0.45,0.06,0.0,0.0,0,0
ITA-Serie A,2425,Inter,Carlos Augusto,BRA,"DF,MF",25,1999,29,15,1691,18.8,3,2,5,3,0,0,1,0,0.16,0.11,0.27,0.16,0.27,18.8,0,10,12,3,21,11,14,,,0,3,24,7,29.2,1.28,0.37,0.13,0.43,0,0
ITA-Serie A,2425,Inter,Davide Frattesi,ITA,MF,24,1999,28,9,1225,13.6,5,1,6,5,0,0,1,0,0.37,0.07,0.44,0.37,0.44,13.6,0,11,32,2,8,4,11,,,0,5,28,8,28.6,2.06,0.59,0.18,0.63,0,0
ITA-Serie A,2425,Inter,Denzel Dumfries,NED,MF,28,1996,29,20,1955,21.7,7,2,9,7,0,0,4,0,0.32,0.09,0.41,0.32,0.41,21.7,0,53,18,6,56,7,19,,,0,7,37,19,51.4,1.7,0.87,0.19,0.37,0,0
ITA-Serie A,2425,Inter,Federico Dimarco,ITA,MF,26,1997,33,29,2177,24.2,4,7,11,4,0,0,3,0,0.17,0.29,0.45,0.17,0.45,24.2,0,19,11,8,192,14,15,,,0,4,56,22,39.3,2.32,0.91,0.07,0.18,0,0
ITA-Serie A,2425,Inter,Francesco Acerbi,ITA,DF,36,1988,23,20,1710,19.0,0,1,1,0,0,0,0,0,0.0,0.05,0.05,0.0,0.05,19.0,0,11,18,2,10,28,17,,,0,0,5,1,20.0,0.26,0.05,0.0,0.0,0,0
ITA-Serie A,2425,Inter,Hakan Çalhanoğlu,TUR,MF,30,1994,29,26,1947,21.6,5,6,11,2,3,4,5,0,0.23,0.28,0.51,0.09,0.37,21.6,0,22,13,0,122,19,22,,,0,5,46,15,32.6,2.13,0.69,0.04,0.13,3,4
ITA-Serie A,2425,Inter,Henrikh Mkhitaryan,ARM,MF,35,1989,32,30,2396,26.6,1,4,5,1,0,0,4,0,0.04,0.15,0.19,0.04,0.19,26.6,0,33,24,5,25,14,24,,,0,1,23,2,8.7,0.86,0.08,0.04,0.5,0,0
ITA-Serie A,2425,Inter,Joaquín Correa,ARG,"FW,MF",29,1994,19,6,731,8.1,2,2,4,2,0,0,3,0,0.25,0.25,0.49,0.25,0.49,8.1,0,8,14,2,8,0,5,,,0,2,14,6,42.9,1.72,0.74,0.14,0.33,0,0
ITA-Serie A,2425,Inter,Josep Martinez,ESP,GK,26,1998,5,5,450,5.0,0,0,0,0,0,0,0,0,0.0,0.0,0.0,0.0,0.0,5.0,0,0,1,0,0,0,0,,,0,0,0,0,,0.0,0.0,,,0,0
ITA-Serie A,2425,Inter,Kristjan Asllani,ALB,MF,22,2002,22,10,988,11.0,2,2,4,0,2,2,4,0,0.18,0.18,0.36,0.0,0.18,11.0,0,9,19,0,41,8,4,,,0,2,16,5,31.3,1.46,0.46,0.0,0.0,2,2
ITA-Serie A,2425,Inter,Lautaro Martínez,ARG,FW,26,1997,31,31,2564,28.5,12,3,15,12,0,0,1,0,0.42,0.11,0.53,0.42,0.53,28.5,0,42,42,21,13,9,15,,,0,12,101,34,33.7,3.55,1.19,0.12,0.35,0,0
ITA-Serie A,2425,Inter,Luka Topalović,SVN,MF,18,2006,1,0,11,0.1,0,0,0,0,0,0,0,0,0.0,0.0,0.0,0.0,0.0,0.1,0,0,0,0,0,0,1,,,0,0,0,0,,0.0,0.0,,,0,0
ITA-Serie A,2425,Inter,Marcus Thuram,FRA,FW,26,1997,32,27,2290,25.4,14,4,18,14,0,0,1,0,0.55,0.16,0.71,0.55,0.71,25.4,0,30,36,13,13,3,10,,,0,14,65,27,41.5,2.55,1.06,0.22,0.52,0,0
ITA-Serie A,2425,Inter,Marko Arnautović,AUT,FW,35,1989,18,5,549,6.1,4,2,6,4,0,0,1,0,0.66,0.33,0.98,0.66,0.98,6.1,0,4,6,8,5,1,6,,,0,4,14,6,42.9,2.3,0.98,0.29,0.67,0,0
ITA-Serie A,2425,Inter,Matteo Darmian,ITA,"MF,DF",34,1989,29,20,1781,19.8,3,2,5,3,0,0,3,0,0.15,0.1,0.25,0.15,0.25,19.8,0,26,19,5,32,10,20,,,1,3,11,4,36.4,0.56,0.2,0.27,0.75,0,0
ITA-Serie A,2425,Inter,Mehdi Taremi,IRN,FW,32,1992,26,7,816,9.1,1,2,3,0,1,1,1,0,0.11,0.22,0.33,0.0,0.22,9.1,0,9,13,6,1,0,1,,,0,1,14,7,50.0,1.54,0.77,0.0,0.0,1,1
ITA-Serie A,2425,Inter,Nicola Zalewski,POL,MF,22,2002,11,4,435,4.8,1,1,2,1,0,0,4,0,0.21,0.21,0.41,0.21,0.41,4.8,0,7,11,0,23,2,4,,,0,1,5,3,60.0,1.03,0.62,0.2,0.33,0,0
ITA-Serie A,2425,Inter,Nicolò Barella,ITA,MF,27,1997,33,29,2493,27.7,3,6,9,3,0,0,4,0,0.11,0.22,0.32,0.11,0.32,27.7,0,25,33,4,67,12,31,,,0,3,43,9,20.9,1.55,0.32,0.07,0.33,0,0
ITA-Serie A,2425,Inter,Piotr Zieliński,POL,MF,30,1994,26,8,980,10.9,2,2,4,0,2,2,0,0,0.18,0.18,0.37,0.0,0.18,10.9,0,9,16,0,27,6,10,,,0,2,17,6,35.3,1.56,0.55,0.0,0.0,2,2
ITA-Serie A,2425,Inter,Stefan de Vrij,NED,DF,32,1992,26,18,1726,19.2,3,0,3,3,0,0,2,0,0.16,0.0,0.16,0.16,0.16,19.2,0,9,5,0,0,23,12,,,0,3,13,3,23.1,0.68,0.16,0.23,1.0,0,0
ITA-Serie A,2425,Inter,Tajon Buchanan,CAN,"DF,MF",25,1999,6,0,95,1.1,0,0,0,0,0,0,0,0,0.0,0.0,0.0,0.0,0.0,1.1,0,2,4,0,3,0,0,,,0,0,0,0,,0.0,0.0,,,0,0
ITA-Serie A,2425,Inter,Tomás Palacios,ARG,DF,21,2003,2,0,11,0.1,0,0,0,0,0,0,0,0,0.0,0.0,0.0,0.0,0.0,0.1,0,0,0,0,0,1,0,,,0,0,0,0,,0.0,0.0,,,0,0
ITA-Serie A,2425,Inter,Yann Aurel Bisseck,GER,DF,23,2000,27,17,1643,18.3,3,2,5,3,0,0,4,0,0.16,0.11,0.27,0.16,0.27,18.3,0,16,9,1,8,18,13,,,0,3,21,5,23.8,1.15,0.27,0.14,0.6,0,0
ITA-Serie A,2425,Inter,Yann Sommer,SUI,GK,35,1988,33,33,2970,33.0,0,0,0,0,0,0,0,0,0.0,0.0,0.0,0.0,0.0,33.0,0,0,1,0,0,0,0,,,0,0,0,0,,0.0,0.0,,,0,0
ITA-Serie A,2425,Juventus,Alberto costa,POR,"DF,MF",20,2003,9,3,357,4.0,0,1,1,0,0,0,3,0,0.0,0.25,0.25,0.0,0.25,4.0,0,8,2,0,3,4,10,,,0,0,7,2,28.6,1.76,0.5,0.0,0.0,0,0
ITA-Serie A,2425,Juventus,Andrea Cambiaso,ITA,"DF,MF",24,2000,33,25,2221,24.7,2,3,5,2,0,0,4,0,0.08,0.12,0.2,0.08,0.2,24.7,0,28,23,6,66,17,31,,,0,2,17,6,35.3,0.69,0.24,0.12,0.33,0,0
ITA-Serie A,2425,Juventus,Danilo,BRA,DF,33,1991,12,6,581,6.5,0,1,1,0,0,0,2,0,0.0,0.15,0.15,0.0,0.15,6.5,0,11,1,0,3,9,4,,,0,0,1,0,0.0,0.15,0.0,0.0,,0,0
ITA-Serie A,2425,Juventus,Diego Pugno,ITA,DF,18,2006,1,0,7,0.1,0,0,0,0,0,0,0,0,0.0,0.0,0.0,0.0,0.0,0.1,0,0,0,0,0,0,0,,,0,0,0,0,,0.0,0.0,,,0,0
ITA-Serie A,2425,Juventus,Douglas Luiz,BRA,MF,26,1998,19,3,529,5.9,0,0,0,0,0,0,2,0,0.0,0.0,0.0,0.0,0.0,5.9,0,14,7,0,26,5,8,,,0,0,8,2,25.0,1.36,0.34,0.0,0.0,0,0
ITA-Serie A,2425,Juventus,Dušan Vlahović,SRB,FW,24,2000,29,21,1784,19.8,10,4,14,6,4,4,3,0,0.5,0.2,0.71,0.3,0.5,19.8,0,28,18,12,11,1,2,,,0,10,77,30,39.0,3.88,1.51,0.08,0.2,4,4
ITA-Serie A,2425,Juventus,Federico Gatti,ITA,DF,26,1998,30,26,2195,24.4,1,0,1,1,0,0,2,0,0.04,0.0,0.04,0.04,0.04,24.4,0,20,19,1,1,16,23,,,0,1,25,9,36.0,1.03,0.37,0.04,0.11,0,0
ITA-Serie A,2425,Juventus,Francisco Conceição,POR,MF,21,2002,26,12,1340,14.9,3,3,6,3,0,0,5,1,0.2,0.2,0.4,0.2,0.4,14.9,1,24,36,4,62,6,15,,,0,3,40,13,32.5,2.69,0.87,0.08,0.23,0,0
ITA-Serie A,2425,Juventus,Gleison Bremer,BRA,DF,27,1997,6,6,540,6.0,0,0,0,0,0,0,2,0,0.0,0.0,0.0,0.0,0.0,6.0,0,9,5,0,0,6,8,,,0,0,3,0,0.0,0.5,0.0,0.0,,0,0
ITA-Serie A,2425,Juventus,Jonas Rouhi,SWE,DF,20,2004,5,1,210,2.3,0,0,0,0,0,0,0,0,0.0,0.0,0.0,0.0,0.0,2.3,0,4,2,0,3,2,1,,,0,0,0,0,,0.0,0.0,,,0,0
ITA-Serie A,2425,Juventus,Juan David Cabal,COL,DF,23,2001,7,6,460,5.1,0,0,0,0,0,0,0,0,0.0,0.0,0.0,0.0,0.0,5.1,0,7,10,1,7,2,4,,,0,0,5,0,0.0,0.98,0.0,0.0,,0,0
ITA-Serie A,2425,Juventus,Kenan Yıldız,TUR,MF,19,2005,35,28,2402,26.7,7,4,11,7,0,0,2,1,0.26,0.15,0.41,0.26,0.41,26.7,0,25,48,4,113,6,29,,,0,7,61,23,37.7,2.29,0.86,0.11,0.3,0,0
ITA-Serie A,2425,Juventus,Khéphren Thuram,FRA,MF,23,2001,35,26,2326,25.8,4,5,9,4,0,0,5,0,0.15,0.19,0.35,0.15,0.35,25.8,0,36,22,0,13,11,24,,,0,4,36,11,30.6,1.39,0.43,0.11,0.36,0,0
ITA-Serie A,2425,Juventus,Lloyd Kelly,ENG,DF,25,1998,12,11,1013,11.3,0,0,0,0,0,0,1,0,0.0,0.0,0.0,0.0,0.0,11.3,0,14,4,0,13,2,11,,,0,0,7,1,14.3,0.62,0.09,0.0,0.0,0,0
ITA-Serie A,2425,Juventus,Lorenzo Anghelè,ITA,FW,19,2005,1,0,6,0.1,0,0,0,0,0,0,0,0,0.0,0.0,0.0,0.0,0.0,0.1,0,0,0,0,0,0,0,,,0,0,0,0,,0.0,0.0,,,0,0
ITA-Serie A,2425,Juventus,Manuel Locatelli,ITA,MF,26,1998,36,34,2822,31.4,2,2,4,1,1,1,9,0,0.06,0.06,0.13,0.03,0.1,31.4,0,46,22,1,24,21,49,,,0,2,25,9,36.0,0.8,0.29,0.04,0.11,1,1
ITA-Serie A,2425,Juventus,Mattia Perin,ITA,GK,31,1992,5,5,450,5.0,0,0,0,0,0,0,0,0,0.0,0.0,0.0,0.0,0.0,5.0,0,0,0,0,0,0,0,,,0,0,0,0,,0.0,0.0,,,0,0
ITA-Serie A,2425,Juventus,Michele Di Gregorio,ITA,GK,27,1997,33,33,2970,33.0,0,0,0,0,0,0,0,0,0.0,0.0,0.0,0.0,0.0,33.0,0,0,7,0,0,1,0,,,0,0,0,0,,0.0,0.0,,,0,0
ITA-Serie A,2425,Juventus,Nicolás González,ARG,"MF,FW",26,1998,26,23,1750,19.4,3,2,5,3,0,0,3,0,0.15,0.1,0.26,0.15,0.26,19.4,0,30,40,6,16,9,14,,,0,3,45,21,46.7,2.31,1.08,0.07,0.14,0,0
ITA-Serie A,2425,Juventus,Nicolò Fagioli,ITA,MF,23,2001,17,5,571,6.3,0,0,0,0,0,0,4,0,0.0,0.0,0.0,0.0,0.0,6.3,0,11,5,0,13,2,10,,,0,0,12,1,8.3,1.89,0.16,0.0,0.0,0,0
ITA-Serie A,2425,Juventus,Nicolò Savona,ITA,DF,21,2003,28,19,1724,19.2,2,1,3,2,0,0,5,0,0.1,0.05,0.16,0.1,0.16,19.2,0,13,9,1,34,11,13,,,0,2,6,4,66.7,0.31,0.21,0.33,0.5,0,0
ITA-Serie A,2425,Juventus,Pierre Kalulu,FRA,DF,24,2000,29,25,2337,26.0,1,0,1,1,0,0,2,1,0.04,0.0,0.04,0.04,0.04,26.0,0,26,19,2,22,17,25,,,0,1,7,3,42.9,0.27,0.12,0.14,0.33,0,0
ITA-Serie A,2425,Juventus,Randal Kolo Muani,FRA,FW,25,1998,16,13,1160,12.9,8,1,9,7,1,1,0,0,0.62,0.08,0.7,0.54,0.62,12.9,0,27,20,6,8,4,7,,,0,8,26,14,53.8,2.02,1.09,0.27,0.5,1,1
ITA-Serie A,2425,Juventus,Renato Veiga,POR,DF,21,2003,13,12,1093,12.1,0,1,1,0,0,0,2,0,0.0,0.08,0.08,0.0,0.08,12.1,0,9,2,1,0,19,12,,,0,0,12,5,41.7,0.99,0.41,0.0,0.0,0,0
ITA-Serie A,2425,Juventus,Samuel Mbangula,BEL,MF,20,2004,23,7,709,7.9,3,3,6,3,0,0,1,0,0.38,0.38,0.76,0.38,0.76,7.9,0,6,14,0,17,3,10,,,0,3,9,5,55.6,1.14,0.63,0.33,0.6,0,0
ITA-Serie A,2425,Juventus,Teun Koopmeiners,NED,MF,26,1998,28,23,1994,22.2,3,3,6,3,0,0,3,0,0.14,0.14,0.27,0.14,0.27,22.2,0,32,9,3,113,8,17,,,0,3,42,11,26.2,1.9,0.5,0.07,0.27,0,0
ITA-Serie A,2425,Juventus,Timothy Weah,USA,"MF,DF",24,2000,30,18,1638,18.2,5,2,7,5,0,0,4,0,0.27,0.11,0.38,0.27,0.38,18.2,0,20,14,3,44,14,19,,,0,5,21,9,42.9,1.15,0.49,0.24,0.56,0,0
ITA-Serie A,2425,Juventus,Vasilije Adžić,MNE,MF,18,2006,6,0,42,0.5,0,0,0,0,0,0,0,0,0.0,0.0,0.0,0.0,0.0,0.5,0,1,1,0,0,0,2,,,0,0,1,1,100.0,2.14,2.14,0.0,0.0,0,0
ITA-Serie A,2425,Juventus,Weston McKennie,USA,"MF,DF",25,1998,32,27,2310,25.7,2,4,6,2,0,0,3,0,0.08,0.16,0.23,0.08,0.23,25.7,0,31,19,1,19,15,13,,,0,2,22,8,36.4,0.86,0.31,0.09,0.25,0,0
ITA-Serie A,2425,Lazio,Adam Marušić,MNE,DF,31,1992,35,26,2337,26.0,4,0,4,4,0,0,1,0,0.15,0.0,0.15,0.15,0.15,26.0,0,20,14,2,54,16,19,,,1,4,23,10,43.5,0.89,0.39,0.17,0.4,0,0
ITA-Serie A,2425,Lazio,Alessio Romagnoli,ITA,DF,29,1995,32,31,2672,29.7,2,0,2,2,0,0,4,2,0.07,0.0,0.07,0.07,0.07,29.7,0,28,14,2,0,27,27,,,0,2,20,8,40.0,0.67,0.27,0.1,0.25,0,0
ITA-Serie A,2425,Lazio,Arijon Ibrahimović,GER,MF,18,2005,1,0,8,0.1,0,0,0,0,0,0,0,0,0.0,0.0,0.0,0.0,0.0,0.1,0,0,0,0,0,0,0,,,0,0,2,0,0.0,22.5,0.0,0.0,,0,0
ITA-Serie A,2425,Lazio,Boulaye Dia,SEN,"MF,FW",27,1996,35,27,2177,24.2,9,3,12,9,0,0,2,0,0.37,0.12,0.5,0.37,0.5,24.2,0,23,24,3,2,7,10,,,0,9,39,20,51.3,1.61,0.83,0.23,0.45,0,0
ITA-Serie A,2425,Lazio,Christos Mandas,GRE,GK,22,2001,9,9,810,9.0,0,0,0,0,0,0,0,0,0.0,0.0,0.0,0.0,0.0,9.0,0,0,3,0,0,0,0,,,0,0,0,0,,0.0,0.0,,,0,0
ITA-Serie A,2425,Lazio,Elseid Hysaj,ALB,DF,30,1994,11,4,424,4.7,0,3,3,0,0,0,2,1,0.0,0.64,0.64,0.0,0.64,4.7,1,5,1,0,18,5,6,,,0,0,2,0,0.0,0.42,0.0,0.0,,0,0
ITA-Serie A,2425,Lazio,Fisayo Dele-Bashiru,NGA,MF,23,2001,20,12,947,10.5,3,1,4,3,0,0,0,0,0.29,0.1,0.38,0.29,0.38,10.5,0,8,4,0,7,3,7,,,0,3,16,5,31.3,1.52,0.48,0.19,0.6,0,0
ITA-Serie A,2425,Lazio,Gaetano Castrovilli,ITA,MF,27,1997,9,1,148,1.6,0,0,0,0,0,0,0,0,0.0,0.0,0.0,0.0,0.0,1.6,0,4,1,0,0,3,2,,,0,0,2,0,0.0,1.22,0.0,0.0,,0,0
ITA-Serie A,2425,Lazio,Gustav Isaksen,DEN,MF,23,2001,37,29,2210,24.6,4,2,6,4,0,0,5,0,0.16,0.08,0.24,0.16,0.24,24.6,0,23,46,3,110,10,9,,,0,4,55,25,45.5,2.24,1.02,0.07,0.16,0,0
ITA-Serie A,2425,Lazio,Ivan Provedel,ITA,GK,30,1994,29,29,2610,29.0,0,0,0,0,0,0,0,0,0.0,0.0,0.0,0.0,0.0,29.0,0,0,5,0,0,1,0,,,0,0,0,0,,0.0,0.0,,,0,0
ITA-Serie A,2425,Lazio,Loum Tchaouna,FRA,"MF,FW",20,2003,24,6,660,7.3,1,0,1,1,0,0,4,1,0.14,0.0,0.14,0.14,0.14,7.3,1,11,7,0,32,4,3,,,0,1,23,8,34.8,3.14,1.09,0.04,0.13,0,0
ITA-Serie A,2425,Lazio,Luca Pellegrini,ITA,DF,25,1999,22,10,1067,11.9,0,4,4,0,0,0,5,0,0.0,0.34,0.34,0.0,0.34,11.9,0,18,11,0,86,18,10,,,0,0,13,4,30.8,1.1,0.34,0.0,0.0,0,0
ITA-Serie A,2425,Lazio,Manuel Lazzari,ITA,DF,30,1993,25,16,1406,15.6,0,1,1,0,0,0,3,0,0.0,0.06,0.06,0.0,0.06,15.6,0,12,29,1,97,9,15,,,0,0,6,2,33.3,0.38,0.13,0.0,0.0,0,0
ITA-Serie A,2425,Lazio,Mario Gila,ESP,DF,23,2000,32,31,2741,30.5,1,0,1,1,0,0,8,0,0.03,0.0,0.03,0.03,0.03,30.5,0,32,30,0,5,30,38,,,1,1,15,4,26.7,0.49,0.13,0.07,0.25,0,0
ITA-Serie A,2425,Lazio,Mattia Zaccagni,ITA,"MF,FW",29,1995,34,33,2686,29.8,8,6,14,6,2,2,10,0,0.27,0.2,0.47,0.2,0.4,29.8,0,35,98,10,156,29,27,,,0,8,48,17,35.4,1.61,0.57,0.13,0.35,2,2
ITA-Serie A,2425,Lazio,Mattéo Guendouzi,FRA,MF,25,1999,37,37,3270,36.3,1,3,4,1,0,0,7,0,0.03,0.08,0.11,0.03,0.11,36.3,0,28,35,1,20,33,17,,,0,1,27,9,33.3,0.74,0.25,0.04,0.11,0,0
ITA-Serie A,2425,Lazio,Matías Vecino,URU,MF,32,1991,20,7,877,9.7,2,3,5,2,0,0,7,0,0.21,0.31,0.51,0.21,0.51,9.7,0,20,2,0,2,6,7,,,0,2,16,5,31.3,1.64,0.51,0.13,0.4,0,0
ITA-Serie A,2425,Lazio,Nicolò Casale,ITA,DF,26,1998,2,2,135,1.5,0,0,0,0,0,0,0,0,0.0,0.0,0.0,0.0,0.0,1.5,0,2,0,0,0,1,3,,,0,0,1,1,100.0,0.67,0.67,0.0,0.0,0,0
ITA-Serie A,2425,Lazio,Nicolò Rovella,ITA,MF,22,2001,33,31,2718,30.2,0,3,3,0,0,0,13,0,0.0,0.1,0.1,0.0,0.1,30.2,0,43,33,2,35,43,52,,,0,0,28,8,28.6,0.93,0.26,0.0,0.0,0,0
ITA-Serie A,2425,Lazio,Nuno Tavares,POR,DF,24,2000,23,22,1686,18.7,0,8,8,0,0,0,4,1,0.0,0.43,0.43,0.0,0.43,18.7,1,18,30,1,125,22,22,,,0,0,28,5,17.9,1.49,0.27,0.0,0.0,0,0
ITA-Serie A,2425,Lazio,Oliver Nielsen,DEN,DF,21,2003,2,0,35,0.4,0,0,0,0,0,0,1,0,0.0,0.0,0.0,0.0,0.0,0.4,0,2,0,1,0,1,0,,,0,0,0,0,,0.0,0.0,,,0,0
ITA-Serie A,2425,Lazio,Patric,ESP,DF,31,1993,10,5,607,6.7,1,0,1,1,0,0,2,0,0.15,0.0,0.15,0.15,0.15,6.7,0,5,5,0,2,3,7,,,0,1,2,1,50.0,0.3,0.15,0.5,1.0,0,0
ITA-Serie A,2425,Lazio,Pedro,ESP,"MF,FW",37,1987,30,6,1102,12.2,10,1,11,8,2,2,2,0,0.82,0.08,0.9,0.65,0.74,12.2,0,17,24,1,65,2,14,,,0,10,39,18,46.2,3.19,1.47,0.21,0.44,2,2
ITA-Serie A,2425,Lazio,Reda Belahyane,MAR,MF,20,2004,6,1,198,2.2,0,0,0,0,0,0,0,1,0.0,0.0,0.0,0.0,0.0,2.2,0,4,1,0,0,1,6,,,0,0,0,0,,0.0,0.0,,,0,0
ITA-Serie A,2425,Lazio,Samuel Gigot,FRA,DF,30,1993,15,7,683,7.6,2,0,2,2,0,0,2,0,0.26,0.0,0.26,0.26,0.26,7.6,0,8,9,1,0,14,4,,,0,2,4,3,75.0,0.53,0.4,0.5,0.67,0,0
ITA-Serie A,2425,Lazio,Tijjani Noslin,NED,"MF,FW",25,1999,30,8,861,9.6,2,2,4,2,0,0,2,0,0.21,0.21,0.42,0.21,0.42,9.6,0,20,15,1,15,1,5,,,0,2,19,6,31.6,1.99,0.63,0.11,0.33,0,0
ITA-Serie A,2425,Lazio,Valentín Castellanos,ARG,FW,25,1998,29,28,2384,26.5,10,3,13,8,2,3,9,1,0.38,0.11,0.49,0.3,0.42,26.5,0,38,42,17,25,8,6,,,0,10,108,41,38.0,4.08,1.55,0.07,0.2,2,3
ITA-Serie A,2425,Lecce,Andy Pelmard,MAD,DF,24,2000,3,1,129,1.4,0,0,0,0,0,0,1,0,0.0,0.0,0.0,0.0,0.0,1.4,0,2,0,0,0,0,6,,,0,0,0,0,,0.0,0.0,,,0,0
ITA-Serie A,2425,Lecce,Ante Rebić,CRO,"FW,MF",30,1993,27,7,788,8.8,1,0,1,1,0,0,3,2,0.11,0.0,0.11,0.11,0.11,8.8,0,19,14,7,32,2,10,,,0,1,13,5,38.5,1.48,0.57,0.08,0.2,0,0
ITA-Serie A,2425,Lecce,Antonino Gallo,ITA,DF,24,2000,31,31,2609,29.0,0,2,2,0,0,0,3,1,0.0,0.07,0.07,0.0,0.07,29.0,0,12,15,3,116,21,44,,,2,0,9,3,33.3,0.31,0.1,0.0,0.0,0,0
ITA-Serie A,2425,Lecce,Balthazar Pierret,FRA,MF,24,2000,30,21,1723,19.1,0,0,0,0,0,0,2,0,0.0,0.0,0.0,0.0,0.0,19.1,0,34,20,0,9,23,34,,,0,0,6,0,0.0,0.31,0.0,0.0,,0,0
ITA-Serie A,2425,Lecce,Danilo Veiga,POR,"MF,DF",21,2002,13,2,374,4.2,0,0,0,0,0,0,0,0,0.0,0.0,0.0,0.0,0.0,4.2,0,6,11,0,17,4,6,,,0,0,5,0,0.0,1.2,0.0,0.0,,0,0
ITA-Serie A,2425,Lecce,Federico Baschirotto,ITA,DF,27,1996,38,38,3420,38.0,2,0,2,2,0,0,3,0,0.05,0.0,0.05,0.05,0.05,38.0,0,31,7,0,5,22,26,,,0,2,22,8,36.4,0.58,0.21,0.09,0.25,0,0
ITA-Serie A,2425,Lecce,Filip Marchwiński,POL,MF,22,2002,1,0,15,0.2,0,0,0,0,0,0,0,0,0.0,0.0,0.0,0.0,0.0,0.2,0,0,1,0,0,0,0,,,0,0,0,0,,0.0,0.0,,,0,0
ITA-Serie A,2425,Lecce,Frederic Guilbert,FRA,DF,29,1994,31,31,2435,27.1,0,1,1,0,0,0,3,2,0.0,0.04,0.04,0.0,0.04,27.1,0,33,24,1,54,47,37,,,0,0,11,0,0.0,0.41,0.0,0.0,,0,0
ITA-Serie A,2425,Lecce,Gaby Jean,FRA,DF,24,2000,19,16,1388,15.4,0,0,0,0,0,0,0,0,0.0,0.0,0.0,0.0,0.0,15.4,0,15,13,0,1,10,8,,,0,0,1,1,100.0,0.06,0.06,0.0,0.0,0,0
ITA-Serie A,2425,Lecce,Hamza Rafia,TUN,MF,25,1999,18,14,1058,11.8,0,0,0,0,0,0,4,0,0.0,0.0,0.0,0.0,0.0,11.8,0,26,25,0,44,4,28,,,0,0,10,2,20.0,0.85,0.17,0.0,0.0,0,0
ITA-Serie A,2425,Lecce,Jesper Karlsson,SWE,"MF,FW",26,1998,13,6,495,5.5,1,0,1,0,1,1,2,0,0.18,0.0,0.18,0.0,0.0,5.5,0,4,0,0,27,0,2,,,0,1,10,5,50.0,1.82,0.91,0.0,0.0,1,1
ITA-Serie A,2425,Lecce,Kevin Bonifazi,ITA,DF,28,1996,3,0,65,0.7,0,0,0,0,0,0,0,0,0.0,0.0,0.0,0.0,0.0,0.7,0,0,0,0,0,3,1,,,0,0,0,0,,0.0,0.0,,,0,0
ITA-Serie A,2425,Lecce,Kialonda,ANG,DF,26,1997,24,24,2144,23.8,0,1,1,0,0,0,3,0,0.0,0.04,0.04,0.0,0.04,23.8,0,9,20,0,3,31,12,,,0,0,16,1,6.3,0.67,0.04,0.0,0.0,0,0
ITA-Serie A,2425,Lecce,Konan N'dri,NIG,MF,23,2000,11,2,306,3.4,0,0,0,0,0,0,0,0,0.0,0.0,0.0,0.0,0.0,3.4,0,7,6,0,13,1,3,,,0,0,9,2,22.2,2.65,0.59,0.0,0.0,0,0
ITA-Serie A,2425,Lecce,Lameck Banda,ZAM,"MF,FW",23,2001,15,6,610,6.8,0,1,1,0,0,0,1,0,0.0,0.15,0.15,0.0,0.15,6.8,0,10,20,2,23,3,5,,,0,0,17,4,23.5,2.51,0.59,0.0,0.0,0,0
ITA-Serie A,2425,Lecce,Lassana Coulibaly,MLI,MF,28,1996,38,30,2667,29.6,1,0,1,1,0,0,3,0,0.03,0.0,0.03,0.03,0.03,29.6,0,39,44,0,12,19,34,,,0,1,9,3,33.3,0.3,0.1,0.11,0.33,0,0
ITA-Serie A,2425,Lecce,Marco Sala,ITA,"DF,MF",25,1999,2,0,72,0.8,0,0,0,0,0,0,0,0,0.0,0.0,0.0,0.0,0.0,0.8,0,1,1,0,8,0,0,,,0,0,0,0,,0.0,0.0,,,0,0
ITA-Serie A,2425,Lecce,Medon Berisha,ALB,MF,20,2003,17,7,716,8.0,0,1,1,0,0,0,5,0,0.0,0.13,0.13,0.0,0.13,8.0,0,16,11,0,29,11,8,,,0,0,24,6,25.0,3.02,0.75,0.0,0.0,0,0
ITA-Serie A,2425,Lecce,Mohamed Kaba,GUI,MF,22,2001,15,2,452,5.0,0,0,0,0,0,0,1,0,0.0,0.0,0.0,0.0,0.0,5.0,0,6,10,0,1,4,8,,,0,0,4,0,0.0,0.8,0.0,0.0,,0,0
ITA-Serie A,2425,Lecce,Nicola Sansone,ITA,"FW,MF",32,1991,5,0,65,0.7,0,0,0,0,0,0,1,0,0.0,0.0,0.0,0.0,0.0,0.7,0,0,1,1,4,0,0,,,0,0,3,1,33.3,4.15,1.38,0.0,0.0,0,0
ITA-Serie A,2425,Lecce,Nikola Krstović,MNE,FW,24,2000,37,37,3057,34.0,11,5,16,9,2,3,6,0,0.32,0.15,0.47,0.26,0.41,34.0,0,57,55,20,8,6,8,,,0,11,137,42,30.7,4.03,1.24,0.07,0.21,2,3
ITA-Serie A,2425,Lecce,Patrick Dorgu,DEN,"MF,DF",19,2004,21,21,1840,20.4,3,1,4,3,0,0,2,1,0.15,0.05,0.2,0.15,0.2,20.4,0,24,55,4,40,18,29,,,1,3,36,10,27.8,1.76,0.49,0.08,0.3,0,0
ITA-Serie A,2425,Lecce,Rareș-Cătălin Burnete,ROU,FW,20,2004,4,0,28,0.3,0,0,0,0,0,0,0,0,0.0,0.0,0.0,0.0,0.0,0.3,0,2,2,0,0,0,0,,,0,0,1,0,0.0,3.21,0.0,0.0,,0,0
ITA-Serie A,2425,Lecce,Remi Oudin,FRA,MF,27,1996,11,3,299,3.3,0,0,0,0,0,0,1,0,0.0,0.0,0.0,0.0,0.0,3.3,0,2,1,0,21,2,1,,,0,0,3,1,33.3,0.9,0.3,0.0,0.0,0,0
ITA-Serie A,2425,Lecce,Santiago Pierotti,ARG,"MF,FW",23,2001,36,22,1937,21.5,4,2,6,4,0,0,6,1,0.19,0.09,0.28,0.19,0.28,21.5,1,54,13,12,17,11,25,,,0,4,32,7,21.9,1.49,0.33,0.13,0.57,0,0
ITA-Serie A,2425,Lecce,Tete Morente,ESP,"MF,FW",27,1996,31,23,2021,22.5,3,2,5,3,0,0,5,0,0.13,0.09,0.22,0.13,0.22,22.5,0,26,24,0,56,13,16,,,0,3,41,13,31.7,1.83,0.58,0.07,0.23,0,0
ITA-Serie A,2425,Lecce,Tiago Gabriel,POR,DF,19,2004,2,0,96,1.1,0,0,0,0,0,0,0,0,0.0,0.0,0.0,0.0,0.0,1.1,0,0,0,0,0,0,0,,,0,0,0,0,,0.0,0.0,,,0,0
ITA-Serie A,2425,Lecce,Valentin Gendrey,FRA,DF,24,2000,2,2,180,2.0,0,0,0,0,0,0,0,0,0.0,0.0,0.0,0.0,0.0,2.0,0,1,2,0,3,2,2,,,0,0,2,0,0.0,1.0,0.0,0.0,,0,0
ITA-Serie A,2425,Lecce,Wladimiro Falcone,ITA,GK,29,1995,38,38,3420,38.0,0,0,0,0,0,0,2,0,0.0,0.0,0.0,0.0,0.0,38.0,0,1,11,0,0,1,0,,,0,0,0,0,,0.0,0.0,,,0,0
ITA-Serie A,2425,Lecce,Ylber Ramadani,ALB,MF,28,1996,29,21,1807,20.1,1,1,2,1,0,0,4,0,0.05,0.05,0.1,0.05,0.1,20.1,0,18,11,0,6,22,29,,,0,1,17,6,35.3,0.85,0.3,0.06,0.17,0,0
ITA-Serie A,2425,Lecce,Þórir Jóhann Helgason,ISL,MF,23,2000,21,13,1156,12.8,0,4,4,0,0,0,0,0,0.0,0.31,0.31,0.0,0.31,12.8,0,10,10,2,69,5,7,,,0,0,16,5,31.3,1.25,0.39,0.0,0.0,0,0
ITA-Serie A,2425,Milan,Alessandro Florenzi,ITA,"DF,FW",33,1991,1,0,5,0.1,0,0,0,0,0,0,0,0,0.0,0.0,0.0,0.0,0.0,0.1,0,0,0,0,1,0,0,,,0,0,0,0,,0.0,0.0,,,0,0
ITA-Serie A,2425,Milan,Alexis Saelemaekers,BEL,DF,25,1999,1,1,90,1.0,0,0,0,0,0,0,0,0,0.0,0.0,0.0,0.0,0.0,1.0,0,0,2,0,10,1,1,,,0,0,0,0,,0.0,0.0,,,0,0
ITA-Serie A,2425,Milan,Bob Murphy Omoregbe,ITA,FW,20,2003,1,0,3,0.0,0,0,0,0,0,0,0,0,0.0,0.0,0.0,0.0,0.0,0.0,0,1,0,0,0,0,0,,,0,0,0,0,,0.0,0.0,,,0,0
ITA-Serie A,2425,Milan,Christian Pulisic,USA,"MF,FW",25,1998,34,29,2478,27.5,11,9,20,8,3,4,1,0,0.4,0.33,0.73,0.29,0.62,27.5,0,20,37,3,118,5,29,,,0,11,57,24,42.1,2.07,0.87,0.14,0.33,3,4
ITA-Serie A,2425,Milan,Davide Bartesaghi,ITA,DF,18,2005,4,1,118,1.3,0,0,0,0,0,0,0,1,0.0,0.0,0.0,0.0,0.0,1.3,0,1,0,1,10,3,2,,,0,0,1,1,100.0,0.76,0.76,0.0,0.0,0,0
ITA-Serie A,2425,Milan,Davide Calabria,ITA,DF,27,1996,7,4,316,3.5,0,0,0,0,0,0,0,0,0.0,0.0,0.0,0.0,0.0,3.5,0,3,4,0,16,8,7,,,0,0,3,1,33.3,0.85,0.28,0.0,0.0,0,0
ITA-Serie A,2425,Milan,Emerson,BRA,DF,25,1999,17,16,1377,15.3,0,0,0,0,0,0,5,0,0.0,0.0,0.0,0.0,0.0,15.3,0,34,32,0,45,15,29,,,0,0,10,2,20.0,0.65,0.13,0.0,0.0,0,0
ITA-Serie A,2425,Milan,Fikayo Tomori,ENG,DF,26,1997,22,19,1593,17.7,0,1,1,0,0,0,4,1,0.0,0.06,0.06,0.0,0.06,17.7,1,10,8,0,6,20,25,,,0,0,2,0,0.0,0.11,0.0,0.0,,0,0
ITA-Serie A,2425,Milan,Filippo Terracciano,ITA,"DF,MF",21,2003,13,6,539,6.0,0,0,0,0,0,0,3,0,0.0,0.0,0.0,0.0,0.0,6.0,0,11,9,1,3,7,6,,,0,0,3,1,33.3,0.5,0.17,0.0,0.0,0,0
ITA-Serie A,2425,Milan,Francesco Camarda,ITA,FW,16,2008,10,1,206,2.3,0,0,0,0,0,0,0,0,0.0,0.0,0.0,0.0,0.0,2.3,0,8,1,2,1,0,2,,,0,0,8,1,12.5,3.5,0.44,0.0,0.0,0,0
ITA-Serie A,2425,Milan,Ismaël Bennacer,ALG,MF,26,1997,6,4,300,3.3,0,0,0,0,0,0,2,0,0.0,0.0,0.0,0.0,0.0,3.3,0,5,5,0,6,3,4,,,0,0,3,2,66.7,0.9,0.6,0.0,0.0,0,0
ITA-Serie A,2425,Milan,João Félix,POR,MF,24,1999,15,8,760,8.4,2,0,2,2,0,0,3,0,0.24,0.0,0.24,0.24,0.24,8.4,0,12,30,2,5,1,6,,,0,2,29,8,27.6,3.43,0.95,0.07,0.25,0,0
ITA-Serie A,2425,Milan,Kevin Zeroli,ITA,MF,19,2005,1,0,12,0.1,0,0,0,0,0,0,0,0,0.0,0.0,0.0,0.0,0.0,0.1,0,0,0,0,0,0,1,,,0,0,0,0,,0.0,0.0,,,0,0
ITA-Serie A,2425,Milan,Kyle Walker,ENG,DF,34,1990,11,7,659,7.3,0,0,0,0,0,0,1,0,0.0,0.0,0.0,0.0,0.0,7.3,0,7,4,0,10,9,9,,,0,0,2,0,0.0,0.27,0.0,0.0,,0,0
ITA-Serie A,2425,Milan,Luka Jović,SRB,FW,26,1997,15,6,557,6.2,2,0,2,2,0,0,1,0,0.32,0.0,0.32,0.32,0.32,6.2,0,4,7,0,2,1,0,,,0,2,11,4,36.4,1.78,0.65,0.18,0.5,0,0
ITA-Serie A,2425,Milan,Malick Thiaw,GER,DF,22,2001,22,19,1806,20.1,0,0,0,0,0,0,2,0,0.0,0.0,0.0,0.0,0.0,20.1,0,24,6,1,3,16,16,,,3,0,7,1,14.3,0.35,0.05,0.0,0.0,0,0
ITA-Serie A,2425,Milan,Marco Sportiello,ITA,GK,32,1992,2,1,126,1.4,0,0,0,0,0,0,0,0,0.0,0.0,0.0,0.0,0.0,1.4,0,0,0,0,0,0,0,,,0,0,0,0,,0.0,0.0,,,0,0
ITA-Serie A,2425,Milan,Matteo Gabbia,ITA,DF,24,1999,26,24,2152,23.9,2,0,2,2,0,0,4,0,0.08,0.0,0.08,0.08,0.08,23.9,0,20,6,1,2,16,15,,,0,2,14,4,28.6,0.59,0.17,0.14,0.5,0,0
ITA-Serie A,2425,Milan,Mattia Liberali,ITA,MF,17,2007,1,1,61,0.7,0,0,0,0,0,0,0,0,0.0,0.0,0.0,0.0,0.0,0.7,0,1,0,0,2,0,1,,,0,0,2,0,0.0,2.95,0.0,0.0,,0,0
ITA-Serie A,2425,Milan,Mike Maignan,FRA,GK,29,1995,37,37,3294,36.6,0,0,0,0,0,0,1,0,0.0,0.0,0.0,0.0,0.0,36.6,0,1,7,0,0,0,0,,,0,0,0,0,,0.0,0.0,,,0,0
ITA-Serie A,2425,Milan,Noah Okafor,SUI,"FW,MF",24,2000,11,5,414,4.6,1,0,1,1,0,0,0,0,0.22,0.0,0.22,0.22,0.22,4.6,0,6,5,1,13,2,1,,,0,1,12,6,50.0,2.61,1.3,0.08,0.17,0,0
ITA-Serie A,2425,Milan,Rafael Leão,POR,"MF,FW",25,1999,34,25,2323,25.8,8,8,16,8,0,0,5,0,0.31,0.31,0.62,0.31,0.62,25.8,0,19,52,7,55,6,11,,,0,8,67,29,43.3,2.6,1.12,0.12,0.28,0,0
ITA-Serie A,2425,Milan,Riccardo Sottil,ITA,MF,25,1999,6,1,123,1.4,0,0,0,0,0,0,0,0,0.0,0.0,0.0,0.0,0.0,1.4,0,1,3,0,8,0,1,,,0,0,2,0,0.0,1.46,0.0,0.0,,0,0
ITA-Serie A,2425,Milan,Ruben Loftus-Cheek,ENG,MF,28,1996,19,10,1037,11.5,0,0,0,0,0,0,3,0,0.0,0.0,0.0,0.0,0.0,11.5,0,23,27,0,7,3,8,,,0,0,9,2,22.2,0.78,0.17,0.0,0.0,0,0
ITA-Serie A,2425,Milan,Samuel Chukwueze,NGA,"MF,FW",25,1999,26,9,925,10.3,3,2,5,3,0,0,0,0,0.29,0.19,0.49,0.29,0.49,10.3,0,3,10,3,49,2,11,,,0,3,32,8,25.0,3.11,0.78,0.09,0.38,0,0
ITA-Serie A,2425,Milan,Santiago Giménez,MEX,FW,23,2001,14,7,669,7.4,5,2,7,5,0,1,3,1,0.67,0.27,0.94,0.67,0.94,7.4,0,11,4,7,2,1,3,,,0,5,23,10,43.5,3.09,1.35,0.22,0.5,0,1
ITA-Serie A,2425,Milan,Strahinja Pavlović,SRB,DF,23,2001,24,21,1864,20.7,2,1,3,2,0,0,3,1,0.1,0.05,0.14,0.1,0.14,20.7,0,20,18,2,10,16,31,,,0,2,17,8,47.1,0.82,0.39,0.12,0.25,0,0
ITA-Serie A,2425,Milan,Tammy Abraham,ENG,FW,26,1997,28,12,1183,13.1,3,4,7,2,1,2,1,0,0.23,0.3,0.53,0.15,0.46,13.1,0,23,12,6,3,2,11,,,0,3,28,13,46.4,2.13,0.99,0.07,0.15,1,2
ITA-Serie A,2425,Milan,Theo Hernández,FRA,"DF,MF",26,1997,33,30,2696,30.0,4,3,7,4,0,1,4,1,0.13,0.1,0.23,0.13,0.23,30.0,0,17,43,3,111,16,30,,,0,4,44,17,38.6,1.47,0.57,0.09,0.24,0,1
ITA-Serie A,2425,Milan,Tijjani Reijnders,NED,MF,26,1998,37,36,3128,34.8,10,4,14,10,0,0,2,1,0.29,0.12,0.4,0.29,0.4,34.8,0,28,22,2,46,37,13,,,0,10,77,28,36.4,2.22,0.81,0.13,0.36,0,0
ITA-Serie A,2425,Milan,Warren Bondo,FRA,MF,20,2003,4,3,162,1.8,0,0,0,0,0,0,1,0,0.0,0.0,0.0,0.0,0.0,1.8,0,1,4,0,1,0,3,,,0,0,1,1,100.0,0.56,0.56,0.0,0.0,0,0
ITA-Serie A,2425,Milan,Youssouf Fofana,FRA,MF,25,1999,35,29,2504,27.8,1,6,7,1,0,0,5,0,0.04,0.22,0.25,0.04,0.25,27.8,0,28,17,0,10,17,34,,,0,1,36,5,13.9,1.29,0.18,0.03,0.2,0,0
ITA-Serie A,2425,Milan,Yunus Musah,USA,"MF,FW",21,2002,29,19,1571,17.5,0,2,2,0,0,0,5,0,0.0,0.11,0.11,0.0,0.11,17.5,0,36,17,1,24,7,18,,,0,0,22,5,22.7,1.26,0.29,0.0,0.0,0,0
ITA-Serie A,2425,Milan,Álex Jiménez,ESP,"MF,DF",19,2005,22,14,1266,14.1,0,1,1,0,0,0,6,0,0.0,0.07,0.07,0.0,0.07,14.1,0,12,18,5,37,17,13,,,0,0,15,5,33.3,1.07,0.36,0.0,0.0,0,0
ITA-Serie A,2425,Milan,Álvaro Morata,ESP,"FW,MF",31,1992,16,13,1099,12.2,5,0,5,5,0,0,5,0,0.41,0.0,0.41,0.41,0.41,12.2,0,25,18,11,12,5,10,,,0,5,27,10,37.0,2.21,0.82,0.19,0.5,0,0
ITA-Serie A,2425,Monza,Alessandro Bianco,ITA,MF,21,2002,34,29,2600,28.9,1,0,1,1,0,0,9,0,0.03,0.0,0.03,0.03,0.03,28.9,0,43,55,3,23,24,29,,,0,1,26,6,23.1,0.9,0.21,0.04,0.17,0,0
ITA-Serie A,2425,Monza,Andrea Carboni,ITA,DF,23,2001,26,25,2191,24.3,0,1,1,0,0,0,5,0,0.0,0.04,0.04,0.0,0.04,24.3,0,29,17,0,15,27,32,,,0,0,8,1,12.5,0.33,0.04,0.0,0.0,0,0
ITA-Serie A,2425,Monza,Andrea Mazza,ITA,GK,20,2004,1,0,8,0.1,0,0,0,0,0,0,0,0,0.0,0.0,0.0,0.0,0.0,0.1,0,0,0,0,0,0,0,,,0,0,0,0,,0.0,0.0,,,0,0
ITA-Serie A,2425,Monza,Andrea Petagna,ITA,FW,29,1995,13,2,335,3.7,0,0,0,0,0,0,1,0,0.0,0.0,0.0,0.0,0.0,3.7,0,6,4,4,1,1,1,,,0,0,4,0,0.0,1.07,0.0,0.0,,0,0
ITA-Serie A,2425,Monza,Armando Izzo,ITA,DF,32,1992,30,28,2435,27.1,1,1,2,1,0,0,12,0,0.04,0.04,0.07,0.04,0.07,27.1,0,65,47,0,8,43,15,,,0,1,6,2,33.3,0.22,0.07,0.17,0.5,0,0
ITA-Serie A,2425,Monza,Arvid Brorsson,SWE,DF,25,1999,6,3,362,4.0,0,0,0,0,0,0,0,0,0.0,0.0,0.0,0.0,0.0,4.0,0,1,4,0,0,2,3,,,0,0,0,0,,0.0,0.0,,,0,0
ITA-Serie A,2425,Monza,Daniel Maldini,ITA,"MF,FW",22,2001,20,16,1306,14.5,3,0,3,3,0,0,5,0,0.21,0.0,0.21,0.21,0.21,14.5,0,15,39,2,38,4,6,,,0,3,39,14,35.9,2.69,0.96,0.08,0.21,0,0
ITA-Serie A,2425,Monza,Danilo D'Ambrosio,ITA,DF,35,1988,20,12,1095,12.2,0,1,1,0,0,0,2,1,0.0,0.08,0.08,0.0,0.08,12.2,0,18,11,3,9,14,16,,,0,0,9,4,44.4,0.74,0.33,0.0,0.0,0,0
ITA-Serie A,2425,Monza,Dany Mota,POR,"MF,FW",26,1998,31,24,2104,23.4,5,2,7,5,0,0,3,0,0.21,0.09,0.3,0.21,0.3,23.4,0,30,36,7,38,8,4,,,0,5,42,11,26.2,1.8,0.47,0.12,0.45,0,0
ITA-Serie A,2425,Monza,Gaetano Castrovilli,ITA,MF,27,1997,12,7,596,6.6,0,0,0,0,0,0,0,0,0.0,0.0,0.0,0.0,0.0,6.6,0,8,7,2,14,2,7,,,0,0,6,0,0.0,0.91,0.0,0.0,,0,0
ITA-Serie A,2425,Monza,Gianluca Caprari,ITA,"MF,FW",31,1993,34,18,1651,18.3,3,2,5,1,2,2,3,0,0.16,0.11,0.27,0.05,0.16,18.3,0,18,42,5,80,8,11,,,0,3,29,11,37.9,1.58,0.6,0.03,0.09,2,2
ITA-Serie A,2425,Monza,Giorgos Kyriakopoulos,GRE,MF,28,1996,34,33,2845,31.6,2,4,6,2,0,0,5,0,0.06,0.13,0.19,0.06,0.19,31.6,0,24,36,6,171,25,28,,,1,2,27,9,33.3,0.85,0.28,0.07,0.22,0,0
ITA-Serie A,2425,Monza,Jean-Daniel Akpa-Akpro,CIV,MF,31,1992,14,12,966,10.7,0,0,0,0,0,0,4,0,0.0,0.0,0.0,0.0,0.0,10.7,0,24,18,0,6,11,19,,,0,0,4,2,50.0,0.37,0.19,0.0,0.0,0,0
ITA-Serie A,2425,Monza,Kacper Urbanski,POL,MF,19,2004,8,6,500,5.6,0,0,0,0,0,0,1,0,0.0,0.0,0.0,0.0,0.0,5.6,0,8,4,0,4,2,3,,,0,0,5,1,20.0,0.9,0.18,0.0,0.0,0,0
ITA-Serie A,2425,Monza,Keita Baldé,SEN,FW,29,1995,11,8,638,7.1,2,0,2,2,0,0,2,0,0.28,0.0,0.28,0.28,0.28,7.1,0,7,23,3,6,2,1,,,0,2,14,5,35.7,1.97,0.71,0.14,0.4,0,0
ITA-Serie A,2425,Monza,Kevin Martins,ITA,MF,19,2005,9,1,183,2.0,0,1,1,0,0,0,1,0,0.0,0.49,0.49,0.0,0.49,2.0,0,3,4,0,6,1,4,,,0,0,0,0,,0.0,0.0,,,0,0
ITA-Serie A,2425,Monza,Kevin Zeroli,ITA,MF,19,2005,8,4,395,4.4,0,1,1,0,0,0,0,0,0.0,0.23,0.23,0.0,0.23,4.4,0,5,1,2,2,2,2,,,0,0,6,1,16.7,1.37,0.23,0.0,0.0,0,0
ITA-Serie A,2425,Monza,Luca Caldirola,ITA,DF,33,1991,14,10,876,9.7,0,0,0,0,0,0,5,0,0.0,0.0,0.0,0.0,0.0,9.7,0,18,16,1,1,11,7,,,0,0,4,2,50.0,0.41,0.21,0.0,0.0,0,0
ITA-Serie A,2425,Monza,Matteo Pessina,ITA,MF,27,1997,11,10,854,9.5,0,0,0,0,0,0,2,0,0.0,0.0,0.0,0.0,0.0,9.5,0,5,13,0,6,11,4,,,0,0,3,0,0.0,0.32,0.0,0.0,,0,0
ITA-Serie A,2425,Monza,Mattia Valoti,ITA,"FW,MF",30,1993,5,0,40,0.4,0,0,0,0,0,0,1,0,0.0,0.0,0.0,0.0,0.0,0.4,0,2,2,0,0,0,3,,,0,0,0,0,,0.0,0.0,,,0,0
ITA-Serie A,2425,Monza,Milan Đurić,BIH,FW,34,1990,18,13,1270,14.1,4,1,5,4,0,0,3,0,0.28,0.07,0.35,0.28,0.35,14.1,0,17,18,5,0,3,1,,,0,4,23,10,43.5,1.63,0.71,0.17,0.4,0,0
ITA-Serie A,2425,Monza,Mirko Marić,CRO,FW,29,1995,8,1,106,1.2,0,0,0,0,0,0,0,0,0.0,0.0,0.0,0.0,0.0,1.2,0,2,2,0,2,1,0,,,0,0,1,0,0.0,0.85,0.0,0.0,,0,0
ITA-Serie A,2425,Monza,Omari Forson,ENG,FW,20,2004,9,1,223,2.5,0,0,0,0,0,0,0,0,0.0,0.0,0.0,0.0,0.0,2.5,0,2,2,1,9,1,3,,,0,0,5,1,20.0,2.02,0.4,0.0,0.0,0,0
ITA-Serie A,2425,Monza,Pablo Marí,ESP,DF,30,1993,19,19,1628,18.1,0,0,0,0,0,0,4,1,0.0,0.0,0.0,0.0,0.0,18.1,1,27,5,0,1,36,14,,,0,0,2,0,0.0,0.11,0.0,0.0,,0,0
ITA-Serie A,2425,Monza,Patrick Ciurria,ITA,MF,29,1995,21,12,1111,12.3,1,1,2,1,0,0,1,0,0.08,0.08,0.16,0.08,0.16,12.3,0,17,11,1,61,8,15,,,0,1,11,2,18.2,0.89,0.16,0.09,0.5,0,0
ITA-Serie A,2425,Monza,Pedro Pereira,POR,"MF,DF",26,1998,35,32,2665,29.6,1,3,4,1,0,0,10,0,0.03,0.1,0.14,0.03,0.14,29.6,0,48,9,0,58,23,30,,,0,1,13,6,46.2,0.44,0.2,0.08,0.17,0,0
ITA-Serie A,2425,Monza,Roberto Gagliardini,ITA,MF,30,1994,8,0,180,2.0,0,0,0,0,0,0,1,0,0.0,0.0,0.0,0.0,0.0,2.0,0,6,7,0,1,2,1,,,0,0,0,0,,0.0,0.0,,,0,0
ITA-Serie A,2425,Monza,Samuele Birindelli,ITA,MF,25,1999,21,18,1468,16.3,3,0,3,3,0,0,2,0,0.18,0.0,0.18,0.18,0.18,16.3,0,16,15,5,65,10,14,,,0,3,15,10,66.7,0.92,0.61,0.2,0.3,0,0
ITA-Serie A,2425,Monza,Samuele Vignato,ITA,MF,20,2004,17,3,470,5.2,0,0,0,0,0,0,0,0,0.0,0.0,0.0,0.0,0.0,5.2,0,3,3,1,14,0,3,,,0,0,4,1,25.0,0.77,0.19,0.0,0.0,0,0
ITA-Serie A,2425,Monza,Semuel Pizzignacco,ITA,GK,22,2001,9,8,736,8.2,0,0,0,0,0,0,0,0,0.0,0.0,0.0,0.0,0.0,8.2,0,0,2,0,0,0,0,,,1,0,0,0,,0.0,0.0,,,0,0
ITA-Serie A,2425,Monza,Silvère Ganvoula,CGO,FW,28,1996,7,4,326,3.6,0,0,0,0,0,0,0,0,0.0,0.0,0.0,0.0,0.0,3.6,0,4,8,1,0,1,0,,,0,0,4,1,25.0,1.1,0.28,0.0,0.0,0,0
ITA-Serie A,2425,Monza,Stefan Lekovic,SRB,DF,20,2004,7,3,367,4.1,0,0,0,0,0,0,0,0,0.0,0.0,0.0,0.0,0.0,4.1,0,5,3,0,0,8,4,,,1,0,3,0,0.0,0.74,0.0,0.0,,0,0
ITA-Serie A,2425,Monza,Stefano Sensi,ITA,MF,28,1995,12,2,274,3.0,1,0,1,0,1,1,0,0,0.33,0.0,0.33,0.0,0.0,3.0,0,3,6,0,12,3,5,,,0,1,7,2,28.6,2.3,0.66,0.0,0.0,1,1
ITA-Serie A,2425,Monza,Stefano Turati,ITA,GK,22,2001,30,30,2676,29.7,0,0,0,0,0,0,1,0,0.0,0.0,0.0,0.0,0.0,29.7,0,0,12,0,0,0,0,,,0,0,0,0,,0.0,0.0,,,0,0
ITA-Serie A,2425,Monza,Tomás Palacios,ARG,DF,21,2003,8,5,446,5.0,0,0,0,0,0,0,2,0,0.0,0.0,0.0,0.0,0.0,5.0,0,2,10,1,1,9,5,,,0,0,1,0,0.0,0.2,0.0,0.0,,0,0
ITA-Serie A,2425,Monza,Warren Bondo,FRA,MF,20,2003,20,19,1618,18.0,0,0,0,0,0,0,5,1,0.0,0.0,0.0,0.0,0.0,18.0,1,31,36,1,7,6,25,,,0,0,13,1,7.7,0.72,0.06,0.0,0.0,0,0
ITA-Serie A,2425,Napoli,Alessandro Buongiorno,ITA,DF,25,1999,22,22,1924,21.4,1,0,1,1,0,0,2,0,0.05,0.0,0.05,0.05,0.05,21.4,0,17,21,1,2,33,23,,,0,1,8,4,50.0,0.37,0.19,0.13,0.25,0,0
ITA-Serie A,2425,Napoli,Alessio Zerbin,ITA,"FW,MF",25,1999,2,0,2,0.0,0,0,0,0,0,0,0,0,0.0,0.0,0.0,0.0,0.0,0.0,0,0,0,0,0,0,1,,,0,0,0,0,,0.0,0.0,,,0,0
ITA-Serie A,2425,Napoli,Alex Meret,ITA,GK,27,1997,34,34,3005,33.4,0,0,0,0,0,0,0,0,0.0,0.0,0.0,0.0,0.0,33.4,0,1,4,0,0,0,0,,,1,0,0,0,,0.0,0.0,,,0,0
ITA-Serie A,2425,Napoli,Amir Rrahmani,KVX,DF,30,1994,38,38,3406,37.8,1,3,4,1,0,0,2,0,0.03,0.08,0.11,0.03,0.11,37.8,0,42,16,0,1,27,30,,,1,1,28,4,14.3,0.74,0.11,0.04,0.25,0,0
ITA-Serie A,2425,Napoli,Billy Gilmour,SCO,MF,23,2001,26,13,1177,13.1,0,1,1,0,0,0,0,0,0.0,0.08,0.08,0.0,0.08,13.1,0,14,16,0,18,9,14,,,0,0,9,1,11.1,0.69,0.08,0.0,0.0,0,0
ITA-Serie A,2425,Napoli,Cyril Ngonge,BEL,FW,24,2000,18,1,216,2.4,0,0,0,0,0,0,2,0,0.0,0.0,0.0,0.0,0.0,2.4,0,8,14,1,11,2,5,,,0,0,13,6,46.2,5.42,2.5,0.0,0.0,0,0
ITA-Serie A,2425,Napoli,David Neres,BRA,FW,27,1997,28,13,1283,14.3,2,4,6,2,0,0,1,0,0.14,0.28,0.42,0.14,0.42,14.3,0,14,10,4,92,7,11,,,0,2,29,7,24.1,2.03,0.49,0.07,0.29,0,0
ITA-Serie A,2425,Napoli,Elia Caprile,ITA,GK,22,2001,4,3,325,3.6,0,0,0,0,0,0,0,0,0.0,0.0,0.0,0.0,0.0,3.6,0,0,0,0,0,0,0,,,0,0,0,0,,0.0,0.0,,,0,0
ITA-Serie A,2425,Napoli,Frank Anguissa,CMR,MF,28,1995,35,32,2852,31.7,6,4,10,6,0,0,5,0,0.19,0.13,0.32,0.19,0.32,31.7,0,39,36,2,23,34,26,,,0,6,44,13,29.5,1.39,0.41,0.14,0.46,0,0
ITA-Serie A,2425,Napoli,Giacomo Raspadori,ITA,"FW,MF",24,2000,26,11,1103,12.3,6,1,7,6,0,0,1,0,0.49,0.08,0.57,0.49,0.57,12.3,0,12,20,1,67,3,9,,,0,6,42,14,33.3,3.43,1.14,0.14,0.43,0,0
ITA-Serie A,2425,Napoli,Giovanni Di Lorenzo,ITA,DF,30,1993,37,37,3330,37.0,3,2,5,3,0,0,6,0,0.08,0.05,0.14,0.08,0.14,37.0,0,46,52,5,63,31,43,,,0,3,21,6,28.6,0.57,0.16,0.14,0.5,0,0
ITA-Serie A,2425,Napoli,Giovanni Simeone,ARG,FW,29,1995,30,1,419,4.7,1,1,2,1,0,0,1,0,0.21,0.21,0.43,0.21,0.43,4.7,0,7,16,2,3,1,0,,,0,1,13,3,23.1,2.79,0.64,0.08,0.33,0,0
ITA-Serie A,2425,Napoli,Juan Jesus,BRA,DF,33,1991,15,12,1074,11.9,0,1,1,0,0,0,2,0,0.0,0.08,0.08,0.0,0.08,11.9,0,14,5,0,0,9,15,,,0,0,3,0,0.0,0.25,0.0,0.0,,0,0
ITA-Serie A,2425,Napoli,Khvicha Kvaratskhelia,GEO,"FW,MF",23,2001,17,15,1178,13.1,5,3,8,4,1,1,1,0,0.38,0.23,0.61,0.31,0.53,13.1,0,12,33,0,50,4,9,,,0,5,49,17,34.7,3.74,1.3,0.08,0.24,1,1
ITA-Serie A,2425,Napoli,Leonardo Spinazzola,ITA,"DF,MF",31,1993,27,17,1517,16.9,1,1,2,1,0,0,1,0,0.06,0.06,0.12,0.06,0.12,16.9,0,6,12,1,65,9,10,,,0,1,13,4,30.8,0.77,0.24,0.08,0.25,0,0
ITA-Serie A,2425,Napoli,Mathías Olivera,URU,DF,26,1997,32,26,2370,26.3,0,2,2,0,0,0,4,0,0.0,0.08,0.08,0.0,0.08,26.3,0,28,22,2,22,25,36,,,0,0,16,2,12.5,0.61,0.08,0.0,0.0,0,0
ITA-Serie A,2425,Napoli,Matteo Politano,ITA,"FW,MF",30,1993,37,34,2804,31.2,3,4,7,3,0,0,3,0,0.1,0.13,0.22,0.1,0.22,31.2,0,14,31,6,229,13,16,,,0,3,56,14,25.0,1.8,0.45,0.05,0.21,0,0
ITA-Serie A,2425,Napoli,Michael Folorunsho,ITA,"FW,MF",26,1998,6,0,35,0.4,0,0,0,0,0,0,0,0,0.0,0.0,0.0,0.0,0.0,0.4,0,2,1,0,0,0,2,,,0,0,1,0,0.0,2.57,0.0,0.0,,0,0
ITA-Serie A,2425,Napoli,Noah Okafor,SUI,"FW,MF",24,2000,4,0,40,0.4,0,0,0,0,0,0,0,0,0.0,0.0,0.0,0.0,0.0,0.4,0,2,1,0,3,0,2,,,0,0,1,0,0.0,2.25,0.0,0.0,,0,0
ITA-Serie A,2425,Napoli,Pasquale Mazzocchi,ITA,"MF,DF",29,1995,20,7,702,7.8,0,0,0,0,0,0,3,0,0.0,0.0,0.0,0.0,0.0,7.8,0,9,5,1,12,5,7,,,0,0,3,1,33.3,0.38,0.13,0.0,0.0,0,0
ITA-Serie A,2425,Napoli,Philip Billing,DEN,MF,28,1996,10,1,197,2.2,1,0,1,1,0,0,1,0,0.46,0.0,0.46,0.46,0.46,2.2,0,10,1,0,2,4,6,,,0,1,6,3,50.0,2.74,1.37,0.17,0.33,0,0
ITA-Serie A,2425,Napoli,Rafa Marín,ESP,DF,22,2002,4,1,142,1.6,0,0,0,0,0,0,1,0,0.0,0.0,0.0,0.0,0.0,1.6,0,2,1,0,0,1,0,,,0,0,2,1,50.0,1.27,0.63,0.0,0.0,0,0
ITA-Serie A,2425,Napoli,Romelu Lukaku,BEL,FW,31,1993,36,35,2843,31.6,14,10,24,11,3,4,4,0,0.44,0.32,0.76,0.35,0.66,31.6,0,47,36,24,4,1,2,,,0,14,64,24,37.5,2.03,0.76,0.17,0.46,3,4
ITA-Serie A,2425,Napoli,Scott McTominay,SCO,MF,27,1996,34,33,2938,32.6,12,4,16,12,0,0,3,0,0.37,0.12,0.49,0.37,0.49,32.6,0,45,60,5,11,23,23,,,0,12,76,33,43.4,2.33,1.01,0.16,0.36,0,0
ITA-Serie A,2425,Napoli,Simone Scuffet,ITA,GK,28,1996,1,1,90,1.0,0,0,0,0,0,0,0,0,0.0,0.0,0.0,0.0,0.0,1.0,0,0,0,0,0,0,0,,,0,0,0,0,,0.0,0.0,,,0,0
ITA-Serie A,2425,Napoli,Stanislav Lobotka,SVK,MF,29,1994,32,31,2636,29.3,0,1,1,0,0,0,3,0,0.0,0.03,0.03,0.0,0.03,29.3,0,24,31,0,3,21,32,,,0,0,7,0,0.0,0.24,0.0,0.0,,0,0
ITA-Serie A,2425,Napoli,Walid Cheddira,MAR,FW,26,1998,1,0,12,0.1,0,0,0,0,0,0,0,0,0.0,0.0,0.0,0.0,0.0,0.1,0,0,0,0,0,0,0,,,0,0,0,0,,0.0,0.0,,,0,0
ITA-Serie A,2425,Parma,Adrian Benedyczak,POL,MF,23,2000,9,2,214,2.4,0,0,0,0,0,0,0,0,0.0,0.0,0.0,0.0,0.0,2.4,0,4,5,1,1,0,0,,,0,0,3,0,0.0,1.26,0.0,0.0,,0,0
ITA-Serie A,2425,Parma,Adrian Bernabe,ESP,MF,23,2001,21,18,1453,16.1,1,1,2,1,0,0,1,0,0.06,0.06,0.12,0.06,0.12,16.1,0,9,36,0,29,7,19,,,0,1,27,5,18.5,1.67,0.31,0.04,0.2,0,0
ITA-Serie A,2425,Parma,Alessandro Circati,AUS,DF,20,2003,6,6,540,6.0,0,0,0,0,0,0,1,0,0.0,0.0,0.0,0.0,0.0,6.0,0,4,5,0,0,4,5,,,0,0,2,0,0.0,0.33,0.0,0.0,,0,0
ITA-Serie A,2425,Parma,Alessandro Vogliacco,ITA,DF,25,1998,10,10,772,8.6,0,0,0,0,0,0,2,0,0.0,0.0,0.0,0.0,0.0,8.6,0,10,5,0,2,4,3,,,1,0,1,1,100.0,0.12,0.12,0.0,0.0,0,0
ITA-Serie A,2425,Parma,Ange-Yoan Bonny,CIV,FW,20,2003,37,30,2529,28.1,6,4,10,4,2,2,2,0,0.21,0.14,0.36,0.14,0.28,28.1,0,20,47,14,14,3,18,,,0,6,64,22,34.4,2.28,0.78,0.06,0.18,2,2
ITA-Serie A,2425,Parma,Antoine Hainaut,FRA,"DF,MF",22,2002,25,10,1206,13.4,2,0,2,2,0,0,4,0,0.15,0.0,0.15,0.15,0.15,13.4,0,13,16,1,26,15,13,,,0,2,6,3,50.0,0.45,0.22,0.33,0.67,0,0
ITA-Serie A,2425,Parma,Botond Balogh,HUN,DF,22,2002,29,23,2053,22.8,0,1,1,0,0,0,5,0,0.0,0.04,0.04,0.0,0.04,22.8,0,17,7,0,1,25,17,,,0,0,3,0,0.0,0.13,0.0,0.0,,0,0
ITA-Serie A,2425,Parma,Dennis Man,ROU,"MF,FW",25,1998,33,23,1995,22.2,4,4,8,4,0,0,0,0,0.18,0.18,0.36,0.18,0.36,22.2,0,8,17,4,33,8,6,,,0,4,49,20,40.8,2.21,0.9,0.08,0.2,0,0
ITA-Serie A,2425,Parma,Drissa Camara,CIV,FW,22,2002,21,1,447,5.0,0,0,0,0,0,0,3,0,0.0,0.0,0.0,0.0,0.0,5.0,0,17,17,1,5,4,7,,,0,0,15,5,33.3,3.02,1.01,0.0,0.0,0,0
ITA-Serie A,2425,Parma,Emanuele Valeri,ITA,"DF,MF",25,1998,35,34,2873,31.9,2,6,8,1,1,1,1,0,0.06,0.19,0.25,0.03,0.22,31.9,0,28,26,0,129,30,32,,,0,2,27,5,18.5,0.85,0.16,0.04,0.2,1,1
ITA-Serie A,2425,Parma,Enrico Delprato,ITA,"DF,MF",24,1999,34,32,2947,32.7,4,0,4,4,0,0,8,0,0.12,0.0,0.12,0.12,0.12,32.7,0,20,17,0,16,17,17,,,0,4,12,5,41.7,0.37,0.15,0.33,0.8,0,0
ITA-Serie A,2425,Parma,Gabriel Charpentier,CGO,FW,25,1999,10,0,271,3.0,1,2,3,1,0,0,1,0,0.33,0.66,1.0,0.33,1.0,3.0,0,13,10,0,2,0,3,,,0,1,9,4,44.4,2.99,1.33,0.11,0.25,0,0
ITA-Serie A,2425,Parma,Giovanni Leoni,ITA,DF,17,2006,17,14,1199,13.3,1,0,1,1,0,0,3,1,0.08,0.0,0.08,0.08,0.08,13.3,0,11,9,0,3,16,9,,,0,1,2,1,50.0,0.15,0.08,0.5,1.0,0,0
ITA-Serie A,2425,Parma,Hernani,BRA,MF,30,1994,25,15,1327,14.7,3,3,6,0,3,3,7,0,0.2,0.2,0.41,0.0,0.2,14.7,0,33,25,1,33,19,26,,,0,3,20,6,30.0,1.36,0.41,0.0,0.0,3,3
ITA-Serie A,2425,Parma,Jacob Ondrejka,SWE,MF,21,2002,12,3,422,4.7,5,0,5,5,0,0,0,0,1.07,0.0,1.07,1.07,1.07,4.7,0,1,8,0,16,7,5,,,0,5,14,10,71.4,2.99,2.13,0.36,0.5,0,0
ITA-Serie A,2425,Parma,Lautaro Valenti,ARG,DF,25,1999,20,18,1556,17.3,1,0,1,1,0,0,6,1,0.06,0.0,0.06,0.06,0.06,17.3,1,24,7,0,2,13,12,,,0,1,7,2,28.6,0.4,0.12,0.14,0.5,0,0
ITA-Serie A,2425,Parma,Leandro Chichizola,ARG,GK,34,1990,1,1,90,1.0,0,0,0,0,0,0,0,0,0.0,0.0,0.0,0.0,0.0,1.0,0,0,0,0,0,0,0,,,0,0,0,0,,0.0,0.0,,,0,0
ITA-Serie A,2425,Parma,Mandela Keita,BEL,MF,22,2002,30,24,1826,20.3,0,2,2,0,0,0,6,1,0.0,0.1,0.1,0.0,0.1,20.3,1,29,33,1,0,17,25,,,0,0,5,4,80.0,0.25,0.2,0.0,0.0,0,0
ITA-Serie A,2425,Parma,Mateo Pellegrino,ARG,FW,23,2001,13,8,737,8.2,3,1,4,3,0,0,2,0,0.37,0.12,0.49,0.37,0.49,8.2,0,27,16,0,4,1,2,,,0,3,22,9,40.9,2.69,1.1,0.14,0.33,0,0
ITA-Serie A,2425,Parma,Mateusz Kowalski,POL,MF,19,2005,1,1,56,0.6,0,0,0,0,0,0,0,0,0.0,0.0,0.0,0.0,0.0,0.6,0,1,0,0,0,0,0,,,0,0,1,0,0.0,1.61,0.0,0.0,,0,0
ITA-Serie A,2425,Parma,Mathias Løvik,NOR,"DF,MF",20,2003,6,0,92,1.0,0,0,0,0,0,0,0,0,0.0,0.0,0.0,0.0,0.0,1.0,0,2,0,0,3,2,1,,,0,0,1,0,0.0,0.98,0.0,0.0,,0,0
ITA-Serie A,2425,Parma,Matteo Cancellieri,ITA,"MF,FW",22,2002,27,19,1424,15.8,3,0,3,3,0,0,2,1,0.19,0.0,0.19,0.19,0.19,15.8,0,26,41,2,22,13,14,,,0,3,22,7,31.8,1.39,0.44,0.14,0.43,0,0
ITA-Serie A,2425,Parma,Milan Đurić,BIH,FW,34,1990,9,3,268,3.0,1,0,1,1,0,0,1,0,0.34,0.0,0.34,0.34,0.34,3.0,0,2,6,1,0,0,0,,,0,1,5,1,20.0,1.68,0.34,0.2,1.0,0,0
ITA-Serie A,2425,Parma,Mohamed Haj,TUN,MF,19,2005,15,3,453,5.0,1,2,3,1,0,0,4,0,0.2,0.4,0.6,0.2,0.6,5.0,0,6,11,0,7,3,1,,,0,1,7,3,42.9,1.39,0.6,0.14,0.33,0,0
ITA-Serie A,2425,Parma,Nahuel Estévez,ARG,MF,28,1995,14,7,657,7.3,0,0,0,0,0,0,3,0,0.0,0.0,0.0,0.0,0.0,7.3,0,9,9,0,15,3,7,,,0,0,5,1,20.0,0.68,0.14,0.0,0.0,0,0
ITA-Serie A,2425,Parma,Pontus Almqvist,SWE,"FW,MF",25,1999,29,10,1112,12.4,1,1,2,1,0,0,5,0,0.08,0.08,0.16,0.08,0.16,12.4,0,15,15,2,11,20,14,,,0,1,26,10,38.5,2.1,0.81,0.04,0.1,0,0
ITA-Serie A,2425,Parma,Simon Sohm,SUI,MF,23,2001,37,36,2989,33.2,4,0,4,4,0,0,6,0,0.12,0.0,0.12,0.12,0.12,33.2,0,19,30,1,15,26,16,,,0,4,34,13,38.2,1.02,0.39,0.12,0.31,0,0
ITA-Serie A,2425,Parma,Valentin Mihaila,ROU,"MF,FW",24,2000,21,16,1288,14.3,0,3,3,0,0,0,2,0,0.0,0.21,0.21,0.0,0.21,14.3,0,17,20,1,33,7,15,,,0,0,31,11,35.5,2.17,0.77,0.0,0.0,0,0
ITA-Serie A,2425,Parma,Woyo Coulibaly,MLI,DF,25,1999,14,12,1084,12.0,0,1,1,0,0,0,1,1,0.0,0.08,0.08,0.0,0.08,12.0,0,12,12,1,5,9,9,,,1,0,3,0,0.0,0.25,0.0,0.0,,0,0
ITA-Serie A,2425,Parma,Wylan Cyprien,FRA,MF,29,1995,2,0,28,0.3,0,0,0,0,0,0,0,0,0.0,0.0,0.0,0.0,0.0,0.3,0,0,0,0,0,2,0,,,0,0,1,0,0.0,3.21,0.0,0.0,,0,0
ITA-Serie A,2425,Parma,Yordan Osorio,VEN,DF,30,1994,3,2,172,1.9,0,0,0,0,0,0,0,0,0.0,0.0,0.0,0.0,0.0,1.9,0,5,2,0,0,4,2,,,0,0,1,0,0.0,0.52,0.0,0.0,,0,0
ITA-Serie A,2425,Parma,Zion Suzuki,JPN,GK,21,2002,37,37,3314,36.8,0,0,0,0,0,0,2,1,0.0,0.0,0.0,0.0,0.0,36.8,1,3,6,0,0,0,0,,,0,0,0,0,,0.0,0.0,,,0,0
ITA-Serie A,2425,Roma,Alexis Saelemaekers,BEL,"MF,FW",25,1999,22,17,1389,15.4,7,3,10,7,0,0,4,0,0.45,0.19,0.65,0.45,0.65,15.4,0,13,30,0,52,9,20,,,0,7,25,12,48.0,1.62,0.78,0.28,0.58,0,0
ITA-Serie A,2425,Roma,Anass Salah-Eddine,MAR,MF,22,2002,3,2,152,1.7,0,1,1,0,0,0,0,0,0.0,0.59,0.59,0.0,0.59,1.7,0,2,1,0,6,1,1,,,0,0,2,1,50.0,1.18,0.59,0.0,0.0,0,0
ITA-Serie A,2425,Roma,Angeliño,ESP,"MF,DF",27,1997,38,36,3177,35.3,2,1,3,2,0,0,1,0,0.06,0.03,0.08,0.06,0.08,35.3,0,32,33,5,119,28,24,,,0,2,24,6,25.0,0.68,0.17,0.08,0.33,0,0
ITA-Serie A,2425,Roma,Artem Dovbyk,UKR,FW,27,1997,32,27,2418,26.9,12,2,14,10,2,2,0,0,0.45,0.07,0.52,0.37,0.45,26.9,0,30,16,22,1,2,1,,,0,12,63,27,42.9,2.34,1.0,0.16,0.37,2,2
ITA-Serie A,2425,Roma,Bryan Cristante,ITA,MF,29,1995,30,23,2045,22.7,4,2,6,4,0,0,8,0,0.18,0.09,0.26,0.18,0.26,22.7,0,37,9,0,15,18,29,,,0,4,30,7,23.3,1.32,0.31,0.13,0.57,0,0
ITA-Serie A,2425,Roma,Devyne Rensch,NED,"MF,DF",21,2003,14,5,469,5.2,0,1,1,0,0,0,0,0,0.0,0.19,0.19,0.0,0.19,5.2,0,1,7,1,11,6,12,,,0,0,3,2,66.7,0.58,0.38,0.0,0.0,0,0
ITA-Serie A,2425,Roma,Eldor Shomurodov,UZB,FW,29,1995,27,11,1097,12.2,4,4,8,4,0,0,1,0,0.33,0.33,0.66,0.33,0.66,12.2,0,14,7,3,6,3,6,,,0,4,29,14,48.3,2.38,1.15,0.14,0.29,0,0
ITA-Serie A,2425,Roma,Enzo Le Fée,FRA,MF,24,2000,6,4,318,3.5,0,0,0,0,0,0,1,0,0.0,0.0,0.0,0.0,0.0,3.5,0,6,5,0,7,5,4,,,0,0,4,2,50.0,1.13,0.57,0.0,0.0,0,0
ITA-Serie A,2425,Roma,Gianluca Mancini,ITA,DF,28,1996,37,36,3143,34.9,2,0,2,2,0,0,8,0,0.06,0.0,0.06,0.06,0.06,34.9,0,49,34,6,32,33,26,,,0,2,22,7,31.8,0.63,0.2,0.09,0.29,0,0
ITA-Serie A,2425,Roma,Leandro Paredes,ARG,MF,30,1994,22,15,1373,15.3,3,1,4,1,2,2,4,0,0.2,0.07,0.26,0.07,0.13,15.3,0,15,16,0,57,20,14,,,0,3,26,9,34.6,1.7,0.59,0.04,0.11,2,2
ITA-Serie A,2425,Roma,Lorenzo Pellegrini,ITA,MF,28,1996,25,20,1626,18.1,2,1,3,1,1,1,4,0,0.11,0.06,0.17,0.06,0.11,18.1,0,26,26,4,49,6,16,,,0,2,42,14,33.3,2.32,0.77,0.02,0.07,1,1
ITA-Serie A,2425,Roma,Lucas Gourna-Douath,FRA,MF,20,2003,6,2,229,2.5,0,0,0,0,0,0,2,0,0.0,0.0,0.0,0.0,0.0,2.5,0,9,5,1,2,0,4,,,0,0,3,0,0.0,1.18,0.0,0.0,,0,0
ITA-Serie A,2425,Roma,Manu Koné,FRA,MF,23,2001,34,31,2572,28.6,2,1,3,2,0,0,6,0,0.07,0.03,0.1,0.07,0.1,28.6,0,27,86,2,2,26,26,,,0,2,34,9,26.5,1.19,0.31,0.06,0.22,0,0
ITA-Serie A,2425,Roma,Mario Hermoso,ESP,DF,29,1995,8,2,251,2.8,0,0,0,0,0,0,2,1,0.0,0.0,0.0,0.0,0.0,2.8,1,7,1,0,3,4,1,,,0,0,1,0,0.0,0.36,0.0,0.0,,0,0
ITA-Serie A,2425,Roma,Mats Hummels,GER,DF,35,1988,14,11,915,10.2,0,0,0,0,0,0,1,0,0.0,0.0,0.0,0.0,0.0,10.2,0,10,4,0,2,25,13,,,1,0,8,1,12.5,0.79,0.1,0.0,0.0,0,0
ITA-Serie A,2425,Roma,Matìas Soulé,ARG,MF,21,2003,27,22,1781,19.8,5,5,10,5,0,0,3,0,0.25,0.25,0.51,0.25,0.51,19.8,0,12,36,1,87,11,16,,,0,5,42,14,33.3,2.12,0.71,0.12,0.36,0,0
ITA-Serie A,2425,Roma,Mile Svilar,SRB,GK,24,1999,38,38,3420,38.0,0,0,0,0,0,0,1,0,0.0,0.0,0.0,0.0,0.0,38.0,0,0,8,0,0,0,0,,,0,0,1,0,0.0,0.03,0.0,0.0,,0,0
ITA-Serie A,2425,Roma,Niccolò Pisilli,ITA,MF,19,2004,28,11,1227,13.6,2,1,3,2,0,0,7,0,0.15,0.07,0.22,0.15,0.22,13.6,0,19,13,1,10,11,12,,,0,2,27,8,29.6,1.98,0.59,0.07,0.25,0,0
ITA-Serie A,2425,Roma,Nicola Zalewski,POL,MF,22,2002,12,4,533,5.9,0,0,0,0,0,0,0,0,0.0,0.0,0.0,0.0,0.0,5.9,0,2,13,1,28,5,6,,,0,0,5,0,0.0,0.84,0.0,0.0,,0,0
ITA-Serie A,2425,Roma,Obite N'Dicka,CIV,DF,24,1999,38,38,3420,38.0,0,1,1,0,0,0,2,0,0.0,0.03,0.03,0.0,0.03,38.0,0,37,23,1,0,35,27,,,0,0,18,5,27.8,0.47,0.13,0.0,0.0,0,0
ITA-Serie A,2425,Roma,Paulo Dybala,ARG,"FW,MF",30,1993,24,16,1417,15.7,6,3,9,3,3,3,2,0,0.38,0.19,0.57,0.19,0.38,15.7,0,6,60,6,62,2,7,,,0,6,50,19,38.0,3.18,1.21,0.06,0.16,3,3
ITA-Serie A,2425,Roma,Samuel Dahl,SWE,DF,21,2003,2,0,43,0.5,0,0,0,0,0,0,0,0,0.0,0.0,0.0,0.0,0.0,0.5,0,2,0,0,1,0,2,,,0,0,0,0,,0.0,0.0,,,0,0
ITA-Serie A,2425,Roma,Saud Abdulhamid,KSA,MF,25,1999,4,2,205,2.3,0,1,1,0,0,0,0,0,0.0,0.44,0.44,0.0,0.44,2.3,0,2,5,0,7,2,2,,,0,0,1,0,0.0,0.44,0.0,0.0,,0,0
ITA-Serie A,2425,Roma,Stephan El Shaarawy,ITA,"MF,FW",31,1992,31,12,1098,12.2,3,4,7,3,0,0,2,0,0.25,0.33,0.57,0.25,0.57,12.2,0,7,14,5,27,10,12,,,0,3,28,12,42.9,2.3,0.98,0.11,0.25,0,0
ITA-Serie A,2425,Roma,Tammy Abraham,ENG,FW,26,1997,1,0,1,0.0,0,0,0,0,0,0,0,0,0.0,0.0,0.0,0.0,0.0,0.0,0,0,0,0,0,0,0,,,0,0,0,0,,0.0,0.0,,,0,0
ITA-Serie A,2425,Roma,Tommaso Baldanzi,ITA,"MF,FW",21,2003,31,5,832,9.2,1,1,2,1,0,0,2,0,0.11,0.11,0.22,0.11,0.22,9.2,0,7,16,0,6,6,6,,,0,1,20,4,20.0,2.16,0.43,0.05,0.25,0,0
ITA-Serie A,2425,Roma,Victor Nelsson,DEN,DF,25,1998,4,1,187,2.1,0,0,0,0,0,0,0,0,0.0,0.0,0.0,0.0,0.0,2.1,0,2,5,0,0,2,3,,,0,0,1,0,0.0,0.48,0.0,0.0,,0,0
ITA-Serie A,2425,Roma,Zeki Çelik,TUR,"DF,MF",27,1997,31,27,2256,25.1,0,2,2,0,0,0,5,0,0.0,0.08,0.08,0.0,0.08,25.1,0,31,10,0,42,12,37,,,0,0,13,4,30.8,0.52,0.16,0.0,0.0,0,0
ITA-Serie A,2425,Torino,Aaron Ciammaglichella,ITA,MF,19,2005,1,0,1,0.0,0,0,0,0,0,0,0,0,0.0,0.0,0.0,0.0,0.0,0.0,0,0,0,0,0,0,0,,,0,0,0,0,,0.0,0.0,,,0,0
ITA-Serie A,2425,Torino,Adam Masina,MAR,DF,30,1994,28,20,1919,21.3,1,2,3,1,0,0,5,0,0.05,0.09,0.14,0.05,0.14,21.3,0,23,18,2,14,26,15,,,0,1,7,2,28.6,0.33,0.09,0.14,0.5,0,0
ITA-Serie A,2425,Torino,Adrien Tameze,CMR,"MF,DF",30,1994,20,9,649,7.2,0,0,0,0,0,0,3,0,0.0,0.0,0.0,0.0,0.0,7.2,0,8,4,0,9,5,3,,,0,0,7,3,42.9,0.97,0.42,0.0,0.0,0,0
ITA-Serie A,2425,Torino,Alberto Paleari,ITA,GK,31,1992,1,1,90,1.0,0,0,0,0,0,0,0,0,0.0,0.0,0.0,0.0,0.0,1.0,0,0,1,0,0,0,0,,,0,0,0,0,,0.0,0.0,,,0,0
ITA-Serie A,2425,Torino,Alessio Cacciamani,ITA,MF,17,2007,2,0,31,0.3,0,0,0,0,0,0,0,0,0.0,0.0,0.0,0.0,0.0,0.3,0,0,0,0,3,1,0,,,0,0,0,0,,0.0,0.0,,,0,0
ITA-Serie A,2425,Torino,Ali Dembélé,FRA,DF,20,2004,15,4,388,4.3,1,0,1,1,0,0,4,1,0.23,0.0,0.23,0.23,0.23,4.3,1,9,7,0,7,1,5,,,0,1,5,2,40.0,1.16,0.46,0.2,0.5,0,0
ITA-Serie A,2425,Torino,Alieu Njie,SWE,FW,19,2005,16,0,394,4.4,1,0,1,1,0,0,1,0,0.23,0.0,0.23,0.23,0.23,4.4,0,12,12,2,6,0,1,,,0,1,9,5,55.6,2.06,1.14,0.11,0.2,0,0
ITA-Serie A,2425,Torino,Antonio Sanabria,PAR,FW,28,1996,26,16,1318,14.6,2,1,3,2,0,1,2,0,0.14,0.07,0.2,0.14,0.2,14.6,0,16,14,1,0,1,3,,,0,2,19,4,21.1,1.3,0.27,0.11,0.5,0,1
ITA-Serie A,2425,Torino,Borna Sosa,CRO,"MF,DF",26,1998,19,14,1181,13.1,0,0,0,0,0,0,0,0,0.0,0.0,0.0,0.0,0.0,13.1,0,12,7,1,52,12,16,,,0,0,4,1,25.0,0.3,0.08,0.0,0.0,0,0
ITA-Serie A,2425,Torino,Cesare Casadei,ITA,MF,21,2003,15,13,1017,11.3,1,1,2,1,0,0,1,0,0.09,0.09,0.18,0.09,0.18,11.3,0,16,10,0,2,5,5,,,0,1,14,7,50.0,1.24,0.62,0.07,0.14,0,0
ITA-Serie A,2425,Torino,Ché Adams,SCO,FW,28,1996,36,30,2652,29.5,9,3,12,9,0,1,2,0,0.31,0.1,0.41,0.31,0.41,29.5,0,29,40,23,10,1,6,,,0,9,64,26,40.6,2.17,0.88,0.14,0.35,0,1
ITA-Serie A,2425,Torino,Cristiano Biraghi,ITA,DF,31,1992,15,13,1158,12.9,0,0,0,0,0,0,0,0,0.0,0.0,0.0,0.0,0.0,12.9,0,9,12,2,106,7,10,,,1,0,10,1,10.0,0.78,0.08,0.0,0.0,0,0
ITA-Serie A,2425,Torino,Duván Zapata,COL,FW,33,1991,7,7,587,6.5,3,0,3,3,0,0,1,0,0.46,0.0,0.46,0.46,0.46,6.5,0,10,8,2,3,2,5,,,0,3,21,10,47.6,3.22,1.53,0.14,0.3,0,0
ITA-Serie A,2425,Torino,Elif Elmas,MKD,"MF,FW",24,1999,13,12,1021,11.3,4,0,4,4,0,0,0,0,0.35,0.0,0.35,0.35,0.35,11.3,0,13,14,2,23,4,8,,,0,4,19,10,52.6,1.67,0.88,0.21,0.4,0,0
ITA-Serie A,2425,Torino,Guillermo Maripán,CHI,DF,30,1994,28,27,2340,26.0,1,1,2,1,0,0,4,1,0.04,0.04,0.08,0.04,0.08,26.0,0,29,8,1,1,38,23,,,0,1,12,5,41.7,0.46,0.19,0.08,0.2,0,0
ITA-Serie A,2425,Torino,Gvidas Gineitis,LTU,MF,20,2004,30,15,1430,15.9,3,1,4,3,0,0,5,0,0.19,0.06,0.25,0.19,0.25,15.9,0,23,23,2,50,18,15,,,0,3,29,8,27.6,1.83,0.5,0.1,0.38,0,0
ITA-Serie A,2425,Torino,Ivan Ilić,SRB,MF,23,2001,19,9,920,10.2,1,0,1,1,0,0,4,0,0.1,0.0,0.1,0.1,0.1,10.2,0,11,22,1,27,5,2,,,0,1,11,4,36.4,1.08,0.39,0.09,0.25,0,0
ITA-Serie A,2425,Torino,Karol Linetty,POL,MF,29,1995,28,18,1540,17.1,1,0,1,1,0,0,6,0,0.06,0.0,0.06,0.06,0.06,17.1,0,39,14,0,3,9,22,,,0,1,17,4,23.5,0.99,0.23,0.06,0.25,0,0
ITA-Serie A,2425,Torino,Marcus Pedersen,NOR,"MF,DF",24,2000,29,15,1362,15.1,0,0,0,0,0,0,3,0,0.0,0.0,0.0,0.0,0.0,15.1,0,16,4,4,56,13,8,,,0,0,8,3,37.5,0.53,0.2,0.0,0.0,0,0
ITA-Serie A,2425,Torino,Mërgim Vojvoda,KVX,"DF,MF",29,1995,17,12,1105,12.3,0,0,0,0,0,0,4,0,0.0,0.0,0.0,0.0,0.0,12.3,0,13,4,1,40,8,10,,,0,0,5,0,0.0,0.41,0.0,0.0,,0,0
ITA-Serie A,2425,Torino,Nikola Vlašić,CRO,"MF,FW",26,1997,30,23,2117,23.5,5,4,9,3,2,2,0,0,0.21,0.17,0.38,0.13,0.3,23.5,0,28,26,6,25,8,17,,,0,5,32,12,37.5,1.36,0.51,0.09,0.25,2,2
ITA-Serie A,2425,Torino,Raoul Bellanova,ITA,MF,24,2000,1,1,87,1.0,0,0,0,0,0,0,0,0,0.0,0.0,0.0,0.0,0.0,1.0,0,1,1,0,5,0,0,,,0,0,1,0,0.0,1.03,0.0,0.0,,0,0
ITA-Serie A,2425,Torino,Saba Sazonov,GEO,DF,22,2002,1,0,3,0.0,0,0,0,0,0,0,0,0,0.0,0.0,0.0,0.0,0.0,0.0,0,0,0,0,0,0,0,,,0,0,0,0,,0.0,0.0,,,0,0
ITA-Serie A,2425,Torino,Samuele Ricci,ITA,MF,22,2001,34,34,2825,31.4,1,1,2,1,0,0,8,1,0.03,0.03,0.06,0.03,0.06,31.4,0,38,70,0,30,27,21,,,0,1,22,7,31.8,0.7,0.22,0.05,0.14,0,0
ITA-Serie A,2425,Torino,Saúl Coco,EQG,DF,25,1999,32,32,2845,31.6,2,0,2,2,0,0,10,0,0.06,0.0,0.06,0.06,0.06,31.6,0,53,19,0,2,36,27,,,1,2,20,6,30.0,0.63,0.19,0.1,0.33,0,0
ITA-Serie A,2425,Torino,Sebastian Walukiewicz,POL,DF,24,2000,29,20,1661,18.5,0,0,0,0,0,0,6,0,0.0,0.0,0.0,0.0,0.0,18.5,0,29,7,1,24,17,20,,,0,0,6,1,16.7,0.33,0.05,0.0,0.0,0,0
ITA-Serie A,2425,Torino,Sergiu Perciun,MDA,MF,18,2006,5,0,152,1.7,0,0,0,0,0,0,0,0,0.0,0.0,0.0,0.0,0.0,1.7,0,3,4,0,5,1,2,,,0,0,2,1,50.0,1.18,0.59,0.0,0.0,0,0
ITA-Serie A,2425,Torino,Tommaso Gabellini,ITA,FW,17,2006,1,0,10,0.1,0,0,0,0,0,0,0,0,0.0,0.0,0.0,0.0,0.0,0.1,0,0,0,0,0,0,0,,,0,0,1,0,0.0,9.0,0.0,0.0,,0,0
ITA-Serie A,2425,Torino,Valentino Lazaro,AUT,MF,28,1996,33,26,2307,25.6,0,6,6,0,0,0,6,0,0.0,0.23,0.23,0.0,0.23,25.6,0,30,13,2,142,10,12,,,0,0,16,2,12.5,0.62,0.08,0.0,0.0,0,0
ITA-Serie A,2425,Torino,Vanja Milinković-Savić,SRB,GK,27,1997,37,37,3330,37.0,0,0,0,0,0,0,3,0,0.0,0.0,0.0,0.0,0.0,37.0,0,1,10,0,0,0,0,,,0,0,0,0,,0.0,0.0,,,0,0
ITA-Serie A,2425,Torino,Yann Karamoh,FRA,"MF,FW",26,1998,29,10,1046,11.6,0,1,1,0,0,0,2,0,0.0,0.09,0.09,0.0,0.09,11.6,0,12,14,4,24,3,2,,,0,0,25,6,24.0,2.15,0.52,0.0,0.0,0,0
ITA-Serie A,2425,Udinese,Alexis Sánchez,CHI,FW,35,1988,13,6,437,4.9,0,0,0,0,0,0,0,0,0.0,0.0,0.0,0.0,0.0,4.9,0,4,11,4,9,4,1,,,0,0,7,0,0.0,1.44,0.0,0.0,,0,0
ITA-Serie A,2425,Udinese,Arthur Atta,FRA,"MF,FW",21,2003,27,12,1251,13.9,0,1,1,0,0,0,5,0,0.0,0.07,0.07,0.0,0.07,13.9,0,15,14,1,24,7,10,,,0,0,26,7,26.9,1.87,0.5,0.0,0.0,0,0
ITA-Serie A,2425,Udinese,Brenner,BRA,"MF,FW",24,2000,9,5,386,4.3,1,2,3,1,0,0,0,0,0.23,0.47,0.7,0.23,0.7,4.3,0,0,5,0,11,1,4,,,0,1,7,4,57.1,1.63,0.93,0.14,0.25,0,0
ITA-Serie A,2425,Udinese,Christian Kabasele,BEL,DF,33,1991,16,12,1161,12.9,2,0,2,2,0,0,0,0,0.16,0.0,0.16,0.16,0.16,12.9,0,20,16,0,2,14,9,,,0,2,15,4,26.7,1.16,0.31,0.13,0.5,0,0
ITA-Serie A,2425,Udinese,Damián Pizarro,CHI,FW,19,2005,2,0,16,0.2,0,0,0,0,0,0,0,0,0.0,0.0,0.0,0.0,0.0,0.2,0,0,0,0,0,0,0,,,0,0,0,0,,0.0,0.0,,,0,0
ITA-Serie A,2425,Udinese,Daniele Padelli,ITA,GK,38,1985,1,1,90,1.0,0,0,0,0,0,0,0,0,0.0,0.0,0.0,0.0,0.0,1.0,0,0,0,0,0,0,0,,,0,0,0,0,,0.0,0.0,,,0,0
ITA-Serie A,2425,Udinese,Enzo Ebosse,CMR,DF,25,1999,2,0,90,1.0,0,0,0,0,0,0,1,0,0.0,0.0,0.0,0.0,0.0,1.0,0,1,0,0,0,1,0,,,0,0,0,0,,0.0,0.0,,,0,0
ITA-Serie A,2425,Udinese,Florian Thauvin,FRA,"FW,MF",31,1993,25,24,1956,21.7,8,3,11,7,1,3,0,0,0.37,0.14,0.51,0.32,0.46,21.7,0,10,27,3,165,7,14,,,0,8,54,27,50.0,2.48,1.24,0.13,0.26,1,3
ITA-Serie A,2425,Udinese,Hassane Kamara,CIV,"MF,DF",30,1994,30,25,2001,22.2,1,4,5,1,0,0,8,1,0.04,0.18,0.22,0.04,0.22,22.2,1,25,22,1,107,28,25,,,0,1,17,3,17.6,0.76,0.13,0.06,0.33,0,0
ITA-Serie A,2425,Udinese,Iker Bravo,ESP,FW,19,2005,29,4,682,7.6,2,1,3,2,0,0,3,0,0.26,0.13,0.4,0.26,0.4,7.6,0,12,10,2,8,1,5,,,0,2,13,4,30.8,1.72,0.53,0.15,0.5,0,0
ITA-Serie A,2425,Udinese,Jaka Bijol,SVN,DF,25,1999,34,34,2963,32.9,1,0,1,1,0,0,13,1,0.03,0.0,0.03,0.03,0.03,32.9,1,49,8,2,2,36,26,,,1,1,19,6,31.6,0.58,0.18,0.05,0.17,0,0
ITA-Serie A,2425,Udinese,James Abankwah,IRL,DF,20,2004,6,0,88,1.0,0,0,0,0,0,0,1,0,0.0,0.0,0.0,0.0,0.0,1.0,0,4,3,0,0,1,1,,,0,0,1,0,0.0,1.02,0.0,0.0,,0,0
ITA-Serie A,2425,Udinese,Jesper Karlström,SWE,MF,29,1995,37,36,3186,35.4,0,3,3,0,0,0,9,0,0.0,0.08,0.08,0.0,0.08,35.4,0,41,25,1,15,35,34,,,0,0,13,2,15.4,0.37,0.06,0.0,0.0,0,0
ITA-Serie A,2425,Udinese,Jordan Zemura,ZIM,"MF,DF",24,1999,23,13,1415,15.7,1,2,3,1,0,0,2,0,0.06,0.13,0.19,0.06,0.19,15.7,0,21,7,2,39,17,15,,,0,1,14,3,21.4,0.89,0.19,0.07,0.33,0,0
ITA-Serie A,2425,Udinese,Jurgen Ekkelenkamp,NED,MF,24,2000,34,20,1892,21.0,3,2,5,3,0,0,2,0,0.14,0.1,0.24,0.14,0.24,21.0,0,29,14,2,13,12,25,,,0,3,26,9,34.6,1.24,0.43,0.12,0.33,0,0
ITA-Serie A,2425,Udinese,Keinan Davis,ENG,FW,26,1998,23,10,1066,11.8,2,1,3,2,0,0,2,0,0.17,0.08,0.25,0.17,0.25,11.8,0,24,12,8,3,1,5,,,0,2,29,11,37.9,2.45,0.93,0.07,0.18,0,0
ITA-Serie A,2425,Udinese,Kingsley Ehizibue,NED,"MF,DF",29,1995,33,30,2498,27.8,0,1,1,0,0,0,5,0,0.0,0.04,0.04,0.0,0.04,27.8,0,33,33,5,60,23,35,,,0,0,14,4,28.6,0.5,0.14,0.0,0.0,0,0
ITA-Serie A,2425,Udinese,Lautaro Gianetti,ARG,DF,30,1993,15,11,878,9.8,1,0,1,1,0,0,4,0,0.1,0.0,0.1,0.1,0.1,9.8,0,7,0,0,0,15,11,,,2,1,2,2,100.0,0.21,0.21,0.5,0.5,0,0
ITA-Serie A,2425,Udinese,Lorenzo Lucca,ITA,FW,23,2000,33,27,2353,26.1,12,1,13,11,1,1,10,0,0.46,0.04,0.5,0.42,0.46,26.1,0,65,55,16,5,6,6,,,0,12,66,26,39.4,2.52,0.99,0.17,0.42,1,1
ITA-Serie A,2425,Udinese,Maduka Okoye,NGA,GK,24,1999,25,25,2250,25.0,0,0,0,0,0,0,1,0,0.0,0.0,0.0,0.0,0.0,25.0,0,0,1,0,0,0,0,,,1,0,0,0,,0.0,0.0,,,0,0
ITA-Serie A,2425,Udinese,Martín Payero,ARG,MF,25,1998,25,16,1381,15.3,1,1,2,1,0,0,5,0,0.07,0.07,0.13,0.07,0.13,15.3,0,35,39,0,39,13,15,,,0,1,31,5,16.1,2.02,0.33,0.03,0.2,0,0
ITA-Serie A,2425,Udinese,Matteo Palma,GER,DF,16,2008,1,0,5,0.1,0,0,0,0,0,0,0,0,0.0,0.0,0.0,0.0,0.0,0.1,0,1,0,0,0,0,0,,,0,0,0,0,,0.0,0.0,,,0,0
ITA-Serie A,2425,Udinese,Nehuén Pérez,ARG,DF,24,2000,2,2,180,2.0,0,0,0,0,0,0,0,0,0.0,0.0,0.0,0.0,0.0,2.0,0,3,2,0,0,1,1,,,0,0,0,0,,0.0,0.0,,,0,0
ITA-Serie A,2425,Udinese,Oier Zarraga,ESP,MF,25,1999,22,9,896,10.0,1,0,1,1,0,0,0,0,0.1,0.0,0.1,0.1,0.1,10.0,0,12,6,0,19,2,13,,,0,1,6,1,16.7,0.6,0.1,0.17,1.0,0,0
ITA-Serie A,2425,Udinese,Oumar Solet,FRA,DF,24,2000,19,19,1672,18.6,1,2,3,1,0,0,3,1,0.05,0.11,0.16,0.05,0.16,18.6,1,17,14,0,9,16,19,,,0,1,12,7,58.3,0.65,0.38,0.08,0.14,0,0
ITA-Serie A,2425,Udinese,Razvan Sava,ROU,GK,22,2002,12,12,1080,12.0,0,0,0,0,0,0,1,0,0.0,0.0,0.0,0.0,0.0,12.0,0,1,1,0,0,0,0,,,0,0,0,0,,0.0,0.0,,,0,0
ITA-Serie A,2425,Udinese,Rui Modesto,ANG,MF,24,1999,20,4,608,6.8,0,1,1,0,0,0,1,0,0.0,0.15,0.15,0.0,0.15,6.8,0,10,5,1,26,8,12,,,0,0,3,2,66.7,0.44,0.3,0.0,0.0,0,0
ITA-Serie A,2425,Udinese,Sandi Lovrić,SVN,MF,26,1998,36,31,2308,25.6,2,3,5,2,0,0,5,0,0.08,0.12,0.19,0.08,0.19,25.6,0,54,34,0,89,22,30,,,0,2,49,12,24.5,1.91,0.47,0.04,0.17,0,0
ITA-Serie A,2425,Udinese,Simone Pafundi,ITA,FW,18,2006,9,0,116,1.3,0,0,0,0,0,0,0,0,0.0,0.0,0.0,0.0,0.0,1.3,0,1,6,0,13,0,3,,,0,0,2,1,50.0,1.55,0.78,0.0,0.0,0,0
ITA-Serie A,2425,Udinese,Souleymane Touré,FRA,DF,21,2003,12,11,733,8.1,1,0,1,1,0,0,2,2,0.12,0.0,0.12,0.12,0.12,8.1,0,15,6,1,6,9,6,,,1,1,4,2,50.0,0.49,0.25,0.25,0.5,0,0
ITA-Serie A,2425,Udinese,Thomas Kristensen,DEN,DF,22,2002,24,19,1754,19.5,1,0,1,1,0,0,5,0,0.05,0.0,0.05,0.05,0.05,19.5,0,31,3,1,10,21,20,,,0,1,4,1,25.0,0.21,0.05,0.25,1.0,0,0
ITA-Serie A,2425,Venezia,Alessandro Marcandalli,ITA,DF,21,2002,8,5,354,3.9,0,0,0,0,0,0,2,0,0.0,0.0,0.0,0.0,0.0,3.9,0,9,0,0,0,2,6,,,0,0,2,1,50.0,0.51,0.25,0.0,0.0,0,0
ITA-Serie A,2425,Venezia,Alessio Zerbin,ITA,MF,25,1999,18,17,1518,16.9,1,1,2,1,0,0,4,0,0.06,0.06,0.12,0.06,0.12,16.9,0,36,36,3,75,15,30,,,0,1,16,6,37.5,0.95,0.36,0.06,0.17,0,0
ITA-Serie A,2425,Venezia,Alfred Duncan,GHA,MF,31,1993,16,12,957,10.6,0,0,0,0,0,0,2,0,0.0,0.0,0.0,0.0,0.0,10.6,0,22,11,0,17,7,9,,,0,0,15,4,26.7,1.41,0.38,0.0,0.0,0,0
ITA-Serie A,2425,Venezia,Antonio Candela,ITA,"MF,DF",24,2000,14,12,1008,11.2,0,1,1,0,0,0,2,0,0.0,0.09,0.09,0.0,0.09,11.2,0,15,5,0,21,8,21,,,1,0,5,0,0.0,0.45,0.0,0.0,,0,0
ITA-Serie A,2425,Venezia,Antonio Raimondo,ITA,FW,20,2004,9,0,94,1.0,0,0,0,0,0,0,0,0,0.0,0.0,0.0,0.0,0.0,1.0,0,2,1,1,1,0,1,,,0,0,1,1,100.0,0.96,0.96,0.0,0.0,0,0
ITA-Serie A,2425,Venezia,Bjarki Bjarkason,ISL,MF,24,2000,9,1,165,1.8,0,0,0,0,0,0,2,0,0.0,0.0,0.0,0.0,0.0,1.8,0,2,8,0,7,3,2,,,0,0,0,0,,0.0,0.0,,,0,0
ITA-Serie A,2425,Venezia,Cheick Oumar Conde,GUI,MF,24,2000,9,1,151,1.7,0,0,0,0,0,0,2,0,0.0,0.0,0.0,0.0,0.0,1.7,0,5,4,0,0,3,6,,,0,0,1,0,0.0,0.6,0.0,0.0,,0,0
ITA-Serie A,2425,Venezia,Christian Gytkjær,DEN,FW,34,1990,29,6,754,8.4,2,1,3,1,1,1,0,0,0.24,0.12,0.36,0.12,0.24,8.4,0,11,5,7,0,1,4,,,0,2,18,6,33.3,2.15,0.72,0.06,0.17,1,1
ITA-Serie A,2425,Venezia,Daniel Fila,CZE,FW,21,2002,10,6,492,5.5,2,0,2,2,0,0,3,1,0.37,0.0,0.37,0.37,0.37,5.5,1,13,7,3,0,0,1,,,0,2,8,6,75.0,1.46,1.1,0.25,0.33,0,0
ITA-Serie A,2425,Venezia,Domen Črnigoj,SVN,MF,28,1995,8,1,136,1.5,0,0,0,0,0,0,0,0,0.0,0.0,0.0,0.0,0.0,1.5,0,2,4,0,2,4,2,,,0,0,1,0,0.0,0.66,0.0,0.0,,0,0
ITA-Serie A,2425,Venezia,Fali Candé,GNB,DF,26,1998,17,17,1530,17.0,1,1,2,1,0,0,4,0,0.06,0.06,0.12,0.06,0.12,17.0,0,24,21,0,7,16,19,,,0,1,5,2,40.0,0.29,0.12,0.2,0.5,0,0
ITA-Serie A,2425,Venezia,Filip Stankovic,SRB,GK,22,2002,16,16,1367,15.2,0,0,0,0,0,0,1,0,0.0,0.0,0.0,0.0,0.0,15.2,0,0,1,0,0,0,0,,,0,0,0,0,,0.0,0.0,,,0,0
ITA-Serie A,2425,Venezia,Francesco Zampano,ITA,MF,30,1993,24,17,1639,18.2,1,2,3,1,0,0,5,0,0.05,0.11,0.16,0.05,0.16,18.2,0,24,19,5,49,6,21,,,0,1,7,4,57.1,0.38,0.22,0.14,0.25,0,0
ITA-Serie A,2425,Venezia,Franco Carboni,ITA,MF,21,2003,8,3,226,2.5,0,0,0,0,0,0,2,0,0.0,0.0,0.0,0.0,0.0,2.5,0,3,2,0,8,0,4,,,0,0,1,0,0.0,0.4,0.0,0.0,,0,0
ITA-Serie A,2425,Venezia,Gaetano Oristanio,ITA,"FW,MF",21,2002,37,29,2315,25.7,3,3,6,3,0,0,3,0,0.12,0.12,0.23,0.12,0.23,25.7,0,50,71,11,56,7,14,,,0,3,44,12,27.3,1.71,0.47,0.07,0.25,0,0
ITA-Serie A,2425,Venezia,Gianluca Busio,USA,MF,22,2002,33,28,2518,28.0,2,0,2,2,0,0,4,0,0.07,0.0,0.07,0.07,0.07,28.0,0,26,44,4,30,18,30,,,0,2,36,7,19.4,1.29,0.25,0.06,0.29,0,0
ITA-Serie A,2425,Venezia,Giorgio Altare,ITA,DF,25,1998,12,8,753,8.4,0,0,0,0,0,0,2,0,0.0,0.0,0.0,0.0,0.0,8.4,0,10,2,0,7,18,12,,,1,0,3,1,33.3,0.36,0.12,0.0,0.0,0,0
ITA-Serie A,2425,Venezia,Hans Nicolussi Caviglia,ITA,MF,24,2000,35,33,2861,31.8,4,2,6,4,0,0,7,1,0.13,0.06,0.19,0.13,0.19,31.8,1,50,38,0,69,29,29,,,0,4,53,20,37.7,1.67,0.63,0.08,0.2,0,0
ITA-Serie A,2425,Venezia,Ionuț Radu,ROU,GK,27,1997,15,15,1350,15.0,0,0,0,0,0,0,1,0,0.0,0.0,0.0,0.0,0.0,15.0,0,0,1,0,0,0,0,,,0,0,0,0,,0.0,0.0,,,0,0
ITA-Serie A,2425,Venezia,Issa Doumbia,ITA,MF,20,2003,24,10,939,10.4,0,0,0,0,0,0,0,0,0.0,0.0,0.0,0.0,0.0,10.4,0,18,12,0,10,9,8,,,0,0,16,5,31.3,1.53,0.48,0.0,0.0,0,0
ITA-Serie A,2425,Venezia,Jay Idzes,IDN,DF,24,2000,35,35,3127,34.7,1,0,1,1,0,0,5,0,0.03,0.0,0.03,0.03,0.03,34.7,0,50,12,3,6,28,30,,,0,1,15,3,20.0,0.43,0.09,0.07,0.33,0,0
ITA-Serie A,2425,Venezia,Jesse Joronen,FIN,GK,31,1993,8,7,703,7.8,0,0,0,0,0,0,0,0,0.0,0.0,0.0,0.0,0.0,7.8,0,1,0,0,0,0,0,,,1,0,0,0,,0.0,0.0,,,0,0
ITA-Serie A,2425,Venezia,Joel Pohjanpalo,FIN,FW,29,1994,20,19,1603,17.8,6,0,6,3,3,4,1,0,0.34,0.0,0.34,0.17,0.17,17.8,0,12,15,10,3,4,3,,,0,6,38,17,44.7,2.13,0.95,0.08,0.18,3,4
ITA-Serie A,2425,Venezia,John Yeboah,ECU,"FW,MF",24,2000,33,11,1226,13.6,1,1,2,1,0,0,6,0,0.07,0.07,0.15,0.07,0.15,13.6,0,14,21,4,26,4,3,,,0,1,30,10,33.3,2.2,0.73,0.03,0.1,0,0
ITA-Serie A,2425,Venezia,Joël Schingtienne,BEL,DF,21,2002,16,12,1122,12.5,0,0,0,0,0,0,2,0,0.0,0.0,0.0,0.0,0.0,12.5,0,7,1,0,0,11,17,,,0,0,0,0,,0.0,0.0,,,0,0
ITA-Serie A,2425,Venezia,Kike Pérez,ESP,MF,27,1997,16,13,1114,12.4,1,0,1,1,0,0,4,0,0.08,0.0,0.08,0.08,0.08,12.4,0,31,16,1,48,11,25,,,0,1,13,7,53.8,1.05,0.57,0.08,0.14,0,0
ITA-Serie A,2425,Venezia,Magnus Kofod Andersen,DEN,MF,25,1999,14,7,695,7.7,1,1,2,1,0,0,1,0,0.13,0.13,0.26,0.13,0.26,7.7,0,7,5,0,16,6,4,,,0,1,8,2,25.0,1.04,0.26,0.13,0.5,0,0
ITA-Serie A,2425,Venezia,Marin Šverko,CRO,DF,26,1998,16,12,1117,12.4,1,0,1,1,0,0,3,0,0.08,0.0,0.08,0.08,0.08,12.4,0,9,10,0,2,15,9,,,0,1,3,1,33.3,0.24,0.08,0.33,1.0,0,0
ITA-Serie A,2425,Venezia,Michael Svoboda,AUT,DF,25,1998,16,15,1314,14.6,1,0,1,1,0,0,1,0,0.07,0.0,0.07,0.07,0.07,14.6,0,6,11,0,2,22,16,,,0,1,4,4,100.0,0.27,0.27,0.25,0.25,0,0
ITA-Serie A,2425,Venezia,Mikael Ellertsson,ISL,MF,22,2002,36,29,2470,27.4,2,2,4,2,0,0,2,0,0.07,0.07,0.15,0.07,0.15,27.4,0,22,43,2,28,15,27,,,0,2,21,5,23.8,0.77,0.18,0.1,0.4,0,0
ITA-Serie A,2425,Venezia,Mirko Marić,CRO,FW,29,1995,10,4,356,4.0,0,0,0,0,0,0,0,0,0.0,0.0,0.0,0.0,0.0,4.0,0,3,4,3,3,1,3,,,0,0,6,1,16.7,1.52,0.25,0.0,0.0,0,0
ITA-Serie A,2425,Venezia,Nicholas Pierini,ITA,"FW,MF",25,1998,2,0,83,0.9,0,0,0,0,0,0,0,0,0.0,0.0,0.0,0.0,0.0,0.9,0,1,2,0,3,0,0,,,0,0,1,0,0.0,1.08,0.0,0.0,,0,0
ITA-Serie A,2425,Venezia,Nunzio Lella,ITA,MF,24,2000,1,0,5,0.1,0,0,0,0,0,0,0,0,0.0,0.0,0.0,0.0,0.0,0.1,0,1,1,0,0,0,0,,,0,0,0,0,,0.0,0.0,,,0,0
ITA-Serie A,2425,Venezia,Richie Sagrado,BEL,"MF,DF",20,2004,3,3,140,1.6,0,0,0,0,0,0,1,0,0.0,0.0,0.0,0.0,0.0,1.6,0,2,2,0,0,3,2,,,0,0,1,0,0.0,0.64,0.0,0.0,,0,0
ITA-Serie A,2425,Venezia,Ridgeciano Haps,SUR,"MF,DF",31,1993,25,14,1369,15.2,1,1,2,1,0,0,3,0,0.07,0.07,0.13,0.07,0.13,15.2,0,14,15,1,26,8,16,,,0,1,15,3,20.0,0.99,0.2,0.07,0.33,0,0
ITA-Serie A,2425,Venezia,Saad El Haddad,MAR,MF,19,2005,3,0,30,0.3,0,0,0,0,0,0,0,0,0.0,0.0,0.0,0.0,0.0,0.3,0,1,1,0,0,0,0,,,0,0,0,0,,0.0,0.0,,,0,0
